ID,COMMENT,Model1_Prediction,Model1_Prediction_ID,Model1_Confidence,Model3_Prediction,Model3_Prediction_ID,Model3_Confidence,Model5_Prediction,Model5_Prediction_ID,Model5_Confidence,Final_Ensemble_Label,Final_Ensemble_Label_ID,Final_Confidence,Weighted_Ensemble_Label,Weighted_Ensemble_Label_ID,Weighted_Confidence,AGAINST_Probability,Weighted_AGAINST_Probability,AGAINST_Votes,FAVOR_Probability,Weighted_FAVOR_Probability,FAVOR_Votes,NONE_Probability,Weighted_NONE_Probability,NONE_Votes,Agreement,Agreement_Type
1,"পৃথিবীর নৃত্য এবং অনন্ত আকাশের মধ্যে, ফিসফিস করে অনুরোধ, এক বিষণ্ণ ক্রন্দন। আমরা যে উষ্ণতা খুঁজছি, আমরা যে জ্বালানি পোড়াচ্ছি, একটি পাঠ আমাদের শেখার জন্য আহ্বান জানায়। প্রকৃতির আরও নিকটবর্তী হলে, আমরা কোমলভাবে চলব, এবং ক্ষতি ছড়িয়ে পড়া পথটি মেরামত করে। তার বাহুবলে, এত বিশাল, এত সত্য, পৃথিবী নিরাময় হবে-এবং আপনিও।",NONE,2,0.94645685,FAVOR,1,0.865023,FAVOR,1,0.97610646,FAVOR,1,0.6295092,FAVOR,1,0.6256882,0.0054746983,0.005520018,0,0.6295092,0.6256882,2,0.36501607,0.36879182,1,2,2/3 Majority
2,"ধন্যবাদ, আপনার করা সমস্ত কিছুর জন্য এবং আপনি যে কাজ চালিয়ে যাচ্ছেন তার জন্য বিল। আপনি আমাদের সেরা রাষ্ট্রপতি জো বাইডেনের দ্বারা সম্মানসূচক পদক, সর্বোচ্চ পদক পেয়েছেন। নমস্কার, মার্কিন যুক্তরাষ্ট্রের ডালাস, টেক্সাস থেকে বলছি। শান্তি এবং ভালোবাসা।",NONE,2,0.67937374,NONE,2,0.5324691,NONE,2,0.9921778,NONE,2,0.7346735,NONE,2,0.73140395,0.098870255,0.10012274,0,0.16645624,0.16847335,0,0.7346735,0.73140395,3,3,3/3 Unanimous
3,"এটি বায়ুমণ্ডলে কার্বন ডাই-অক্সাইডের ২৫০ ডিগ্রি উপরে, পৃথিবীর গড় তাপমাত্রা মাত্র ৭৬ ডিগ্রি। কার্বন ডাই অক্সাইডের নিচে ১৭৪ ডিগ্রি বেশি ঠাণ্ডা, তাতে উষ্ণতা নেই। যদি CO২ পৃথিবীকে উষ্ণ করে তুলত, তাহলে CO২ এর নীচে গরম হত, কিন্তু তা নয়। বিকিরণ স্থানান্তরের জন্য শোয়ার্জশিল্ডের সমীকরণ আমাদের বলে যে যে কোনও রশ্মির তীব্রতা শোষণকারী অণুর সংখ্যার সমানুপাতিক যা রশ্মি অবশ্যই অতিক্রম করবে। কার্বন ডাই-অক্সাইড সূর্যের বিকিরিত তাপ শোষণ করে যাকে ইনফ্রারেড (আইআর) বলা হয়। বাতাসে অধিক পরিমাণে কার্বন ডাই-অক্সাইড পৃথিবীকে উষ্ণ না করে সূর্যের তাপ শোষণ করে নেবে। বাতাসে অধিক পরিমাণে কার্বন ডাই-অক্সাইড সহ পৃথিবীর পৃষ্ঠতলে সূর্যের থেকে কম তাপ পাওয়ার ফলে তা কম তাপ নির্গত করবে এবং গ্রিনহাউজ প্রভাব হ্রাস করবে।",AGAINST,0,0.6560783,NONE,2,0.9750591,AGAINST,0,0.9085627,AGAINST,0,0.52806276,AGAINST,0,0.5229919,0.52806276,0.5229919,2,0.009711643,0.009774488,0,0.46222568,0.46723363,1,2,2/3 Majority
4,জলবায়ু-পরিবর্তক দেবতা-পাথর জানে যে পৃথিবীর দুটি প্রধান ভূমিকম্পের স্থানান্তর এবং দুটি প্রধান ৫০ বছরের চক্র রয়েছে। ১-চক্র পৃথিবীকে টেকটনিক প্লেটগুলিকে বন্ধ করে দিয়েছে ২-চক্র পৃথিবীকে উন্মুক্ত করে এবং টেকটনিক প্লেটগুলিকে বন্ধ করে দেয়।,AGAINST,0,0.9874178,AGAINST,0,0.93092006,AGAINST,0,0.94253045,AGAINST,0,0.95362276,AGAINST,0,0.9537277,0.95362276,0.9537277,3,0.0018148232,0.0018375514,0,0.044562403,0.044434704,0,3,3/3 Unanimous
5,আমার শিক্ষক আমাকে বলেছিলেন যে প্রতি ১০০ বছরে পৃথিবীর তাপমাত্রা ১ ডিগ্রি সেলসিয়াস বৃদ্ধি পায়।,NONE,2,0.977413,NONE,2,0.9748351,AGAINST,0,0.72322387,NONE,2,0.74278873,NONE,2,0.7485606,0.25479332,0.24899736,1,0.0024180103,0.0024419958,0,0.74278873,0.7485606,2,2,2/3 Majority
6,আমি এটি আমার আঞ্চলিক স্তরের বক্তৃতা উপস্থাপনার জন্য প্রস্তুত করেছি।,NONE,2,0.9975835,NONE,2,0.9626745,NONE,2,0.6724126,NONE,2,0.87755686,NONE,2,0.88007486,0.008310675,0.008181705,0,0.114132464,0.11174341,0,0.87755686,0.88007486,3,3,3/3 Unanimous
7,"তিনি একদম ঠিক বলেছেন, আমি বিল নাইস এবং আল গোরের সমন্বিত একটি জলবায়ু পরিবর্তন ভিডিও দেখতে চাই।",AGAINST,0,0.8695035,NONE,2,0.82081234,AGAINST,0,0.82892287,AGAINST,0,0.6215047,AGAINST,0,0.61853695,0.6215047,0.61853695,2,0.017093927,0.017205957,0,0.36140135,0.36425704,1,2,2/3 Majority
8,কেন এটি সংবাদ হচ্ছে যে জলবায়ু এক মিলিয়ন বছরেরও বেশি সময় ধরে পরিবর্তিত হচ্ছে এবং মানুষ যা-ই করুক না কেন তা অব্যাহত থাকবে।,AGAINST,0,0.99928254,AGAINST,0,0.98492986,AGAINST,0,0.99837047,AGAINST,0,0.99419427,AGAINST,0,0.9941344,0.99419427,0.9941344,3,0.0029173766,0.0029539093,0,0.0028882965,0.0029116236,0,3,3/3 Unanimous
9,কেন তাঁকে একজন বিজ্ঞানপ্রেমী হিসেবে গ্রহণ করা হচ্ছে? উনি একজন যান্ত্রিক প্রকৌশলী মাত্র। যদি তিনি সেতু বা বাড়ি নির্মাণের বিষয়ে কথা বলতে চান তবে তিনি একজন বিশেষজ্ঞ।,AGAINST,0,0.76705027,NONE,2,0.72427756,NONE,2,0.58354247,NONE,2,0.50708824,NONE,2,0.506434,0.3926443,0.39319178,1,0.10026749,0.10037415,0,0.50708824,0.506434,2,2,2/3 Majority
10,"কার্বন ডাই অক্সাইড আমাদের বায়ুমণ্ডলে বিদ্যমান। প্রতি মিলিয়ন ৪০০ অংশ। এক মিলিয়ন কণা: ৭৮০ হাজার নাইট্রোজেন, ২১০ হাজার অক্সিজেন, ৯ হাজার আর্গন এবং এই কণাগুলির মধ্যে ৪০০টি কার্বন ডাই অক্সাইড। উদ্ভিদগুলি কার্বন ডাই অক্সাইডের উপর নির্ভরশীল।",NONE,2,0.95740354,NONE,2,0.8648617,NONE,2,0.9900169,NONE,2,0.93742734,NONE,2,0.93672395,0.03963085,0.040117573,0,0.022941796,0.023158522,0,0.93742734,0.93672395,3,3,3/3 Unanimous
11,স্কুল আপনাকে কার্যত ভার্চুয়াল মাধ্যমে বাধ্য করার জন্য আপনি এটি দেখছেন।,NONE,2,0.9431882,NONE,2,0.9813772,NONE,2,0.91682756,NONE,2,0.947131,NONE,2,0.9475277,0.04371648,0.043285884,0,0.009152544,0.009186432,0,0.947131,0.9475277,3,3,3/3 Unanimous
12,২০২৪ সালে স্কুল পাঠের জন্য কে এইটি দেখছেন?,NONE,2,0.9559888,NONE,2,0.9877963,NONE,2,0.98156667,NONE,2,0.97511727,NONE,2,0.97505563,0.0026161943,0.0026035048,0,0.022266552,0.022340864,0,0.97511727,0.97505563,3,3,3/3 Unanimous
13,"আমি এই অনুমানটি প্রত্যাখ্যান করছি কারণ এটি তাপীয় গতিশীলতার মৌলিক নিয়মাবলী লঙ্ঘন করে। যদি মডেলটি মারাত্মকভাবে ত্রুটিপূর্ণ হয় তবে আমাকে মেরু ভালুক বা গাছের আংটির সংখ্যা গণনা করতে হবে না। এটি সম্পূর্ণরূপে রাজনৈতিক বা আবেগঘন নয়। এটি কেবল মৌলিক বিজ্ঞান। আমি কেন মানুষ এটি ব্যবহার করে সে বিষয়ে উদ্বিগ্ন নই। আপনি সে বিষয়ে বিতর্ক করতে পারেন। আসল বিষয়টি হল, এটি দুর্বল বিজ্ঞান, চলুন এগিয়ে যাওয়া যাক।",AGAINST,0,0.99400795,AGAINST,0,0.9808497,AGAINST,0,0.9703407,AGAINST,0,0.9817328,AGAINST,0,0.98186624,0.9817328,0.98186624,3,0.0036395176,0.0036530383,0,0.014627691,0.014480745,0,3,3/3 Unanimous
14,জলবায়ু পরিবর্তন সত্যিই ভয়াবহ।,FAVOR,1,0.99919766,FAVOR,1,0.98507786,FAVOR,1,0.99620074,FAVOR,1,0.9934921,FAVOR,1,0.9934504,0.0034590347,0.0034913933,0,0.9934921,0.9934504,3,0.003048884,0.0030580985,0,3,3/3 Unanimous
15,"আপনার পাই চার্ট থেকে জলীয় বাষ্প কেন বাদ দেওয়া হয়েছিল? এটি বায়ুমণ্ডলে সর্বাধিক পরিমাণে পাওয়া যায়, তাই না? প্রচারপত্র? এখানে কয়েকটি ব্যর্থ ভবিষ্যদ্বাণী রয়েছে: ২০১৩ সালের মধ্যে আর্কটিক বরফের আবরণ গলে যাবে, ২০০০ সালের মধ্যে নিউ ইয়র্ক ওয়েস্ট হাইওয়ে জলের নিচে চলে যাবে, মেরু ভাল্লুকের বিলুপ্তি (তারা সমৃদ্ধ হচ্ছে), এমটি। কিলিমাঞ্জারো হিমবাহ চলে গেছে, হিমবাহ জাতীয় উদ্যানের হিমবাহ ২০৩০ সালের মধ্যে চলে যাবে, ২০০০ সালের মধ্যে মালদ্বীপে বসবাস করা যাবে না। আপনি কখন কাহিনীটি নিয়ে জিজ্ঞাসাবাদ শুরু করবেন? বাস্তবতার সাথে সামঞ্জস্য রাখার জন্য আপনি কখন আপনার ভবিষ্যদ্বাণীগুলি পরিবর্তন করেন? জলবায়ু পরিবর্তন শিল্প কমপ্লেক্সকে প্রশ্ন করা। তারা কোটি কোটি ডলার নষ্ট করছে।",AGAINST,0,0.9991818,AGAINST,0,0.9526888,NONE,2,0.45850518,AGAINST,0,0.75843245,AGAINST,0,0.76378757,0.75843245,0.76378757,2,0.07574848,0.07399292,0,0.1658191,0.1622195,1,2,2/3 Majority
16,বিজ্ঞান শিল্পে কাজ করা একজন হিসাবে এটি ছদ্মবিজ্ঞান। পৃথিবীর জলবায়ু সর্বদা পরিবর্তিত হচ্ছে। তাছাড়া গত ১৫০ বছরে তাপমাত্রা পরিবর্তিত হয়েছে।০৩ ডিগ্রি সেলসিয়াসে পৃথিবী ক্রমাগত শীতল এবং উষ্ণতার মধ্য দিয়ে যায়।,AGAINST,0,0.9985109,AGAINST,0,0.974307,AGAINST,0,0.9736713,AGAINST,0,0.98216313,AGAINST,0,0.98225427,0.98216313,0.98225427,3,0.0024312518,0.002461061,0,0.015405665,0.015284619,0,3,3/3 Unanimous
17,আমার শেষ প্রয়োজন হল একটি বোটি পরিহিত লাল-কালো রঙের রিমে কী বিশ্বাস করতে হবে তা জানা।,NONE,2,0.98854744,NONE,2,0.95961446,NONE,2,0.96429724,NONE,2,0.9708197,NONE,2,0.97088385,0.01821492,0.018093769,0,0.010965341,0.011022321,0,0.9708197,0.97088385,3,3,3/3 Unanimous
18,"কত ভালো, প্রাক-ঐতিহাসিক সময়ে প্রতি দশ লক্ষে অংশ যেখানে অনেক বেশি ছিল, আজকের তুলনায় ২০ গুণ বেশি ছিল। আমার মনে হয়, পৃথিবী অনেক বড় হয়েছে এবং পৃথিবী অনেক বেশি সবুজ হয়েছে। হয়তো আমাদের লক্ষ লক্ষ লক্ষ লক্ষ গাছ লাগানো শুরু করতে হবে। এটি একটি প্রতারণা। একবার দেখে নিন। এটি জলবায়ু পরিবর্তন সম্পর্কে নয়, এটি সম্পর্কে তারা জনসংখ্যা হ্রাস করতে চায় এবং পরিবর্তে তাদের কাছে কোটি কোটি মানুষের পরিবর্তে লক্ষ লক্ষ লোক থাকবে। আমি যা পড়লাম, তাতে দেখা গেল যে আজকের তুলনায় ২০ গুণ বেশি এবং ১০ ডিগ্রি বেশি উষ্ণতা, যা আমাদের জরুরি অবস্থার ইঙ্গিত দেয় না। আমাদের কাছে কেবল অভিজাত ব্যক্তিবর্গ রয়েছেন যাঁরা আমাদের চলে যেতে চান এবং মস্তিষ্কপ্রণালীপ্রাপ্ত ব্যক্তিরা রয়েছেন যাঁরা বিশ্বাস করেন এবং সত্য জানতে না পারা পর্যন্ত পড়েন না।",AGAINST,0,0.9415353,AGAINST,0,0.9546499,AGAINST,0,0.98569995,AGAINST,0,0.96062833,AGAINST,0,0.96032566,0.96062833,0.96032566,3,0.01401551,0.014167329,0,0.025356114,0.025506975,0,3,3/3 Unanimous
19,উনারা বিল নাই-এর ভূমিকাটি সামনের দিকে রেখে দিতেন।,AGAINST,0,0.7911302,AGAINST,0,0.88421994,NONE,2,0.85936797,AGAINST,0,0.5813967,AGAINST,0,0.5877909,0.5813967,0.5877909,2,0.027607849,0.027065944,0,0.3909955,0.3851431,1,2,2/3 Majority
20,এই ভিডিওটি কে দেখছেন?,NONE,2,0.9907611,NONE,2,0.9776528,NONE,2,0.9200022,NONE,2,0.96280533,NONE,2,0.9633274,0.0046586595,0.0046663904,0,0.03253595,0.03200616,0,0.96280533,0.9633274,3,3,3/3 Unanimous
21,তাঁর রাজনৈতিক বক্তব্যে কিছু বিজ্ঞান ও পদার্থবিদ্যা যুক্ত হলে ভালো হয়।,NONE,2,0.84108436,NONE,2,0.9469928,NONE,2,0.7956401,NONE,2,0.86123914,NONE,2,0.8621111,0.05947185,0.060036127,0,0.079289034,0.07785272,0,0.86123914,0.8621111,3,3,3/3 Unanimous
22,বিদ্যালয়ে থেকে এখানে কে আছেন? আমার মারসেল,NONE,2,0.9733427,NONE,2,0.9736285,NONE,2,0.9879446,NONE,2,0.9783053,NONE,2,0.97818613,0.019190634,0.019297736,0,0.0025040873,0.0025160734,0,0.9783053,0.97818613,3,3,3/3 Unanimous
23,মনে আছে যখন বিল নাইস একটি প্রো অয়েল ডিজনি রাইডে ছিলেন? (এলিন্স এনার্জি অ্যাডভেঞ্চার) তিনি তাঁর মন পরিবর্তন করায় খুশি।,NONE,2,0.6400665,NONE,2,0.9714869,NONE,2,0.9153627,NONE,2,0.84230536,NONE,2,0.84159076,0.019346336,0.019307138,0,0.1383483,0.13910209,0,0.84230536,0.84159076,3,3,3/3 Unanimous
24,"২০২৪ সাল পর্যন্ত, আমাদের হাতে মাত্র এক দশক সময় বাকি।",FAVOR,1,0.881119,FAVOR,1,0.9781603,FAVOR,1,0.9958579,FAVOR,1,0.9517124,FAVOR,1,0.95122164,0.0042548436,0.0043094605,0,0.9517124,0.95122164,3,0.044032723,0.04446884,0,3,3/3 Unanimous
25,বিল নাইস একটি প্রতারণা এবং জলবায়ু পরিবর্তন একটি ভ্রান্ত ধারণা। আমাকে ভুল প্রমাণ করুন।,AGAINST,0,0.6036928,AGAINST,0,0.61925006,AGAINST,0,0.9465371,AGAINST,0,0.72315997,AGAINST,0,0.72040534,0.72315997,0.72040534,3,0.25517157,0.257966,0,0.02166839,0.021628574,0,3,3/3 Unanimous
26,"হ্যাঁ, গ্রহটি উষ্ণ হয়ে উঠছে কারণ আমরা বর্তমানে একটি বরফ যুগের বাইরে এসে আন্তঃহিমবাহ যুগে প্রবেশ করছি। সিও২-এর মাত্রা রেকর্ড নিম্ন স্তরে রয়েছে, পৃথিবীর ইতিহাস জুড়ে বহু যুগে (ক্যামব্রিয়ান, ক্যামব্রিয়ান, ট্রায়াসিক এবং জুরাসিক) এগুলি অনেক বেশি ছিল। বর্তমান সিও২ স্তর প্রতি দশ লক্ষে ৪০০ অংশ (পিপিএম) বা মোট বায়ুমণ্ডলের ০.০৪%। যদি এটি ২০০ পিপিএম-এর নিচে চলে যায়, তবে উদ্ভিদ জীবন সিও২-এর অভাবের কারণে মারা যেতে শুরু করে। ""জলবায়ু পরিবর্তন"" মূলত গ্র্যাণ্ড সোলার মিনিমাম এবং মিলানকোভিচ চক্রের কারণে হয়। কিন্তু, জানেন তো...অভিজাত এবং নির্দিষ্ট কর্পোরেশনগুলিকে সমৃদ্ধ করার জন্য নতুন ""সবুজ"" কর তৈরি করার জন্য ভয়কে চালিয়ে যান...",AGAINST,0,0.9982672,AGAINST,0,0.8866247,AGAINST,0,0.9823814,AGAINST,0,0.9557578,AGAINST,0,0.9553646,0.9557578,0.9553646,3,0.01746416,0.017657537,0,0.026778081,0.02697783,0,3,3/3 Unanimous
27,"আমি বলতে চাইছি, কোটিপতি ব্যক্তি কি করে গণপরিবহনে যাতায়াত করেন? অথবা বিশাল শিল্প কারখানা এবং বিদ্যুৎ কেন্দ্রগুলি যে বায়ুমণ্ডলে নির্গত করছে তা কি বিপরীত দিকে প্রবাহিত হবে?",FAVOR,1,0.69355094,NONE,2,0.9354996,NONE,2,0.9942813,NONE,2,0.73341817,NONE,2,0.73057055,0.0143857105,0.014513748,0,0.25219616,0.25491568,1,0.73341817,0.73057055,2,2,2/3 Majority
28,"লক্ষ লক্ষ মানুষের জন্য আসল অস্তিত্বের হুমকি হল এই ধারণা যে আমাদের জীবন-রক্ষাকারী শক্তি উৎসগুলি বন্ধ করে দেওয়া উচিত কারণ একদল অভিজাত, যারা বিকল্প শক্তিতে প্রচুর বিনিয়োগ করেছে, তারা মানুষকে বোঝিয়েছে যে কার্বন ডাই অক্সাইড পরিবেশের জন্য কীভাবে খারাপ।",AGAINST,0,0.9653608,AGAINST,0,0.62791586,AGAINST,0,0.8074976,AGAINST,0,0.80025816,AGAINST,0,0.7999759,0.80025816,0.7999759,3,0.18226032,0.18278107,0,0.017481554,0.01724303,0,3,3/3 Unanimous
29,"আমার মনে হয় তিনি উচ্চ বিদ্যালয় শেষ করেছেন, তিনি স্মার্ট।",NONE,2,0.9948525,NONE,2,0.9381697,NONE,2,0.9991227,NONE,2,0.97738165,NONE,2,0.9770803,0.02027353,0.020546475,0,0.0023448365,0.0023732265,0,0.97738165,0.9770803,3,3,3/3 Unanimous
30,"জলবায়ু পরিবর্তন এমন একটি ঘটনা যা আমরা বুঝতে পারি না, পৃথিবী সৃষ্টির পর থেকে আমাদের পৃথিবীতে এটি ঘটছে, এই বিষয়ে আমরা কিছুই করতে পারি না, মানবজাতি জলবায়ু পরিবর্তন তৈরি করেনি, এই উদারপন্থীরা কবে জেগে উঠবে!",AGAINST,0,0.99600995,AGAINST,0,0.9857723,AGAINST,0,0.9981805,AGAINST,0,0.99332094,AGAINST,0,0.9932549,0.99332094,0.9932549,3,0.0036681816,0.003712467,0,0.0030109033,0.003032584,0,3,3/3 Unanimous
31,২০২৩ সালের একটি ভিডিওতে আপডেট করা পরিসংখ্যান এবং তথ্য সহ থাকা ভালো হবে। ৭ বছর অতিবাহিত হয়েছে এবং বিশ্ব নীতি নির্ধারকদের মধ্যে খুব বেশি কিছু পরিবর্তন হয়নি … কিন্তু আমরা এখন একটি সত্য জলবায়ু সংকটের মধ্যে রয়েছি।,FAVOR,1,0.9874183,FAVOR,1,0.9749082,FAVOR,1,0.99782676,FAVOR,1,0.98671776,FAVOR,1,0.98657316,0.006578773,0.006667547,0,0.98671776,0.98657316,3,0.006703494,0.006759298,0,3,3/3 Unanimous
32,"জলবায়ু মডেলগুলি যদি ৪০০ শতাংশ বা তার বেশি পরিবর্তিত হয়, তবে এটি কীভাবে মডেল এবং প্রসারে বিজ্ঞানের অনিশ্চয়তাকে উপস্থাপন করে না?",NONE,2,0.82003194,AGAINST,0,0.92428434,NONE,2,0.97148365,NONE,2,0.61669534,NONE,2,0.61187124,0.3743918,0.37916416,1,0.008912856,0.008964512,0,0.61669534,0.61187124,2,2,2/3 Majority
33,আমি প্রথমবার বিল ন্য-এর ভিডিও দেখছি।,NONE,2,0.96918756,NONE,2,0.52570033,NONE,2,0.92322266,NONE,2,0.8060368,NONE,2,0.8043338,0.15292685,0.15488368,0,0.041036267,0.04078243,0,0.8060368,0.8043338,3,3,3/3 Unanimous
34,এটি ছদ্ম বিজ্ঞানীদের কাছ থেকে একটি পিএসএ যারা নিজেদের সত্য বলে মনে করা বিষয়ের প্রতি নিজেদেরকে আবদ্ধ করে রেখেছে। আমরা কিছুই জানি না।,AGAINST,0,0.9990982,AGAINST,0,0.9838637,AGAINST,0,0.99717605,AGAINST,0,0.9933793,AGAINST,0,0.9933236,0.9933793,0.9933236,3,0.0031056926,0.0031443725,0,0.0035150347,0.003532024,0,3,3/3 Unanimous
35,"বিল নাই, বিজ্ঞানের নিচু মানুষ। এটা বাজে কথা, ""ইওসিন থার্মাল ম্যাক্সিমাম ১"" (ইটিএম১) দেখুন।",AGAINST,0,0.8248563,AGAINST,0,0.9526013,AGAINST,0,0.90914184,AGAINST,0,0.89553314,AGAINST,0,0.8954377,0.89553314,0.8954377,3,0.040590547,0.040873285,0,0.06387628,0.06368895,0,3,3/3 Unanimous
36,"আমি ""ওই লোক"" হতে অপছন্দ করি, কিন্তু প্রকৃতপক্ষে, শিল্প প্রায় ৭০% নির্গমন ঘটায়। পুনর্ব্যবহার, মাংস কম খাওয়া এবং শক্তি সংরক্ষণের মতো কাজগুলো আমাদের করা উচিত, আমাদের পরিকাঠামো, বিদ্যুৎ উৎপাদন এবং অন্যান্য শিল্পগুলিকে আরও টেকসই করার জন্য আমাদের সত্যিই চাপ দেওয়া উচিত। তাই এটি এখনও আমাদের উপর নির্ভরশীল, কিন্তু ভিন্নভাবে।",FAVOR,1,0.99034077,FAVOR,1,0.98277813,FAVOR,1,0.9966054,FAVOR,1,0.98990804,FAVOR,1,0.98982096,0.0024121357,0.0024417874,0,0.98990804,0.98982096,3,0.0076797646,0.0077372864,0,3,3/3 Unanimous
37,"সমাজ বিজ্ঞানের উপর এত বিশ্বাস করে যে, তবুও তারা বাথরুম কী ব্যবহার করবে তা জানে না।",NONE,2,0.9809326,NONE,2,0.81611216,FAVOR,1,0.83771,NONE,2,0.64219946,NONE,2,0.6484476,0.013633583,0.013399847,0,0.34416696,0.33815262,1,0.64219946,0.6484476,2,2,2/3 Majority
38,"কিন্তু মহাশয়, আপনার সম্পদ যদি আমার সম্পদ হয়ে যায় এবং এটি ঘটে, তাহলে আপনি কীভাবে আচরণ করবেন?কারণ আমি যা বলেছিলাম, তাতে আমি রিক স্যান্সেজের সঙ্গে যোগাযোগ করে বলছি যে আমি মালয়েশিয়ায় বাস করি।সোসের কথা ভুলে যাওয়া",NONE,2,0.9111705,NONE,2,0.98464566,NONE,2,0.9813479,NONE,2,0.95905465,NONE,2,0.9588208,0.028421983,0.028716378,0,0.012523376,0.012462828,0,0.95905465,0.9588208,3,3,3/3 Unanimous
39,"আমাকে এটি ৩য় সেমেস্টারে দেখতে হবে কারণ যুক্তরাজ্যে স্ট্রাইক ডে, আর কে আর করবে?",NONE,2,0.87592924,FAVOR,1,0.947063,NONE,2,0.9773127,NONE,2,0.63125676,NONE,2,0.62649846,0.018087128,0.018202161,0,0.35065615,0.35529938,1,0.63125676,0.62649846,2,2,2/3 Majority
40,এটি তৈরি হওয়ার পর থেকে কোনও উষ্ণীকরণ হয়নি (ইউএএইচ ভি৬)। জলবায়ু জরুরি অবস্থা নেই। সাম্প্রতিক এবং দূর অতীতের পৃথিবী উষ্ণ ছিল। অতীতে এটি দ্রুত উষ্ণও হতো।,AGAINST,0,0.99913675,AGAINST,0,0.98517805,AGAINST,0,0.99796224,AGAINST,0,0.9940923,AGAINST,0,0.99403644,0.9940923,0.99403644,3,0.0028672663,0.0029046047,0,0.003040377,0.0030588852,0,3,3/3 Unanimous
41,"পারমাণবিক শক্তিই হল চূড়ান্ত সমাধান। এটি নিজেই ৯৫% এরও বেশি গ্রিনহাউস গ্যাস নির্গমনকে মুছে ফেলবে, যার ফলে গড় মানুষ তাদের ইচ্ছামতো কাজ করতে পারবে। আমাদের যা করতে হবে তা হল কর্পোরেশনগুলিকে নির্গমনের জন্য দায়বদ্ধ করা, সাধারণ মানুষকে নয়।",FAVOR,1,0.98982203,FAVOR,1,0.9163177,FAVOR,1,0.9880982,FAVOR,1,0.964746,FAVOR,1,0.9644151,0.018843608,0.01909871,0,0.964746,0.9644151,3,0.016410453,0.016486224,0,3,3/3 Unanimous
42,"সত্যিই বিস্ময়কর যে মানুষ এত অন্ধ যে তারা দেখতে পাচ্ছে না। এই মানুষগুলো পাভলভের কুকুরের মতো আপনার লালায় ভরে দেয়, এক সময় যুক্তি এবং ইতিহাস আপনাকে শিখিয়েছিল কিভাবে চিন্তা করতে হয়, কিন্তু আজ আমাদের কাছে এমন একটি দল আছে যারা প্রচারিত বিষয়ের বিপরীত কাজ করা লোকেদের অনুসরণ করে। i. জলবায়ু পরিবর্তন যৌক্তিক নয়। দ্বিতীয় ভাগ জলবায়ু পরিবর্তন বৈজ্ঞানিক নয়। iii. জলবায়ু পরিবর্তন ঐতিহাসিক নয়। iv. জলবায়ু পরিবর্তন বাইবেলের বিষয় নয়। আপনি যখন সাড়া দেন তখন সতর্কবার্তা দেওয়া হয় যে আপনার তথ্যের প্রয়োজন, অনুমান বা তত্ত্বের নয়।",AGAINST,0,0.9238556,FAVOR,1,0.51880944,AGAINST,0,0.9879339,AGAINST,0,0.65808964,AGAINST,0,0.6535171,0.65808964,0.6535171,2,0.18691032,0.1894802,1,0.15500003,0.15700264,0,2,2/3 Majority
43,এই মন্তব্য বিভাগে বোকা মানুষেরা বসবাস করে। স্ক্রল করুন নিজের ঝুঁকিতে।,NONE,2,0.7515861,AGAINST,0,0.95124054,AGAINST,0,0.87031466,AGAINST,0,0.6418945,AGAINST,0,0.63955224,0.6418945,0.63955224,2,0.05497651,0.055482723,0,0.303129,0.30496496,1,2,2/3 Majority
44,"মৌলিকভাবে ডানপন্থীরা জলবায়ু পরিবর্তনকে এতটা অস্বীকার করে যে তা আমাকে আতঙ্কিত করে, এটি সত্য, তারা কেবল নিজেদের সম্পর্কেই চিন্তা করে। ভেড়াগুলিকে জাগতে হবে।",AGAINST,0,0.9974986,AGAINST,0,0.96299237,AGAINST,0,0.9949844,AGAINST,0,0.98515844,AGAINST,0,0.9850172,0.98515844,0.9850172,3,0.010314619,0.010450584,0,0.004526961,0.004532261,0,3,3/3 Unanimous
45,আমি ঘৃণা করি যে কেউ শোনে না।,NONE,2,0.50027406,NONE,2,0.9346353,AGAINST,0,0.7575281,NONE,2,0.55561554,NONE,2,0.5598679,0.42050084,0.41608807,1,0.023883665,0.024043987,0,0.55561554,0.5598679,2,2,2/3 Majority
46,বিল নাইস সব বিষয়েই ভুল। হারিকেনগুলি আগেকার তুলনায় কম ঘন ঘন এবং কম হিংস্র। বিশ্ব উষ্ণায়নের তাদের সঙ্গে কোনও সম্পর্ক নেই। কার্বন ডাই অক্সাইডের বৃদ্ধি এর সঙ্গে এর কোনও সম্পর্ক নেই। এই বিশেষজ্ঞ অধ্যাপকরা যা বলেন তার জন্য তাঁদের অর্থ প্রদান করা হয়।,AGAINST,0,0.9982418,AGAINST,0,0.98591447,AGAINST,0,0.99109674,AGAINST,0,0.991751,AGAINST,0,0.991752,0.991751,0.991752,3,0.0022603634,0.0022834798,0,0.0059886877,0.0059645157,0,3,3/3 Unanimous
47,"বিল নাইস একজন বিজ্ঞানী নন, তিনি বামপন্থী জলবায়ু পরিবর্তন ধর্মের একজন রাজনৈতিক হ্যাকার, যে ৫০ বছরে সঠিক ভবিষ্যদ্বাণী করতে পারেনি।",AGAINST,0,0.99936634,AGAINST,0,0.9858133,AGAINST,0,0.9988146,AGAINST,0,0.9946647,AGAINST,0,0.99460566,0.9946647,0.99460566,3,0.0028879314,0.0029259117,0,0.002447304,0.0024684013,0,3,3/3 Unanimous
48,"পশ্চিমী দেশগুলি তাদের শিল্প বিপ্লবের সময়কার প্রভাবগুলি জানার পর হঠাৎ করেই কেন বিশ্ব উষ্ণায়নের বিষয়ে উদ্বিগ্ন? এখন যে উদীয়মান দেশগুলি তাদের শিল্প নির্মাণ করছে তারা গ্রহকে উত্তপ্ত করার জন্য অভিযুক্ত হচ্ছে। ভীতি প্রদর্শনের যথেষ্ট পরিমাণ, জলবায়ু পরিবর্তন একটি প্রাকৃতিক ঘটনা।",FAVOR,1,0.9749042,AGAINST,0,0.97002643,AGAINST,0,0.63997805,AGAINST,0,0.54384065,AGAINST,0,0.54319286,0.54384065,0.54319286,2,0.4405345,0.4414139,1,0.015624876,0.01539322,0,2,2/3 Majority
49,গ্লোবাল ওয়ার্মিং অ্যালার্মিস্টরা ব্যক্তিগত জেট উড়িয়ে জীবাশ্ম জ্বালানী সম্পর্কে কথা বলেন। যে বিশ্ব উষ্ণায়ন একটি কেলেঙ্কারি বলে প্রমাণ করার জন্য ইতিমধ্যেই যথেষ্ট প্রমাণ।,AGAINST,0,0.9996952,AGAINST,0,0.98629576,AGAINST,0,0.9980768,AGAINST,0,0.9946893,AGAINST,0,0.9946397,0.9946893,0.9946397,3,0.002466037,0.0024979124,0,0.00284475,0.0028624353,0,3,3/3 Unanimous
50,"মানুষকে সতর্ক করা হয়েছিল, এখন আপনার হ্রদ শুকিয়ে গেছে, ইউরোপ পুড়ছে, লোকেরা অফিসে দৌড়চ্ছে যে বিশ্বাস করে না। দুর্ভিক্ষ হবে, জল থাকবে না এবং জলবিদ্যুৎও থাকবে না। আপনার সন্তানদের জন্য দয়া করে পরিবর্তন করুন।",FAVOR,1,0.99589586,FAVOR,1,0.78302294,FAVOR,1,0.8853984,FAVOR,1,0.8881057,FAVOR,1,0.88801765,0.016965894,0.016630756,0,0.8881057,0.88801765,3,0.09492836,0.09535155,0,3,3/3 Unanimous
51,সবাই জানে যে বিলটি একটি শিল।,NONE,2,0.6622598,NONE,2,0.61716837,NONE,2,0.7827252,NONE,2,0.6873844,NONE,2,0.68617916,0.2431363,0.24583754,0,0.06947922,0.06798326,0,0.6873844,0.68617916,3,3,3/3 Unanimous
52,বড় মিথ্যাটি হল যে গাড়িগুলি বৈশ্বিক উষ্ণায়নের জন্য বেশিরভাগ দূষণ ঘটাচ্ছে....এটি প্রায় ১২-১৫%।,NONE,2,0.69783473,NONE,2,0.71153706,NONE,2,0.8695472,NONE,2,0.7596397,NONE,2,0.7582877,0.1932279,0.19546612,0,0.047132406,0.046246104,0,0.7596397,0.7582877,3,3,3/3 Unanimous
53,আমাদের বড় তেল কোম্পানিগুলিকে এখন নিয়ন্ত্রণ করতে হবে কারণ তারা যা করে তা যতক্ষণ না তাদের আরও বেশি অর্থ উপার্জন করে ততক্ষণ তাদের কোনও মাথাব্যথা নেই!,AGAINST,0,0.48648545,AGAINST,0,0.9410303,FAVOR,1,0.5647955,AGAINST,0,0.58541167,AGAINST,0,0.58884686,0.58541167,0.58884686,2,0.32688138,0.32374424,1,0.08770692,0.08740886,0,2,2/3 Majority
54,"কী বোকা। বিল, কত প্রকার লিঙ্গ আছে?",AGAINST,0,0.9750982,AGAINST,0,0.9650625,NONE,2,0.93540406,AGAINST,0,0.66475445,AGAINST,0,0.6723034,0.66475445,0.6723034,2,0.0059935283,0.005941067,0,0.3292521,0.32175556,1,2,2/3 Majority
55,বিজ্ঞানকে প্রথমেই যে বিপর্যয়কর সমস্যাগুলি সৃষ্টি করেছিল তা সমাধান করার জন্য আমাদের প্রয়োজন।,AGAINST,0,0.94659346,FAVOR,1,0.9804981,FAVOR,1,0.9893595,FAVOR,1,0.6675114,FAVOR,1,0.66407084,0.32076976,0.3241892,1,0.6675114,0.66407084,2,0.011718837,0.011739964,0,2,2/3 Majority
56,"যে কোনও বোকা যে এই প্রচারকে বিশ্বাস করে, সে জীবনে কিছুই পাবে না।",AGAINST,0,0.9978934,AGAINST,0,0.982117,AGAINST,0,0.99415463,AGAINST,0,0.9913883,AGAINST,0,0.9913451,0.9913883,0.9913451,3,0.0021288104,0.0021451903,0,0.006482851,0.0065097036,0,3,3/3 Unanimous
57,আমার মনে হয় আমাদের গ্রহের প্রতি আমাদের মৌলিক ভুল বোঝাবুঝি রয়েছে। বায়ুমণ্ডলে এমন একটি অণু রয়েছে যা এর অন্তর্গত নয় এবং তা হল নাইট্রোজেন। আপনি কি কখনও ভেবে দেখেছেন কেন কৃষকদের ফসলের উৎপাদন বজায় রাখার জন্য নাইট্রোজেন সমৃদ্ধ মাটি ব্যবহার করতে হয়? সম্ভবত কারণ ৭৮% নাইট্রোজেন বায়ুমণ্ডলে রয়েছে এবং মাটিতে নয় যেখানে এটি থাকা উচিত। আমার কাছে এটি যুক্তিসঙ্গত বলে মনে হচ্ছে। ;-),FAVOR,1,0.485782,AGAINST,0,0.55419683,FAVOR,1,0.73613137,FAVOR,1,0.44511095,FAVOR,1,0.441298,0.38733014,0.39055994,1,0.44511095,0.441298,2,0.16755883,0.16814198,0,2,2/3 Majority
58,এই জ্ঞান ছড়িয়ে দিতে সাহায্য করুন।,NONE,2,0.70913893,NONE,2,0.80462736,FAVOR,1,0.9761488,NONE,2,0.5112274,NONE,2,0.5173602,0.040548217,0.041044734,0,0.44822434,0.44159502,1,0.5112274,0.5173602,2,2,2/3 Majority
59,লক্ষ্য করুন যে তাপমাত্রা বৃদ্ধি প্রায় ৮০০ বছর ধরে কার্বন ডাই অক্সাইড বৃদ্ধির আগে ঘটেছিল। তাই তাপমাত্রা বৃদ্ধির ফলে বায়ুমণ্ডলে কার্বন ডাই অক্সাইডের বৃদ্ধি ঘটে। আল গোরের পরিণতি। তাপমাত্রার তুলনায় কার্বন ডাই অক্সাইড অনেক পিছিয়ে। এই পৃষ্ঠাটি এখানে লিঙ্কটি প্রকাশ করতে দেবে না।,AGAINST,0,0.99696237,AGAINST,0,0.9829385,AGAINST,0,0.996603,AGAINST,0,0.99216795,AGAINST,0,0.992105,0.99216795,0.992105,3,0.002442758,0.0024743015,0,0.0053891987,0.005420531,0,3,3/3 Unanimous
60,"""জলবায়ু পরিবর্তন, যেমনটি আমরা জানি, পৃথিবীর তাপমাত্রায় আকস্মিক পরিবর্তনের দ্বারা চিহ্নিত করা হয়..."" এই তথ্যটি বাদ দিলে, এটি প্রায় বিশ্বাসযোগ্য বলে মনে হয় (যা আপনি নিজের জন্য যাচাই করতে পারেন): ডেথ ভ্যালি (ফার্নেস ক্রিক) -এ ১৯১৩ সালের ১০ই জুলাই রেকর্ড করা সবচেয়ে উত্তপ্ত বায়ুর তাপমাত্রা ছিল ১৩৪ ডিগ্রি ফারেনহাইট (৫৭ ডিগ্রি সেলসিয়াস)। তাপপ্রবাহের সময়, সেই রেকর্ডের সঙ্গে শীর্ষে পৌঁছেছিল, পরপর পাঁচ দিন ১২৯ ডিগ্রি ফারেনহাইট (৫৪ ডিগ্রি সেলসিয়াস) বা তার বেশি পৌঁছেছিল। যেটি ১০০ বছরেরও বেশি সময় আগে ছিল, কিন্তু তারা এখনও আমাদের বলছে যে তাপমাত্রা বৃদ্ধি পাচ্ছে? ডেথ ভ্যালিতে নেই, স্পষ্টতই।",FAVOR,1,0.63401216,AGAINST,0,0.97501606,AGAINST,0,0.98171735,AGAINST,0,0.7289354,AGAINST,0,0.7262335,0.7289354,0.7262335,2,0.21566188,0.21792217,1,0.055402666,0.055844303,0,2,2/3 Majority
61,"এর অনেক উদাহরণ রয়েছে।জ্যোতিঃপদার্থবিজ্ঞানী ডা. লিখিত ফ্রেড সিঙ্গারের চমৎকার বিশ্লেষণ স্পষ্টভাবে দেখায় যে গণমাধ্যমে চিত্রিত হতাশাবাদী এবং প্রায়শই উদ্বেগজনক বৈশ্বিক উষ্ণায়ন দৃশ্যপটে কোনও বৈজ্ঞানিক ভিত্তি নেই। প্রকৃতপক্ষে, তিনি দেখেন যে, ক্রমবর্ধমান কার্বন ডাই অক্সাইডের মাত্রা এবং খাদ্য উৎপাদনের জন্য দীর্ঘতর ক্রমবর্ধমান মরশুম এবং গরম করার জন্য জীবাশ্ম জ্বালানির ব্যবহার হ্রাস করার মতো যে কোনও সামান্য উষ্ণতার অনেক দিকই মানব জাতির উপর অত্যন্ত ইতিবাচক প্রভাব ফেলবে।",AGAINST,0,0.9989687,AGAINST,0,0.98078066,AGAINST,0,0.49331427,AGAINST,0,0.8243546,AGAINST,0,0.8284396,0.8243546,0.8284396,3,0.010872491,0.010691838,0,0.16477294,0.1608685,0,3,3/3 Unanimous
62,"জলবায়ু পরিবর্তন প্রাকৃতিক, এটি ৪০০ কোটি বছর ধরে ঘটছে।",AGAINST,0,0.99837995,AGAINST,0,0.9842667,AGAINST,0,0.9975222,AGAINST,0,0.9933896,AGAINST,0,0.99333036,0.9933896,0.99333036,3,0.0034759985,0.0035229102,0,0.0031343892,0.0031466626,0,3,3/3 Unanimous
63,"এটি দাভোসের ভিড়, একটি বিশ্ব প্রতারণা। শেষ বরফ যুগের সমস্ত বরফের কী হয়েছিল? ভারতীয়রা কি এটিকে আগুন জ্বালিয়ে তামাড়িয়ে গলিয়ে দিয়েছিল? এটি পৃথিবীর প্রাকৃতিক চক্র। এর মোকাবিলা করুন।",AGAINST,0,0.9597773,AGAINST,0,0.9841632,AGAINST,0,0.9164355,AGAINST,0,0.9534586,AGAINST,0,0.9539306,0.9534586,0.9539306,3,0.0050119623,0.0049749943,0,0.041529346,0.041094355,0,3,3/3 Unanimous
64,"মানব ক্রিয়াকলাপের ফলে সৃষ্ট? মাত্র ১০০টি সংস্থা ৭০% কার্বন নিঃসরণের জন্য দায়ী, এটি বহুজাতিক সংস্থা এবং ক্ষমতাসীন ব্যক্তিদের কারণে ঘটে। তথ্যগুলিকে আলাদা করে দেখার প্রয়োজন নেই!",FAVOR,1,0.9524608,AGAINST,0,0.9588882,AGAINST,0,0.9932834,AGAINST,0,0.662708,AGAINST,0,0.65914524,0.662708,0.65914524,2,0.32431522,0.32778677,1,0.012976777,0.013067946,0,2,2/3 Majority
65,"এত লোক এত সহজে প্রতারিত হয় কীভাবে? কার্বন, নাইট্রোজেন এবং অক্সিজেন পর্যায় সারণিতে ৬, ৭ এবং ৮ নম্বরে রয়েছে যার অর্থ কার্বন পরমাণুগুলি নাইট্রোজেনের চেয়ে ১টি প্রোটন বা নিউট্রন ছোট এবং অক্সিজেন ১টি প্রোটন বা নিউট্রন ছোট। তাহলে কার্বন (তিনটির মধ্যে ক্ষুদ্রতম) এবং কেবল একটি কিভাবে হতে পারে?বায়ুমণ্ডলের ০৪ % বিশ্ব জলবায়ু পরিবর্তনের প্রধান কারণ। তাহলে বায়ুমণ্ডলের ৭৮% নাইট্রোজেন সূর্যের তাপ শোষণ করতে পারে না, কিন্তু কার্বন, যার একটি প্রোটন বা নিউট্রন নাইট্রোজেনের চেয়ে ছোট, তা পারে।বায়ুমণ্ডলের ০৪% সূর্যালোক থেকে পর্যাপ্ত তাপ শোষণ করে যা জলবায়ুকে একটি বিপর্যয়কর অস্তিত্বগত হুমকিতে পরিণত করে। তারা যতই দীর্ঘ বা ঘন ঘন এই মিথ্যাটি বলুক না কেন, আমি কখনই এত বোকা হব না যে এর কোনওটি বিশ্বাস করব। আপনি কি লক্ষ্য করেছেন, কার্বন পরমাণু জলবায়ু পরিবর্তন করার মতো পর্যাপ্ত তাপ শোষণ করে কীভাবে, সে সম্পর্কে একটি বৈজ্ঞানিক তথ্যও নেই, এটি কেবল আমাদের দোষ হতে পারে, কীভাবে, তার কোনও প্রকৃত কারণ নেই?",AGAINST,0,0.9989273,AGAINST,0,0.97585833,AGAINST,0,0.9388192,AGAINST,0,0.9712016,AGAINST,0,0.971589,0.9712016,0.971589,3,0.010934208,0.010816133,0,0.017864175,0.017594803,0,3,3/3 Unanimous
66,"এখানে বিল নায়ে, যিনি বিজ্ঞানী নন। তিনি চীন ও ভারতকে মুখোমুখি করতে ভয় পান, তাই তিনি মার্কিন যুক্তরাষ্ট্রের প্রতিটি গ্যাস পরিষেবা ধ্বংস করতে চান।",AGAINST,0,0.84198624,FAVOR,1,0.4388182,NONE,2,0.9423636,NONE,2,0.48064923,NONE,2,0.4750522,0.35895142,0.36273143,1,0.16039939,0.1622164,1,0.48064923,0.4750522,1,1,1/3 Weak/Plurality
67,"কম মাংস কেন, কেউ একটু ব্যাখ্যা করবেন?",NONE,2,0.5679586,NONE,2,0.73238087,AGAINST,0,0.77786285,NONE,2,0.49345204,NONE,2,0.49742356,0.34679344,0.34143832,1,0.15975447,0.16113803,0,0.49345204,0.49742356,2,2,2/3 Majority
68,"জলবায়ু পরিবর্তনের ক্ষেত্রে মানব-চালিত ত্বরান্বণকে অস্বীকার করা সম্পূর্ণ অজ্ঞতার লক্ষণ। দুঃখিত, আমি সকলকে ভালবাসার চেষ্টা করছি, কিন্তু অস্বীকারকারীরা আমাদের বাকিদের একটি গর্তের দিকে ঠেলে দিচ্ছে।",FAVOR,1,0.9708157,FAVOR,1,0.98347825,FAVOR,1,0.97003716,FAVOR,1,0.97477704,FAVOR,1,0.9748429,0.017417245,0.017404554,0,0.97477704,0.9748429,3,0.007805715,0.007752536,0,3,3/3 Unanimous
69,জলবায়ু পরিবর্তন আর্টিক-এ বরফ গলিয়ে দিচ্ছে এবং অনেক মারাত্মক ভাইরাস সেই বরফে জমে আছে।,AGAINST,0,0.9807694,FAVOR,1,0.98529226,FAVOR,1,0.9980186,FAVOR,1,0.6634622,FAVOR,1,0.65988183,0.32956913,0.333087,1,0.6634622,0.65988183,2,0.0069685783,0.00703114,0,2,2/3 Majority
70,এই লোকের মিথ্যা কথা কি এখনও কেউ কিনছে?,AGAINST,0,0.9867475,AGAINST,0,0.9814373,AGAINST,0,0.9866666,AGAINST,0,0.9849505,AGAINST,0,0.9849262,0.9849505,0.9849262,3,0.0029578472,0.0029852467,0,0.012091626,0.012088491,0,3,3/3 Unanimous
71,"জলবায়ু পরিবর্তন ভাড়ার টাকা দেয় না, কে আর চিন্তা করে যখন সকলের ভাড়া অসহনীয় হয়ে ওঠে। আপনি চান যাতে আরও বেশি মানুষ জলবায়ু পরিবর্তন এবং আমার ভাড়া পরিশোধের বিষয়ে যত্নবান হন। না? ইয়াল্লা কি আমার বিল পরিশোধ করবে? আপনারা কি গণপরিবহন টিকিট পরিশোধ করবেন? আমার ভাড়া যদি বৃদ্ধি পায়, তাহলে জলবায়ু কী করবে? জলবায়ু কীভাবে গৃহহীনতাকে সমাধান করে? ভাড়া বাড়ছে, সেটা কেউ শুনতে চায় না। কেউ নেই। আমাদের বিল এবং ভাড়া আমাদের অগ্রাধিকার, কিছু বোকাসুলতাজ আবহাওয়া নয়।",AGAINST,0,0.76665705,NONE,2,0.51688373,AGAINST,0,0.663759,AGAINST,0,0.59501934,AGAINST,0,0.5939337,0.59501934,0.5939337,2,0.06540922,0.065707974,0,0.3395714,0.34035832,1,2,2/3 Majority
72,'টক ক্লাইমেট চেঞ্জ টু মি' একটি উৎকৃষ্ট তথ্যপূর্ণ চ্যানেলও।,NONE,2,0.7067052,NONE,2,0.77852356,NONE,2,0.9032211,NONE,2,0.79614997,NONE,2,0.7948663,0.004108575,0.0040999423,0,0.19974147,0.20103371,0,0.79614997,0.7948663,3,3,3/3 Unanimous
73,অসাধারণ ভিডিও বিল নাইজ দল!! অনেক ভালো করেছেন!,NONE,2,0.9826712,AGAINST,0,0.65717757,NONE,2,0.9816976,NONE,2,0.7604614,NONE,2,0.75734425,0.2237177,0.22679627,1,0.015820922,0.015859485,0,0.7604614,0.75734425,2,2,2/3 Majority
74,"এই ব্যক্তি একজন বিজ্ঞানী নন, তিনি একজন রাজনৈতিক হ্যাকার, আমি তাঁর সঙ্গে দ্বিমত পোষণ করি কিন্তু আমি আরও বেশি দ্বিমত পোষণ করি যে তিনি এর উপর কর্তৃত্ব থাকার ভান করেন।",AGAINST,0,0.9825853,NONE,2,0.55008876,AGAINST,0,0.983195,AGAINST,0,0.8007377,AGAINST,0,0.79816854,0.8007377,0.79816854,2,0.0050959247,0.0051538525,0,0.19416638,0.19667757,1,2,2/3 Majority
75,আমি ছোটবেলায় আপনার অনুষ্ঠানটি পছন্দ করতাম এবং এখন বিল নায়ে,NONE,2,0.9901556,NONE,2,0.9900594,NONE,2,0.9993315,NONE,2,0.9931822,NONE,2,0.993106,0.0022747626,0.0023018094,0,0.0045430623,0.0045921463,0,0.9931822,0.993106,3,3,3/3 Unanimous
76,"বিল নাইস, আব্রাহাম লিংকন-এর পরিবেশনা। কিছুটা আমাকে বিরক্ত করছে।",NONE,2,0.95834273,NONE,2,0.7896608,NONE,2,0.972463,NONE,2,0.9068222,NONE,2,0.9059137,0.045804214,0.046266373,0,0.047373574,0.0478198,0,0.9068222,0.9059137,3,3,3/3 Unanimous
77,"আমি যখন ন্যকে দেখলাম, তখনই ভেবেছিলাম ""বিজ্ঞান মানুষ!""",NONE,2,0.9187269,NONE,2,0.98092157,NONE,2,0.76245415,NONE,2,0.88736755,NONE,2,0.8889484,0.10877409,0.10717119,0,0.0038583344,0.0038803509,0,0.88736755,0.8889484,3,3,3/3 Unanimous
78,"এই মন্তব্যকারীরাও ততটাই বিভ্রমগ্রস্ত। আমাদের উপর অ্যালুমিনিয়াম স্প্রে করা বন্ধ করুন, এটি তাপ স্থানান্তর করে। আপনারা অবশ্যই বোকা না হয়ে বুদ্ধিমান।",AGAINST,0,0.9308525,AGAINST,0,0.9826804,AGAINST,0,0.96210223,AGAINST,0,0.958545,AGAINST,0,0.95853055,0.958545,0.95853055,3,0.004461909,0.004469021,0,0.036993023,0.037000325,0,3,3/3 Unanimous
79,আমরা কি বাইবেলে বর্ণিত মহা নোহ বন্যার সময় বাইবেলে বর্ণিত জীবাশ্ম জ্বালানি পোড়াচ্ছেন?,FAVOR,1,0.7777148,NONE,2,0.976539,NONE,2,0.631393,NONE,2,0.6051736,NONE,2,0.60528827,0.023548504,0.023309458,0,0.37127793,0.37140226,1,0.6051736,0.60528827,2,2,2/3 Majority
80,আমার দাদু সিআইএ থেকে মৃত্যুশয্যায় উচ্চ ক্লিয়ারেন্স সহ বলেছিলেন যে আমাদের জলবায়ু পরিবর্তন নিয়ে চিন্তা করার প্রয়োজন নেই কারণ শুক্র গ্রহের একটি অগ্রজ প্রজাতির এলিয়েনরা ওজোন স্তরকে শক্তিশালী করে এটি পরিচালনা করছেন এবং তাদের পক্ষে আমাদের কিছু করার নেই।,AGAINST,0,0.9688437,AGAINST,0,0.98375803,NONE,2,0.7011486,AGAINST,0,0.67994934,AGAINST,0,0.68729043,0.67994934,0.68729043,2,0.07371976,0.07201557,0,0.24633093,0.24069396,1,2,2/3 Majority
81,সরকার এমন হবে: আমাদের আরও ক্ষমতা দিন এবং আমরা আবহাওয়া নিয়ন্ত্রণ করব।,NONE,2,0.72737676,FAVOR,1,0.8536397,NONE,2,0.467032,NONE,2,0.4327147,NONE,2,0.43193406,0.2407835,0.23835105,0,0.32650182,0.3297149,1,0.4327147,0.43193406,2,2,2/3 Majority
82,আমার স্নানের টব-এ জল বেশি হয়ে গেছে।,NONE,2,0.9892197,NONE,2,0.6428126,NONE,2,0.9313384,NONE,2,0.8544569,NONE,2,0.85330796,0.13548662,0.13660824,0,0.010056484,0.010083799,0,0.8544569,0.85330796,3,3,3/3 Unanimous
83,১.২-১.৪ সেলসিয়াস ফারেনহাইট...,NONE,2,0.9940777,NONE,2,0.9833919,NONE,2,0.9771453,NONE,2,0.9848716,NONE,2,0.9849611,0.008206961,0.008073301,0,0.006921405,0.006965579,0,0.9848716,0.9849611,3,3,3/3 Unanimous
84,"আপনাদের মধ্যে কেউ কেউ জলবায়ু পরিবর্তন জম্বি বিশ্বাসী, জলের বাষ্পপ্‌র, সবচেয়ে প্রচুর পরিমাণে গ্রিনহাউস গ্যাসকে গ্রিনহাউস গ্যাসের গ্রাফে দেখানো হয়নি? এটি সরকারের বিজ্ঞানের কথা, সম্পূর্ণ ভুয়া।",AGAINST,0,0.9993967,AGAINST,0,0.98527586,AGAINST,0,0.9908194,AGAINST,0,0.99183065,AGAINST,0,0.991835,0.99183065,0.991835,3,0.0035024856,0.003524887,0,0.004666846,0.0046399958,0,3,3/3 Unanimous
85,বিল নাইসকে ভুল প্রমাণ করতে আমি খুব আগ্রহী।,AGAINST,0,0.99438226,AGAINST,0,0.97514534,AGAINST,0,0.87354636,AGAINST,0,0.94769126,AGAINST,0,0.9485976,0.94769126,0.9485976,3,0.0056990855,0.0056524035,0,0.04660958,0.04574996,0,3,3/3 Unanimous
86,"বিল নাইস- একটি বাক্সে বোকা। আপনি যদি জলবায়ু পরিবর্তন, বিবর্তন ইত্যাদি নিয়ে কাউকে কথা বলতে চান, তাহলে বিল নয়ে-কে কল করুন। প্রকৃত বিজ্ঞান তাঁকে প্রতিটি পদক্ষেপে ভুল প্রমাণ করছে।",FAVOR,1,0.860032,AGAINST,0,0.79711986,AGAINST,0,0.77007747,AGAINST,0,0.5620102,AGAINST,0,0.5598234,0.5620102,0.5598234,2,0.37127778,0.3747218,1,0.066712014,0.06545479,0,2,2/3 Majority
87,আমি এই ব্যক্তি যা বলছেন তা বিশ্বাস করি না। তিনি একটি ব্যবহৃত গাড়ির বিক্রেতার মতো দেখেন এবং কথা বলেন।,AGAINST,0,0.98695135,AGAINST,0,0.9064019,AGAINST,0,0.8591927,AGAINST,0,0.9175153,AGAINST,0,0.91819084,0.9175153,0.91819084,3,0.009623663,0.009733936,0,0.072860956,0.07207513,0,3,3/3 Unanimous
88,"প্রমাণ নেই, কেবল কিছু বিজ্ঞানী একমত?",AGAINST,0,0.9427794,AGAINST,0,0.93518025,AGAINST,0,0.99692696,AGAINST,0,0.9582956,AGAINST,0,0.95781326,0.9582956,0.95781326,3,0.022088349,0.022376811,0,0.01961607,0.019809872,0,3,3/3 Unanimous
89,আমি ইকোলাইন্ট এবং কর্নেল গিয়েছিলাম। আকর্ষণীয় এবং অবশ্যই কিছু ভেবে দেখার মতো।,FAVOR,1,0.88118786,FAVOR,1,0.7957272,NONE,2,0.9951643,FAVOR,1,0.5602805,FAVOR,1,0.56711465,0.005443416,0.005496346,0,0.5602805,0.56711465,2,0.43427607,0.42738897,1,2,2/3 Majority
90,মানুষ কেন জলবায়ু পরিবর্তন অস্বীকার করে? আমি সত্যি বুঝতে পারছি না। এটি বিদ্যমান বলে প্রমাণ করার জন্য প্রচুর প্রমাণ রয়েছে।,AGAINST,0,0.9057599,AGAINST,0,0.62499475,AGAINST,0,0.5889886,AGAINST,0,0.70658106,AGAINST,0,0.70787555,0.70658106,0.70787555,3,0.22079183,0.22088307,0,0.072627105,0.071241364,0,3,3/3 Unanimous
91,"কতগুলি সমুদ্র সৈকত এবং শহর বর্তমানে জলে তলিয়ে গেছে? কোনো লেখা নেই! একটি গ্লাসে বরফ এবং জল ভর্তি করুন। স্তরটি কখনই উপরে উঠবে না, তবে নিচে নেমে যাবে। এটি সহজ বিজ্ঞান। বায়ুমণ্ডলের শুরু থেকেই জলবায়ু পরিবর্তিত হয়েছে!!! আবহাওয়া কখনই একই থাকবে না! চিরকাল!",AGAINST,0,0.9306503,AGAINST,0,0.9855149,AGAINST,0,0.9978941,AGAINST,0,0.97135305,AGAINST,0,0.971056,0.97135305,0.971056,3,0.01971549,0.019929763,0,0.008931455,0.009014207,0,3,3/3 Unanimous
92,কতগুলো বরফ যুগ হয়েছে? প্রাক-মানব,AGAINST,0,0.7088774,AGAINST,0,0.7448535,AGAINST,0,0.8337424,AGAINST,0,0.76249105,AGAINST,0,0.7616301,0.76249105,0.7616301,3,0.003147238,0.0031755557,0,0.2343617,0.23519431,0,3,3/3 Unanimous
93,"অসাধারণ স্ক্রিপ্ট এবং উপস্থাপনা। সঙ্গীত সহযোগে ছাড়া পুনরায় আপলোড করলেই কি ভালো হবে না, এতে কোনো উপকার হবে না?",NONE,2,0.98962444,NONE,2,0.8835695,NONE,2,0.99803835,NONE,2,0.95707744,NONE,2,0.95651007,0.004077081,0.004129015,0,0.03884547,0.039360844,0,0.95707744,0.95651007,3,3,3/3 Unanimous
94,আমি স্কুল থেকে বাধ্য হয়ে এটি দেখেছি।,NONE,2,0.59963584,NONE,2,0.944196,NONE,2,0.99301815,NONE,2,0.84561664,NONE,2,0.8439898,0.11558711,0.116799936,0,0.038796246,0.039210264,0,0.84561664,0.8439898,3,3,3/3 Unanimous
95,আপনি একই সময়ে ৭০০ কোটি মানুষের অভ্যাস কীভাবে পরিবর্তন করেন?,NONE,2,0.76702887,NONE,2,0.72805464,FAVOR,1,0.65722114,NONE,2,0.611572,NONE,2,0.61491406,0.009797525,0.009871748,0,0.3786304,0.37521413,1,0.611572,0.61491406,2,2,2/3 Majority
96,"ইউটিউব-এর লোকজন এখনও তাদের মাথা একসাথে করে দেখেনি যে জলবায়ু পরিবর্তন ভাল নাকি খারাপ ধারণা। একদিকে, শেলফিশ এবং স্যালমন মাছের মধ্যে ব্যাপক মৃত্যু ঘটে কারণ সেগুলি জীবিত অবস্থায় সিদ্ধ করা হয়। কিন্তু একই ধারণায় এর অর্থ হতে পারে যে মশার লার্ভাকে জীবিতভাবে সিদ্ধ করা যেতে পারে। এর অর্থ হতে পারে যে, মিঠা জলের শামুককেও জীবিত করে ফুটিয়ে মারা যেতে পারে এবং মহামারী বন্ধ করা যেতে পারে। এই প্রাণীগুলি মানুষের মধ্যে রোগ এবং পরজীবী ছড়ায়।",NONE,2,0.7100704,NONE,2,0.9905528,FAVOR,1,0.71806216,NONE,2,0.6599682,NONE,2,0.664838,0.0042710155,0.004292366,0,0.33576074,0.33086956,1,0.6599682,0.664838,2,2,2/3 Majority
97,শুধু মাংস কম খাবেন না... মাংসভক্ষণ না করা,NONE,2,0.52898484,FAVOR,1,0.5688441,FAVOR,1,0.97793293,FAVOR,1,0.652649,FAVOR,1,0.6487148,0.050691742,0.051259566,0,0.652649,0.6487148,2,0.29665926,0.30002564,1,2,2/3 Majority
98,"এটি আকর্ষণীয় যে বেশিরভাগ কার্বন নির্গমন কীভাবে সংস্থাগুলি থেকে আসে, মানুষ থেকে নয়, সে সম্পর্কে কোনও উল্লেখ নেই। গুগল, যে প্ল্যাটফর্মটির মালিক, মানব জাতির ধ্বংসের জন্যও দায়ী। আর এখানে আমি ভেবেছিলাম যে তারা দুটি বিজ্ঞাপনই সবচেয়ে খারাপ কাজ করেছে।",NONE,2,0.58285016,NONE,2,0.9690026,NONE,2,0.8546238,NONE,2,0.80215883,NONE,2,0.8017303,0.04772761,0.04673247,0,0.15011351,0.15153724,0,0.80215883,0.8017303,3,3,3/3 Unanimous
99,আমি বিশ্বাস করতে পারছি না যে মানুষ এখনও জলবায়ু পরিবর্তন বাস্তব বলে মনে করে না...,FAVOR,1,0.9972199,FAVOR,1,0.96700716,FAVOR,1,0.8959703,FAVOR,1,0.9533991,FAVOR,1,0.95409226,0.00606497,0.006015932,0,0.9533991,0.95409226,3,0.0405359,0.039891705,0,3,3/3 Unanimous
100,"অন্যান্য বিষয়ের মধ্যে, বিশ্ব উষ্ণায়ন রোধে আমাদের সর্বোত্তম কাজ হল সন্তান নেওয়া না। যদি সময়ের সঙ্গে সঙ্গে মানব জনসংখ্যা হ্রাস পায়, তবে শক্তি এবং সম্পদ খরচও হ্রাস পাবে।",FAVOR,1,0.8805583,FAVOR,1,0.74342734,FAVOR,1,0.98737097,FAVOR,1,0.8704522,FAVOR,1,0.8689274,0.03763398,0.038126085,0,0.8704522,0.8689274,3,0.0919138,0.09294646,0,3,3/3 Unanimous
101,বিস্ময়কর! আমি কখনও ভাবিনি বিল নাইস কোনো বিষয়ে এতটা সিরিয়াস হতে পারে।,AGAINST,0,0.55733657,AGAINST,0,0.46938783,NONE,2,0.8642705,NONE,2,0.4937314,NONE,2,0.48903137,0.37013268,0.3736264,2,0.13613589,0.1373422,0,0.4937314,0.48903137,1,2,2/3 Majority
102,"আমাদের জোর দেওয়া উচিত, সম্ভবত সমুদ্র ক্ষতিগ্রস্ত হওয়ার চেয়েও বেশি, হল গণ শরণার্থী সংকটের সম্ভাবনা।",FAVOR,1,0.710363,FAVOR,1,0.9790163,FAVOR,1,0.976944,FAVOR,1,0.8887744,FAVOR,1,0.88783705,0.030521682,0.030762356,0,0.8887744,0.88783705,3,0.08070389,0.0814006,0,3,3/3 Unanimous
103,"যদি আমরা গ্যাসের দাম গ্যালন প্রতি ৫ ডলার এবং প্রতিটি গরুর কর ৫০ ডলার করি, তাহলে অন্ততপক্ষে উন্মাদনা কিছুটা কমিয়ে আসবে। এছাড়াও আমাদের প্রতিটি আমদানি করা তেলের ব্যারেল ১,০০,০০০ মার্কিন ডলার এবং প্রতিটি তেল কূপ ৫,০০,০০০ মার্কিন ডলার কর দিতে হবে। এই করগুলি বিশ্ব উষ্ণায়ন এবং মহাসাগরগুলিকে পরিষ্কার করার লড়াইয়ে ব্যয় করা উচিত যাতে তারাও মারা না যায়। আমাদের পেট্রোলের প্রয়োজন নেই। আমরা সহজেই গ্যাস প্রতিস্থাপন করতে পারি অ্যালকোহল থেকে তৈরি ইপিএ অনুমোদিত প্রতিস্থাপন দিয়ে যা জৈব-বিশ্লেষণযোগ্য এবং পুনর্নবীকরণযোগ্য। জলবায়ু পরিবর্তনের কারণে যারা ভুগবেন এবং মারা যাবেন, তাদের কাছে আমাদের অজ্ঞ এবং দুর্নীতিগ্রস্ত সরকারের দোষারোপ করুন। ভোট দিন সেই সব মানুষের জন্য যাঁরা পৃথিবী এবং মানব জাতিকে বাঁচাতে চান।",FAVOR,1,0.9485347,FAVOR,1,0.97477156,FAVOR,1,0.95747906,FAVOR,1,0.96026176,FAVOR,1,0.9603112,0.0053112726,0.0053674276,0,0.96026176,0.9603112,3,0.034426954,0.034321386,0,3,3/3 Unanimous
104,"এই ভিডিওটি আমাকে বিতর্ক প্রতিযোগিতায় অষ্টম স্থান অর্জন করতে সাহায্য করেছে, তাই না? আমি এই ভিডিওটি পছন্দ করি, আপনাকে ধন্যবাদ ন্যাশনাল জিওগ্রাফিক।",NONE,2,0.9647078,NONE,2,0.8943365,NONE,2,0.99693763,NONE,2,0.95199394,NONE,2,0.9513978,0.016520312,0.016742744,0,0.031485695,0.03185947,0,0.95199394,0.9513978,3,3,3/3 Unanimous
105,টনি হেলার ইউটিউবে আছেন। সম্পূর্ণরূপে এই নকল বিজ্ঞানকে ক্রয় ও প্রদত্ত ব্যক্তিকে খণ্ডন করে।,AGAINST,0,0.94336456,AGAINST,0,0.984082,AGAINST,0,0.9943297,AGAINST,0,0.9739254,AGAINST,0,0.97369623,0.9739254,0.97369623,3,0.007009667,0.007065729,0,0.01906488,0.019238,0,3,3/3 Unanimous
106,সকলে মিলে জলবায়ু পরিবর্তন রোধ করুন।,FAVOR,1,0.99442023,NONE,2,0.9221801,FAVOR,1,0.99600226,FAVOR,1,0.6865553,FAVOR,1,0.6821987,0.003201124,0.0032400042,0,0.6865553,0.6821987,2,0.31024352,0.31456122,1,2,2/3 Majority
107,আমি অত্যন্ত হতাশ যে তারা থিম সংটি সরিয়ে দিয়েছে।,NONE,2,0.7024496,NONE,2,0.87061363,NONE,2,0.79180187,NONE,2,0.78828835,NONE,2,0.7883409,0.17588948,0.17582768,0,0.035822097,0.035831332,0,0.78828835,0.7883409,3,3,3/3 Unanimous
108,"৩:৫৪ সবচেয়ে গুরুত্বপূর্ণ, একটির বেশি সন্তান নেবেন না।",NONE,2,0.9404008,NONE,2,0.96149576,NONE,2,0.9178064,NONE,2,0.93990093,NONE,2,0.9401864,0.020393467,0.020602545,0,0.039705556,0.039211087,0,0.93990093,0.9401864,3,3,3/3 Unanimous
109,"""বিজ্ঞানের সম্পর্কে সাধারণ ভুল ধারণা হল বিজ্ঞানীরা তাঁদের তত্ত্ব প্রমাণ করার জন্য পরীক্ষা-নিরীক্ষা করেন। বাস্তবে, ভাল বিজ্ঞান ঠিক তার বিপরীত কাজ করে। আপনি কি তত্ত্বটিকে অস্বীকার করার চেষ্টা করতে চান? আপনি যদি এটি অস্বীকার করতে পারেন, তাহলে আপনি নতুন কিছু শিখেছেন। যদি আপনি তা করতে না পারেন, তাহলে আপনি সত্যিই নতুন কিছু শিখতে পারেননি।",AGAINST,0,0.96224725,AGAINST,0,0.9609818,AGAINST,0,0.9422603,AGAINST,0,0.95516306,AGAINST,0,0.955322,0.95516306,0.955322,3,0.010081002,0.010190597,0,0.0347559,0.0344874,0,3,3/3 Unanimous
110,এখনও পর্যন্ত আমি যে জলবায়ু পরিবর্তন সম্পর্কিত ভিডিওগুলি দেখেছি তার মধ্যে এটি সবচেয়ে সেরা এবং সবচেয়ে সৎ।,NONE,2,0.9954554,NONE,2,0.9078033,NONE,2,0.9885278,NONE,2,0.9639289,NONE,2,0.9635744,0.025242047,0.025553877,0,0.010829116,0.010871662,0,0.9639289,0.9635744,3,3,3/3 Unanimous
111,"ওহ, ওহ, ওহ, ওহ, ওহ, ওহ, ওহ, ওহ, ওহ, ওহ, ওহ, ওহ, ওহ, ওহ, ওহ, ওহ, ওহ, ওহ, ওহ, ওহ, ওহ, ওহ, ওহ, ওহ, ওহ, ওহ, ওহ, ওহ, ওহ, ওহ, ওহ, ওহ, ওহ, ওহ, ওহ, ওহ, ওহ, ওহ, ওহ, ওহ, ওহ, ওহ, ওহ, ওহ, ওহ, ওহ, ওহ, ওহ, ওহ, ওহ, ওহ, ওহ, ওহ, ওহ, ওহ, ওহ, ওহ, ওহ, ওহ, ওহ, ওহ, ওহ, ওহ, ওহ, ওহ, ওহ, ওহ, ওহ, ওহ, ওহ, ওহ, ওহ, ওহ, ওহ, ওহ, ওহ, ওহ, ওহ, ওহ, ওহ, ওহ, ওহ, ওহ, ওহ, ওহ, ও",NONE,2,0.97526914,NONE,2,0.9874958,NONE,2,0.93168586,NONE,2,0.964817,NONE,2,0.9652338,0.030777154,0.03041952,0,0.0044058976,0.004346667,0,0.964817,0.9652338,3,3,3/3 Unanimous
112,বিল নাইস একজন প্রতারক।এই সম্পূর্ণ বিষয়টি ভুয়া সংবাদ।,AGAINST,0,0.9950794,AGAINST,0,0.9843797,AGAINST,0,0.9924217,AGAINST,0,0.9906269,AGAINST,0,0.99059856,0.9906269,0.99059856,3,0.0034811553,0.0035192873,0,0.005891919,0.0058821,0,3,3/3 Unanimous
113,"খুব সম্ভবত এটি বলার একটি খারাপ উপায়, তারা এটি ব্যবহার করবে।",AGAINST,0,0.9763291,NONE,2,0.56552607,NONE,2,0.5695986,AGAINST,0,0.60622025,AGAINST,0,0.6082289,0.60622025,0.6082289,1,0.0078032925,0.0077563412,0,0.38597643,0.3840146,2,2,2/3 Majority
114,"এটা অত্যন্ত খারাপ। আমরা হয়তো এটি থেকে বেঁচে থাকতে পারব না কিন্তু আমরা যদি পৃথিবীতে হাল না ছেড়ে দিই, তবে পৃথিবীর জন্য আশা আছে।",FAVOR,1,0.9991665,FAVOR,1,0.9740055,FAVOR,1,0.9913344,FAVOR,1,0.9881688,FAVOR,1,0.9881153,0.0040911925,0.0041144644,0,0.9881688,0.9881153,3,0.007740013,0.007770271,0,3,3/3 Unanimous
115,"ভূগোল এবং সামাজিক বিজ্ঞান মূলত একই বিষয়ের উপর ভিত্তি করে, সম্পূর্ণরূপে নয়, কারণ তারা মূলত একই বিষয়ে কথা বলছে, আপনি ভিন্নভাবে যা করছেন, আপনাকে কেবল এটি বুঝতে হবে।",NONE,2,0.896006,AGAINST,0,0.8591804,AGAINST,0,0.8906207,AGAINST,0,0.6147657,AGAINST,0,0.6117896,0.6147657,0.6117896,2,0.01871699,0.018959332,0,0.36651728,0.369251,1,2,2/3 Majority
116,"৩ নং অ্যাসাইনমেন্টের জন্য আপনার কাছে যে বিষয়গুলি আকর্ষণীয় মনে হয়েছে: জলবায়ু পরিবর্তনের সবচেয়ে বড় শিকার হল মহাসাগর। জলবায়ু পরিবর্তনের ফলে সমুদ্রের জলস্তর বৃদ্ধি পেয়েছে। আমরা যদি দ্রুত পদক্ষেপ না নিই, যখন মেরু বরফের আবরণ গলে যাবে, উপকূলীয় অঞ্চলে ভয়াবহ বন্যা হতে পারে।",FAVOR,1,0.9993393,FAVOR,1,0.9852874,FAVOR,1,0.998728,FAVOR,1,0.9944516,FAVOR,1,0.9943906,0.0020819807,0.0021094207,0,0.9944516,0.9943906,3,0.0034664357,0.0034999254,0,3,3/3 Unanimous
117,আমি আমার ফোনে এটি দেখতে পারব না।,NONE,2,0.97062546,NONE,2,0.9604351,NONE,2,0.9787555,NONE,2,0.9699387,NONE,2,0.9698237,0.022552723,0.022594295,0,0.0075085983,0.007581922,0,0.9699387,0.9698237,3,3,3/3 Unanimous
118,"গ্রাফিক্সের সঙ্গে দ্রুত, বিরক্তিকর চলনের কোনও কারণ নেই।",AGAINST,0,0.56507415,NONE,2,0.8655011,NONE,2,0.6082692,NONE,2,0.6323304,NONE,2,0.6328806,0.26227754,0.26264906,1,0.10539204,0.10447027,0,0.6323304,0.6328806,2,2,2/3 Majority
119,"আমি জলবায়ু পরিবর্তন অস্বীকারকারী। যদি তা আরও গরম হয় তবে এটি জলবায়ু পরিবর্তনের প্রমাণ। যদি এটি শীতল, আর্দ্র, শুষ্ক, ঝড়ো হয়ে ওঠে। সবকিছু জলবায়ু পরিবর্তনের প্রমাণ দেয়। একটি বৈজ্ঞানিক তত্ত্ব অবশ্যই মিথ্যা প্রমাণযোগ্য হতে হবে। তত্ত্বটি ভুল তা নির্দেশ করে এমন কিছু প্রমাণ নির্দিষ্ট করতে সক্ষম হতে হবে। যদি আপনি তা করতে না পারেন তবে এটি কোনও বৈজ্ঞানিক তত্ত্ব নয় বরং বিশ্বাসের একটি ধর্মীয় নিবন্ধ। এর সমর্থকরা অন্য যে কোনও গোষ্ঠীর চেয়ে প্রতি বর্গ ইঞ্চিতে আরও বেশি যৌক্তিক ভ্রম পরিচালনা করতে সক্ষম হয়।",AGAINST,0,0.997542,AGAINST,0,0.97908646,AGAINST,0,0.9945462,AGAINST,0,0.99039155,AGAINST,0,0.9903295,0.99039155,0.9903295,3,0.0035020148,0.003544551,0,0.0061064176,0.0061258185,0,3,3/3 Unanimous
120,যেদিন এই বইটি প্রকাশিত হয়েছিল সেদিনই আমার দাদু মারা যান।,NONE,2,0.9917848,NONE,2,0.9883775,NONE,2,0.9983382,NONE,2,0.99283355,NONE,2,0.9927634,0.0045406367,0.0045832093,0,0.0026258298,0.0026533043,0,0.99283355,0.9927634,3,3,3/3 Unanimous
121,"ধন্যবাদ বিল নায়ে, আজকে আমার হোমওয়ার্ক হলো: ডি।",NONE,2,0.96058476,NONE,2,0.9583435,NONE,2,0.92741644,NONE,2,0.94878155,NONE,2,0.9490446,0.03615489,0.036037397,0,0.015063572,0.014918024,0,0.94878155,0.9490446,3,3,3/3 Unanimous
122,আমি বিশ্বাস করতে পারছি না যে এত গবেষণা করার পরেও মন্তব্য বিভাগে জলবায়ু পরিবর্তন অস্বীকারকারীদের দেখতে পাচ্ছি। আমি মানবতার জন্য দুঃখিত।,FAVOR,1,0.9849163,FAVOR,1,0.9810743,FAVOR,1,0.96848464,FAVOR,1,0.9781584,FAVOR,1,0.9782759,0.013414562,0.013294255,0,0.9781584,0.9782759,3,0.00842704,0.00842986,0,3,3/3 Unanimous
123,"শয়তানবাদী সত্য প্রায় ... আবহাওয়া পরিচালনা। আমরা ৫৩৬ খ্রিষ্টাব্দে আছি। সেই সময়ে আগ্নেয়গিরির ছাই সূর্যের আলোকে ৯ মাস ধরে ঢেকে রেখেছিল। এত মৃত্যু, এত রোগ, ভিটামিন ডি-এর অভাবে, এত ক্ষুধা। এটি হল শয়তানী জলবায়ু বিজ্ঞানীদের তৈরি বাস্তবতা। তারা আমাদের ক্ষুধার্ত করে তোলে, যার ফলে আমরা বাঁচতে পারি না। পৃথিবীর জনসংখ্যার অর্ধেক সেই বছর মারা যায়। তারা গম্বুজটি স্থাপন করেছিলেন, আমরা বুঝতে পারছি না এটি দিন না রাত। সেপ্টেম্বর অক্টোবর নভেম্বর ডিসেম্বর জানুয়ারি ফেব্রুয়ারি মার্চ এপ্রিল এবং এখন মে হল ৯ মাসের অন্ধকার শীতকাল। এটি কি বিশ্ব উষ্ণায়ন নয়? জেগে ওঠো, সবকিছুই অন্য কোনও প্রতারণা ছাড়া আর কিছুই নয়। জেগে ওঠো, এই অপরাধীরা আমাদের সবাইকে হত্যা করতে চায়।",AGAINST,0,0.9986823,AGAINST,0,0.9827004,AGAINST,0,0.99810874,AGAINST,0,0.9931638,AGAINST,0,0.9930935,0.9931638,0.9930935,3,0.0024745346,0.0025061825,0,0.004361632,0.004400285,0,3,3/3 Unanimous
124,"১৯৭৮ সালে ""জলবায়ু পরিবর্তন বিশেষজ্ঞরা"" বলেছিলেন যে ১০ বছরেরও কম সময়ের মধ্যে একটি বরফ যুগ আসছে। আমরা যদি কিছু না করি তবে গ্রহের উপরের এবং নীচের ২৫% বরফের নিচে ২ মাইলেরও কম বরফের নিচে থাকবে। ""বিশেষজ্ঞরা"" বলেছেন যে এটি মানবজাতির জন্য একটি অস্তিত্বগত হুমকি। আমাদের একবার বোকা বানিয়ে দিন।",AGAINST,0,0.9929287,AGAINST,0,0.98423207,AGAINST,0,0.98172116,AGAINST,0,0.986294,AGAINST,0,0.9863455,0.986294,0.9863455,3,0.003488992,0.003519668,0,0.010217029,0.010134747,0,3,3/3 Unanimous
125,"আমি এমন একটি ভিডিওর জন্য ইউটিউবে অনুসন্ধান করছিলাম যা মানুষের কারণে জলবায়ু পরিবর্তন হচ্ছে তা প্রমাণ করার জন্য প্রয়োজনীয় বিজ্ঞান প্রদর্শন করে, কিন্তু আমি কোনো তথ্য খুঁজে পাইনি। এই বিষয়গুলি প্রমাণ করার জন্য ব্যবহৃত বিজ্ঞানের একটি ভিডিও কি কেউ আমাকে দিতে পারবেন? এটি অত্যন্ত উপকৃত হব।",NONE,2,0.9160478,FAVOR,1,0.6065052,AGAINST,0,0.7625151,NONE,2,0.46757352,NONE,2,0.470106,0.30115816,0.2955289,1,0.2312683,0.23436505,1,0.46757352,0.470106,1,1,1/3 Weak/Plurality
126,সিএনএন-এর অপারেশন ডিরেক্টর বিশ্বের কাছে এই প্রচারটি পরবর্তী বলে জানান। সম্পূর্ণ মিথ্যে।,AGAINST,0,0.9878731,AGAINST,0,0.9818341,AGAINST,0,0.9919688,AGAINST,0,0.98722535,AGAINST,0,0.9871632,0.98722535,0.9871632,3,0.0022502586,0.0022754008,0,0.010524367,0.010561356,0,3,3/3 Unanimous
127,"আমি বহুদিন বিল নিউই দেখিনি, তবুও তিনি একই রকম আছেন।",NONE,2,0.9590863,NONE,2,0.91879696,NONE,2,0.9245828,NONE,2,0.9341553,NONE,2,0.9342507,0.044461366,0.044348262,0,0.021383299,0.02140098,0,0.9341553,0.9342507,3,3,3/3 Unanimous
128,"আমার মনে হয় বিশ্বের মানুষকে এমন কিছু বিনিয়োগের সুযোগ দেওয়া যা নিরাপদ এবং দুর্দান্ত লভ্যাংশ প্রদান করে, সেটাই সর্বোত্তম সমাধান। বিশ্বের উন্নত দেশগুলি একটি ""পৃথিবী বণ্ড""-এর জন্য সমর্থন এবং নিশ্চয়তা প্রদান করতে পারে যা গ্যারান্টির কোনও সীমা ছাড়াই বার্ষিক মুদ্রাস্ফীতি-সমন্বিত লভ্যাংশ দেয় এবং যুদ্ধের বন্ডের মতো মালিকানার কোনও সীমা নেই। বণ্ড তহবিলগুলি কেবল ২টি উদ্দেশ্যে ব্যবহার করা হবে: ১) আমাদের গ্রহের স্বাস্থ্যের উন্নতির জন্য প্রকল্প। ২) বিশ্বের দরিদ্র মানুষদের কর্মসংস্থান, সুবিধা এবং ন্যায্য ক্ষতিপূরণ প্রদান করা। মূলত আপনি পৃথিবীর স্বাস্থ্যের উন্নতির জন্য বিশ্বের দরিদ্রদের নিযুক্ত করবেন এবং নিশ্চিত বার্ষিক ৮% মুদ্রাস্ফীতি-সমন্বিত লভ্যাংশের মাধ্যমে এই উদ্যোগগুলিতে বিনিয়োগের জন্য প্রত্যেককে প্রচুর প্রণোদনা দেবেন। প্রত্যেকেই জয়ী হয় এবং কেউই অনুভব করে না যে তাদের ""কর দিয়ে"" ""নেওয়া"" হয়েছে, যা কখনও কাজ করে না।",NONE,2,0.98144734,NONE,2,0.9551369,NONE,2,0.65278137,NONE,2,0.8631218,NONE,2,0.86570907,0.017040847,0.017153492,0,0.11983732,0.11713747,0,0.8631218,0.86570907,3,3,3/3 Unanimous
129,আশা করি এই ভিডিওটি ২০ বছরের মধ্যে এখানে থাকবে।,NONE,2,0.99286497,NONE,2,0.98904735,NONE,2,0.9801508,NONE,2,0.98735446,NONE,2,0.9874413,0.004660366,0.004638583,0,0.007985252,0.007920097,0,0.98735446,0.9874413,3,3,3/3 Unanimous
130,আমাদের সবচেয়ে বড় উদ্বেগের বিষয় হল যে জলবায়ু পরিবর্তন চীন এবং একটি অবৈধ মার্কিন রাষ্ট্রপতি ও সরকারের বিষয়ে আমাদের বৈধ উদ্বেগকে থামিয়ে দিচ্ছে। জলবায়ু সর্বদা পরিবর্তিত হয়েছে এবং সর্বদা পরিবর্তিত হবে। আমি ট্রাম্প এবং তাঁর উদ্দেশ্য সম্পর্কে সততার অভাব অনুভব করি।,AGAINST,0,0.7344665,AGAINST,0,0.88255244,AGAINST,0,0.87642854,AGAINST,0,0.83114916,AGAINST,0,0.8306736,0.83114916,0.8306736,3,0.06472785,0.064948805,0,0.104123,0.10437766,0,3,3/3 Unanimous
131,জলবায়ু পরিবর্তন = সেলিব্রিটি চালিত উন্মাদনা।,AGAINST,0,0.9989213,AGAINST,0,0.9666707,AGAINST,0,0.65784514,AGAINST,0,0.874479,AGAINST,0,0.87714064,0.874479,0.87714064,3,0.018772408,0.018400172,0,0.10674854,0.1044591,0,3,3/3 Unanimous
132,"আমি বিল নাইজেকে বিরোধিতা করছি না, তবে তিনি এই বিষয়ে কীভাবে শিক্ষিত হলেন? উনি একজন যান্ত্রিক প্রকৌশলী। কেউ যদি আমাকে জানান দয়া করে, আমি তাঁকে খুব ভালোবাসি।",AGAINST,0,0.5650097,AGAINST,0,0.51475865,NONE,2,0.71933174,NONE,2,0.4643542,NONE,2,0.4612974,0.38672018,0.3904812,2,0.14892566,0.14822137,0,0.4643542,0.4612974,1,2,2/3 Majority
133,বিল নাইস দ্য সায়েন্স গাইয়ের সঙ্গে ছড়িয়ে পড়ার মতো শব্দ তৈরি করার চেষ্টা করেছিল কেউ? উদাহরণ: বিল নাইস দ্য রুশ স্পাই অথবা বিল নাইস আই হেট মাই লাইফ। আমিই কি একমাত্র?,NONE,2,0.9973195,NONE,2,0.5551537,NONE,2,0.9929981,NONE,2,0.8484905,NONE,2,0.8464502,0.14889537,0.15091665,0,0.0026141368,0.0026331071,0,0.8484905,0.8464502,3,3,3/3 Unanimous
134,পোভ: আপনাকে একটি ওয়েবকুইস্টের জন্য এটি দেখতে হবে।,NONE,2,0.9863664,NONE,2,0.7243071,NONE,2,0.45280737,NONE,2,0.72116035,NONE,2,0.72433054,0.18259434,0.17973329,0,0.09624534,0.09593609,0,0.72116035,0.72433054,3,3,3/3 Unanimous
135,বিল নাইস একজন প্রতারক। এই পুরো ভিডিওটি মিথ্যারে ভরা। তালিকাভুক্ত করার মতো অনেকগুলি আছে।,AGAINST,0,0.9818527,AGAINST,0,0.9856213,AGAINST,0,0.995577,AGAINST,0,0.9876836,AGAINST,0,0.98758817,0.9876836,0.98758817,3,0.0050043133,0.005057415,0,0.0073120445,0.0073544425,0,3,3/3 Unanimous
136,"ইউটিউব চ্যানেল ""নেচার ব্যাটস লাস্ট""-এ গ্লোবাল ওয়ার্মিং-এর ভিডিওগুলি দেখুন। তাদের কথক বলে যে এখন যে অনিয়ন্ত্রিত বৈশ্বিক উষ্ণায়ন ঘটেছে তার কারণে পৃথিবীর সমস্ত জীবন ২০২৬ সালের মধ্যে বিলুপ্ত হয়ে যাবে। এই ভিডিওগুলিতে আরও বলা হয়েছে যে এই প্রক্রিয়াটি এখনও কখনও কখনও গুরুতর শীতকালীন ঝড় এবং গুরুতর ঠাণ্ডা পড়বে, তবে শুধুমাত্র কখনও কখনও, ২০২৬ সালের মধ্যে সমস্ত জীবন বিলুপ্ত হওয়ার আগে।",NONE,2,0.71276265,AGAINST,0,0.980097,NONE,2,0.72006756,AGAINST,0,0.51041526,AGAINST,0,0.51378405,0.51041526,0.51378405,1,0.00748433,0.0074588014,0,0.4821004,0.47875708,2,2,2/3 Majority
137,আমি কখনো জানতাম না যে আব্রাহাম লিংকন পুনরুত্থিত হয়েছিলেন।,AGAINST,0,0.7524358,NONE,2,0.97512585,NONE,2,0.9521775,NONE,2,0.7232275,NONE,2,0.7208134,0.27272585,0.27511466,1,0.004046623,0.0040718727,0,0.7232275,0.7208134,2,2,2/3 Majority
138,একটি আগ্নেয়গিরি আমাদের কখনই যতটা পরিবর্তন ঘটাবে তার চেয়ে বেশি পরিবর্তন ঘটায়।,NONE,2,0.9192478,NONE,2,0.6457833,FAVOR,1,0.8349715,NONE,2,0.5764287,NONE,2,0.58137184,0.12254909,0.12417432,0,0.30102214,0.29445383,1,0.5764287,0.58137184,2,2,2/3 Majority
139,"বিল নাইস, বিল বিল বিল!",AGAINST,0,0.9554528,AGAINST,0,0.94950104,NONE,2,0.70310134,AGAINST,0,0.72866577,AGAINST,0,0.73420006,0.72866577,0.73420006,2,0.0076165204,0.0075180354,0,0.2637178,0.25828192,1,2,2/3 Majority
140,প্রত্যেকের জীবনে কোনও না কোনও সময়ে: বিল বিল বিল বিল বিল নাই আপনার মায়ের কাছে একজন পুরুষের প্রস্তাব,NONE,2,0.9847419,NONE,2,0.9757589,FAVOR,1,0.7213687,NONE,2,0.74611396,NONE,2,0.751902,0.010550885,0.0106729455,0,0.24333517,0.23742498,1,0.74611396,0.751902,2,2,2/3 Majority
141,"আয়, এডপজল্‌স করার আগে এবং পরে সকলের জন্য এখানে উপস্থিত থাকুন। প্রথম প্রশ্ন: ৯৭% বিজ্ঞানী বিশ্বাস করেন যে মানুষ জলবায়ু পরিবর্তন ঘটায়। উত্তর: সত্য দ্বিতীয় প্রশ্ন: অতিরিক্ত গ্রিনহাউস গ্যাস আমাদের পরিবেশের জন্য ক্ষতিকারক হতে পারে। উত্তর: সত্য তৃতীয় প্রশ্ন: ১৮শ শতাব্দী থেকে মহাসাগরীয় অম্লীকরণ কতটা বৃদ্ধি পেয়েছে? উত্তর: ৩০% ৪র্থ প্রশ্ন: সমুদ্রপৃষ্ঠের উচ্চতা বৃদ্ধির কারণগুলির মধ্যে কোনটি নয়? উত্তর: ক্যালিফোর্নিয়ার মতো উপকূলবর্তী রাজ্যগুলিতে জল তাদের বাড়ি থেকে সমুদ্রে প্রবাহিত হয়ে উপকূলীয় বন্যা সৃষ্টি করে। পঞ্চম প্রশ্ন: 'বিভাজন' শব্দের অর্থ কী? পরিণাম ৬ষ্ঠ প্রশ্ন: যা করা উচিত তা হল, যা করা উচিত তা হল, যা করা উচিত তা হল, যা করা উচিত তা হল, যা করা উচিত তা হল, যা করা উচিত তা হল, যা করা উচিত তা হল, যা করা উচিত তা হল, যা করা উচিত তা হল, যা করা উচিত তা হল, যা করা উচিত তা হল, যা করা উচিত তা হল, যা করা উচিত তা হল, যা করা উচিত তা হল, যা করা উচিত তা হল, যা করা উচিত তা হল, যা করা উচিত তা হল, যা করা উচিত তা হল, যা করা উচিত তা হল, যা করা উচিত তা হল, যা করা উচিত তা হল, যা করা উচিত তা হল, যা করা উচিত তা হল, যা করা উচিত তা হল, যা করা উচিত তা হল, যা করা উচিত তা হল, যা করা উচিত তা হল, যা করা উচিত তা হল, যা করা উচিত তা is, যা করা উচিত তা হল, যা করা উচিত তা হল, যা করা উচিত তা is, যা করা উচিত তা হল, যা করা উচিত তা is, যা করা উচিত তা is, যা করা উচিত তা is, যা করা উচিত তা is, যা করা উচিত তা is, যা করা উচিত তা is, যা করা উচিত তা is, যা করা উচিত তা is, যা করা উচিত তা is, উত্তর: সমস্যাটিকে উপেক্ষা করুন কারণ এটি বাস্তব নয়। আশা করছি এটি সেই একই বই যা আপনারা রেখেছেন।",FAVOR,1,0.9513841,NONE,2,0.57604384,FAVOR,1,0.90099,FAVOR,1,0.75481874,FAVOR,1,0.7527025,0.009125435,0.009152176,0,0.75481874,0.7527025,2,0.23605579,0.23814537,1,2,2/3 Majority
142,টেক্সাসে তুষারপাত হয়েছে... বিশ্ব উষ্ণায়ন সংকট শেষ হয়েছে... বিশ্ব শীতলীকরণ সঙ্কট শুরু হয়।,AGAINST,0,0.9964438,AGAINST,0,0.9833998,AGAINST,0,0.9666473,AGAINST,0,0.98216367,AGAINST,0,0.9823482,0.98216367,0.9823482,3,0.005269186,0.0052225,0,0.01256715,0.012429322,0,3,3/3 Unanimous
143,"কল্পনা করুন যে ২,০০০ জনের মধ্যে একজন যে কেবল তথ্য বলেই একজনকে অপছন্দ করে।",NONE,2,0.5915121,NONE,2,0.943255,NONE,2,0.80166215,NONE,2,0.7788098,NONE,2,0.7787278,0.044468537,0.044653155,0,0.17672169,0.17661893,0,0.7788098,0.7787278,3,3,3/3 Unanimous
144,"এটি একটি ভালো PSA, কিন্তু আমি আরও কিছুটা দেখতে চাই।",FAVOR,1,0.5551504,NONE,2,0.71353793,NONE,2,0.9942977,NONE,2,0.67761993,NONE,2,0.67392397,0.047417168,0.047942303,0,0.27496293,0.27813372,1,0.67761993,0.67392397,2,2,2/3 Majority
145,"পৃথিবী টিঁকে থাকা পর্যন্ত, বপন ও ফসল তোলার সময়, শীত ও তাপ, গ্রীষ্ম ও শীত, দিন ও রাত্রি কখনই বন্ধ হবে না।উৎপত্তি ৮:২২",NONE,2,0.8045495,FAVOR,1,0.5365316,NONE,2,0.6001317,NONE,2,0.5938752,NONE,2,0.59355366,0.18712749,0.18451247,0,0.21899724,0.22193381,1,0.5938752,0.59355366,2,2,2/3 Majority
146,যাত্রার শেষ অংশটি হল শেষ। টনি স্টার্ক,NONE,2,0.9714074,NONE,2,0.89639395,NONE,2,0.9472701,NONE,2,0.9383572,NONE,2,0.93820405,0.019747308,0.019783579,0,0.041895542,0.04201237,0,0.9383572,0.93820405,3,3,3/3 Unanimous
147,"পৃথিবী তার নিজস্ব কাজ করে। শুরু থেকেই এটি করে আসছি। আমরা মহাকাশে ""গমন"" করছি। আমরা যাত্রার জন্য এখানে উপস্থিত। একবার শেষ হয়ে গেলে, সবকিছু আবার নতুন করে শুরু হবে। আমরা যা-ই করি না কেন। বিজ্ঞানে কেউ নেই। অথবা রাজনীতি। অথবা জলবায়ু পরিবর্তন তত্ত্ববিদরা এর বিষয়ে কিছু করতে বা কিছু করতে সক্ষম হবেন। এটা আপনার মাথায় ঢুকুন। যে কেউ যে তারা পারে বলে সমর্থন করে। আপনি কেবল তাদের নিজেদের উন্নত জীবনের জন্য সমর্থন করছেন। ওবামা'র। আমাদের জন্য সমুদ্রপথে আসা, তারপর সমুদ্রতীরবর্তী একটি বাড়ি কেনে। বার্নী ৩ হোমস এবং উপসাগরীয় স্রোত। কিন্তু জলবায়ু পরিবর্তন আমাদের মেরে ফেলবে। তারা সবাই বাড়িতে থাকে এবং দূষণ কতটা খারাপ তা জনগণকে বলার জন্য ব্যক্তিগত জেট উড়ায়। এই সমস্ত তথাকথিত কর্মীরা বি-তে দক্ষ অভিনেতা।s.. আমি যা বলি তাই করো, আমি যা করি সেটা করো না। এটি একটি পাওয়ার ট্রিপ। তাদের নাম ""লাইটে"" দেখতে পাওয়া এবং এটি দুর্দান্ত শোনায়।",AGAINST,0,0.9781326,AGAINST,0,0.95258635,AGAINST,0,0.9798043,AGAINST,0,0.9701744,AGAINST,0,0.9700407,0.9701744,0.9700407,3,0.0069468506,0.007010531,0,0.022878744,0.022948783,0,3,3/3 Unanimous
148,"আমি ভাবছিলাম, ""ওহ, ঠিক আছে, আমি এমন নিবন্ধ দেখেছি যে জলবায়ু পরিবর্তন অপরিবর্তনীয়, কিন্তু বিল বলে যে আমরা এটি ঠিক করতে পারি।"" ""অসাধারণ"" দেখেছিলাম এবং তারপর দেখি যে এটি ৫ বছর আগে প্রকাশিত হয়েছিল, ""আমাদের কিছু করতে হবে ভাই, এমনকি সে যে ছোট ছোট কথাগুলো বলেছিল, সেগুলোও।"" আমি পুনর্ব্যবহার করি, অল্প পরিমাণে মাংস খাই, সাইকেল চালাই, কম্পোস্ট করি, আবর্জনা সংগ্রহ করি এবং আরও অনেক কিছু করি। আপনারা সবাই এটি করতে পারবেন। আমরা এই মুহূর্তে এটিকে বিপরীতমুখী করতে পারব না, যদি না আমরা অবিলম্বে জীবাশ্ম জ্বালানি পোড়ানো এবং বিশ্বকে দূষিত করা বন্ধ করি, তবে আমরা জলবায়ু পরিবর্তনকে ধীর করতে পারি যাতে পরবর্তী প্রজন্ম পৃথিবীকে তার প্রকৃত সৌন্দর্যে দেখতে পায় এবং আজকে যে নিকাশী ব্যবস্থায় পরিণত হচ্ছে তাতে নয়।",FAVOR,1,0.9702588,NONE,2,0.9895592,FAVOR,1,0.98033303,FAVOR,1,0.6531045,FAVOR,1,0.6485071,0.0009037895,0.0009048161,0,0.6531045,0.6485071,2,0.3459917,0.35058802,1,2,2/3 Majority
149,৩০ বছর ধরে পৃথিবীর শেষ। এখনও পর্যন্ত একটিও ভিন্ন জিনিস নেই। বোকাদের বোকাসুলভ আচরণ করতে থাকো। জীবন পাওয়া!,AGAINST,0,0.98804677,AGAINST,0,0.9802596,AGAINST,0,0.966225,AGAINST,0,0.9781771,AGAINST,0,0.9783205,0.9781771,0.9783205,3,0.00556347,0.0056314855,0,0.01625943,0.016047996,0,3,3/3 Unanimous
150,আমি এটি কেবলমাত্র বিলের জন্য দেখছি।,NONE,2,0.7202618,AGAINST,0,0.8835871,NONE,2,0.9058144,NONE,2,0.57541937,NONE,2,0.5709778,0.40117764,0.40565473,1,0.023402939,0.02336739,0,0.57541937,0.5709778,2,2,2/3 Majority
151,"আপনি যদি জলবায়ু পরিবর্তন শেষ করতে চান, তাহলে আপনার এয়ার কন্ডিশনার/ফার্নেস ইনস্টলারকে আপনার ইউনিট প্রতিস্থাপন করার সময় দেখুন। রেফ্রিজারেন্টের একটি ইচ্ছাকৃত মুক্তি ৬ মাস ধরে একটি এসইউভি অলসভাবে চালানোর সমতুল্য। তাঁকে ভিডিওতে ধরুন, ইপিএ কোম্পানিকে বিশাল জরিমানা করবে এবং আপনি ৫,০০০ মার্কিন ডলার পুরস্কার পাবেন, কিন্তু আরও ভাল, আপনি পৃথিবীকে বাঁচাবেন। এবং এটি কীভাবে ঘটে আমি কিভাবে জানতে পারি? আমি এই ব্যক্তিদের সঙ্গে কাজ করেছি, তাই আমি জানি যে এটি ঘটে।",NONE,2,0.7658082,NONE,2,0.9782493,FAVOR,1,0.93081653,NONE,2,0.602899,NONE,2,0.6096794,0.017299281,0.017435167,0,0.37980175,0.37288544,1,0.602899,0.6096794,2,2,2/3 Majority
152,"উনি একজন ভুয়ো, এই বিষয়ে আলোচনা করার মতো কোনও পটভূমি তাঁর নেই... তিনি মতামত দেওয়ার অধিকারী...তাঁর তথ্য নয়! সবুজপিসের প্রতিষ্ঠাতার খোঁজ করুন। একজন জলবায়ুবিজ্ঞানী যিনি মৌলবাদীরা এটি দখল করার পরে সংগঠনটি পরিত্যাগ করেছিলেন। তিনি দাবি করেন যে, আমরা যদি জীবাশ্ম জ্বালানি আবিষ্কার না করতাম তাহলে বায়ুতে কার্বন ডাই অক্সাইড যোগ না করলে বৃষ্টি অরণ্য অস্তিত্বহীন হয়ে যেত... পরিচ্ছন্ন শক্তি হল লক্ষ্য, এমন কোনও চরম পরিবর্তন নয় যা সকলের জন্য ব্যয়বহুল এবং ভীতিকর। মহাসমুদ্রের উচ্চতা বৃদ্ধি পাচ্ছে... তাহলে ওবামা কেন কেপ কডের সমুদ্র সৈকতে ১৪ মিলিয়ন ডলারের একটি বাড়ি পেলেন?? এটি আমাদের উপর ""তামাক ষড়যন্ত্র তত্ত্ব"" খেলা হচ্ছে... মূলত ভুয়ো সংবাদ...",AGAINST,0,0.9989894,AGAINST,0,0.98173046,AGAINST,0,0.9698176,AGAINST,0,0.98351246,AGAINST,0,0.983672,0.98351246,0.983672,3,0.0037430134,0.003737371,0,0.012744526,0.012590595,0,3,3/3 Unanimous
153,বিল ন্য-এর পুরনো বিলগুলি আলাদা রকমের।,NONE,2,0.95219,NONE,2,0.7668153,NONE,2,0.98437595,NONE,2,0.9011271,NONE,2,0.8999913,0.09337697,0.09449559,0,0.0054959604,0.0055131055,0,0.9011271,0.8999913,3,3,3/3 Unanimous
154,আমি জানি না কেন উনিই একমাত্র ব্যক্তি যিনি অত্যন্ত বিরক্তিকর বিষয় নিয়ে আলোচনা করতে পারেন এবং আমি সত্যিই তাঁর কথা শুনি।,NONE,2,0.78003144,NONE,2,0.87934715,NONE,2,0.82315946,NONE,2,0.8275127,NONE,2,0.82762325,0.053603392,0.05325546,0,0.11888394,0.11912131,0,0.8275127,0.82762325,3,3,3/3 Unanimous
155,জলবায়ু পরিবর্তন বাস্তব নয়। বাইরে প্রবল বন্যার দিকে তাকিয়ে ...,AGAINST,0,0.9988261,AGAINST,0,0.9705025,AGAINST,0,0.9968755,AGAINST,0,0.9887347,AGAINST,0,0.9886178,0.9887347,0.9886178,3,0.007574174,0.007673275,0,0.003691133,0.0037089186,0,3,3/3 Unanimous
156,বিল নাইস কেন আব্রাহাম লিংকনের মতো দেখতে?,NONE,2,0.6253588,NONE,2,0.9437014,NONE,2,0.60387033,NONE,2,0.72431016,NONE,2,0.72598195,0.1425087,0.14356,0,0.13318108,0.13045797,0,0.72431016,0.72598195,3,3,3/3 Unanimous
157,এটা বেশ ভালো এবং চমৎকার। কিন্তু আমি এটি কেবল স্কুলের জন্য করছি এবং আমি সত্যিই কিছু মনে করি না।,FAVOR,1,0.75066555,NONE,2,0.9314136,NONE,2,0.9386172,NONE,2,0.6979346,NONE,2,0.69536114,0.011082571,0.011183514,0,0.29098275,0.29345536,1,0.6979346,0.69536114,2,2,2/3 Majority
158,"ভিডিওটি আমার কানে বাজে, আমি অপমানিত বোধ করছি, আমার জীবন ভালো যাচ্ছে।",NONE,2,0.934002,NONE,2,0.9640822,NONE,2,0.9955296,NONE,2,0.9645379,NONE,2,0.96417165,0.0116809765,0.011799432,0,0.023781106,0.024028886,0,0.9645379,0.96417165,3,3,3/3 Unanimous
159,"বিশ্বস্তরীয় নেতৃত্ব কেবল জলবায়ু পরিবর্তনের চেয়েও বেশি একটি সমস্যা। আইপিপিসি বলেছে যে, কার্বন ডাই অক্সাইড বিশ্ব উষ্ণায়নের প্রধান খেলোয়াড় নয়। তাহলে, পৃথিবীর তাপমাত্রা কতটা হ্রাস করতে হবে এবং এর জন্য কত খরচ হবে? কার্বন নিঃসরণ হ্রাস করার সঙ্গে জড়িত জলবায়ু পরিবর্তনমূলক পদক্ষেপগুলি ব্যয়বহুল নয়। যদি তাই হয়, আমাকে দেখান।",FAVOR,1,0.8459932,AGAINST,0,0.53431606,FAVOR,1,0.91637397,FAVOR,1,0.7302882,FAVOR,1,0.7277476,0.21922044,0.22209038,1,0.7302882,0.7277476,2,0.050491393,0.050162002,0,2,2/3 Majority
160,পৃথিবীর সঠিক তাপমাত্রা কত?,AGAINST,0,0.7063331,NONE,2,0.8036722,AGAINST,0,0.8268012,AGAINST,0,0.5636734,AGAINST,0,0.5601049,0.5636734,0.5601049,2,0.01363738,0.013811995,0,0.4226893,0.42608315,1,2,2/3 Majority
161,জলবায়ু পরিবর্তনের কত শতাংশ মানুষের কারণে ঘটে?,NONE,2,0.65441144,FAVOR,1,0.4840527,NONE,2,0.5653226,NONE,2,0.52944726,NONE,2,0.5288402,0.1978373,0.19577959,0,0.27271548,0.2753802,1,0.52944726,0.5288402,2,2,2/3 Majority
162,অনলাইনে ক্লাস আমাকে কোথায় নিয়ে গেছে।,NONE,2,0.8869258,NONE,2,0.9930448,NONE,2,0.9794214,NONE,2,0.95313066,NONE,2,0.95286596,0.04420818,0.044446927,0,0.0026611506,0.0026870656,0,0.95313066,0.95286596,3,3,3/3 Unanimous
163,"আমি বিল দেখেছি বলেই কি ক্লিক করেছি, এটা কি খারাপ?",NONE,2,0.8301947,NONE,2,0.7936941,NONE,2,0.85197836,NONE,2,0.825289,NONE,2,0.824938,0.099918745,0.10101485,0,0.07479226,0.07404717,0,0.825289,0.824938,3,3,3/3 Unanimous
164,আমি এটি স্কুল জীবনের জন্য দেখছি।;-;,NONE,2,0.981079,NONE,2,0.98743886,NONE,2,0.9957618,NONE,2,0.9880932,NONE,2,0.98800194,0.0037479606,0.0037701405,0,0.008158815,0.008227875,0,0.9880932,0.98800194,3,3,3/3 Unanimous
165,wow.. মন্তব্যে উপস্থিত সকলেই বোকা।,NONE,2,0.9889727,AGAINST,0,0.95634645,AGAINST,0,0.555273,AGAINST,0,0.5072076,AGAINST,0,0.5071533,0.5072076,0.5071533,2,0.010283934,0.010120368,0,0.48250842,0.48272628,1,2,2/3 Majority
166,"১৯৯০-এর দশকের গোড়ার দিকে আল গোর বলেছিলেন যে দশকের শেষের দিকে মেরু বরফের আবরণ গলে যাবে। আল গোর যখন এই বিবৃতি দিয়েছিলেন তখন পৃথিবীতে ১,৯৮,০০০ হিমবাহ ছিল, আজও ১,৯৮,০০০ হিমবাহ রয়েছে এবং উত্তর ও দক্ষিণ মেরুতে এখনও প্রচুর বরফ রয়েছে। মনে রাখবেন আল গোর এই বৈশ্বিক উষ্ণায়ন গুজবটি প্রত্যেককে বললে শত শত মিলিয়ন ডলার উপার্জন করেছিলেন।",AGAINST,0,0.9990465,AGAINST,0,0.9844487,AGAINST,0,0.9857854,AGAINST,0,0.9897602,AGAINST,0,0.98980105,0.9897602,0.98980105,3,0.0019314411,0.0019545709,0,0.008308346,0.008244378,0,3,3/3 Unanimous
167,"না, এটি কীভাবে কাজ করে এমন নয়। জলবায়ু পরিবর্তন মানুষের দ্বারা সৃষ্ট নয়। পৃথিবী এই পর্যায়ে থাকাকালীন, এটি নিজে থেকেই উষ্ণ হয়ে উঠছে।",AGAINST,0,0.99515164,AGAINST,0,0.9824318,AGAINST,0,0.99799335,AGAINST,0,0.99185896,AGAINST,0,0.99177575,0.99185896,0.99177575,3,0.0040279035,0.004079206,0,0.0041131848,0.0041450374,0,3,3/3 Unanimous
168,হয়তো কিছু মানুষ এলিয়েনদের দ্বারা উদ্ধার পাবে। মানুষ এমন চিড়িয়াখানায় থাকবে যেখানে এলিয়েনরা আগ্রহী হতে পারে যে আমরা কিভাবে কিছুই না করে পুরো জীবন বাঁচতে পারি।,NONE,2,0.93581676,NONE,2,0.98974645,NONE,2,0.9103849,NONE,2,0.945316,NONE,2,0.94577897,0.025719436,0.02517652,0,0.028964564,0.029044537,0,0.945316,0.94577897,3,3,3/3 Unanimous
169,জলবায়ু পরিবর্তন বনাম জলবায়ু পরিবর্তন ক্ষুদ্র ঋতু বনাম বৃহৎ ঋতু। বিশ্ব মরশুম বনাম মহাদেশীয় মরশুম। যদি তাদের চোখ কেবল ভীতিপ্রদ বিজ্ঞানের দিকে না থাকে তবে তারা দেখবে যে এটি প্রকৃতির উপায় এবং বহু বছর ধরে এটিই চলছে। কিন্তু প্রথমে আগুন হিমায়িত হওয়ার আগে। বিশ্ব উষ্ণায়ন এবং জলবায়ু পরিবর্তন কেবল অর্থ উপার্জনের জন্য ভয় সৃষ্টি করার জন্য ভুলভাবে ব্যাখ্যা করা হয়েছে। সেইটুকুই।,AGAINST,0,0.9991743,AGAINST,0,0.9851658,AGAINST,0,0.99512595,AGAINST,0,0.9931553,AGAINST,0,0.99312294,0.9931553,0.99312294,3,0.0030347614,0.003065009,0,0.0038099086,0.0038120388,0,3,3/3 Unanimous
170,আমি বিদ্যালয়ে উপস্থিত থাকি: বিল! বিল! বিল! বিল! বিল নাইস!,AGAINST,0,0.94708616,NONE,2,0.9517748,NONE,2,0.7059763,NONE,2,0.5689833,NONE,2,0.56780386,0.3530911,0.35610834,1,0.07792559,0.07608778,0,0.5689833,0.56780386,2,2,2/3 Majority
171,আমি জানি যে আমরা সকলেই এই ভিডিওটি দেখতে বাধ্য এবং ভিডিও চলাকালীন আমরা মন্তব্য বিভাগটি দেখছি কারণ মন্তব্য বিভাগটি ভিডিওটির চেয়ে বেশি আকর্ষণীয়।,NONE,2,0.98638827,NONE,2,0.9911237,NONE,2,0.998781,NONE,2,0.9920976,NONE,2,0.9920176,0.002139238,0.0021636235,0,0.0057630963,0.0058186906,0,0.9920976,0.9920176,3,3,3/3 Unanimous
172,"কিউ: জলবায়ু পরিবর্তন কি বাস্তব? A: মার্কিন যুক্তরাষ্ট্রে, না। হ্যাঁ, আমাদের বাইরে। q: কেন? একটি: মার্কিন যুক্তরাষ্ট্রে, জলবায়ু পরিবর্তন = সরকার আমার অর্থ নিতে চায় এবং জলবায়ুর পতাকার নীচে সামাজিক কর্মসূচি করতে চায়। আমি সর্বত্র গাড়ি চালানোর জন্য বাধ্য হওয়ায় ব্যবস্থাটির (জোনিং ব্যবস্থা) জন্য মার্কিন সরকার আমাকে শাস্তি দিতে চায়। আমি যখন প্রতিটি কাজের জন্য লাইসেন্সের প্রয়োজন হয় তখন মাংস খাওয়ার জন্য আমাকে শাস্তি দিতে চায়। অতএব, জলবায়ু পরিবর্তন মার্কিন যুক্তরাষ্ট্রে একটি ভ্রান্ত ধারণা।",AGAINST,0,0.6540185,NONE,2,0.46966517,NONE,2,0.8795585,NONE,2,0.5027761,NONE,2,0.498292,0.35755304,0.36096126,1,0.13967083,0.14074664,0,0.5027761,0.498292,2,2,2/3 Majority
173,"ট্রাম্প সমর্থকরা: ""এটা আসল নয়""",NONE,2,0.9960997,NONE,2,0.78855926,NONE,2,0.59546626,NONE,2,0.793375,NONE,2,0.79570496,0.011591238,0.011685166,0,0.19503368,0.19260983,0,0.793375,0.79570496,3,3,3/3 Unanimous
174,আমি এটি একটি স্কুল প্রকল্পের জন্য দেখছি।,NONE,2,0.9580888,NONE,2,0.965859,NONE,2,0.99593496,NONE,2,0.97329426,NONE,2,0.9730186,0.0058743283,0.005911501,0,0.020831376,0.021069866,0,0.97329426,0.9730186,3,3,3/3 Unanimous
175,"আমি এর সাথে একমত, ""খাবার কম মাংস"" অংশটি ছাড়া। হ্যাঁ, আমি সেই জায়গা থেকেই প্রোটিন গ্রহণ করি, ডায়াবেটিসের কারণে আমি ভেগানদের মতো বিনস খেতে পারি না। আমি শস্য বা কার্বোহাইড্রেট গ্রহণ করি না।",NONE,2,0.6199475,NONE,2,0.5223312,NONE,2,0.5771426,NONE,2,0.57314044,NONE,2,0.5730352,0.25620058,0.25436655,0,0.17065902,0.1725983,0,0.57314044,0.5730352,3,3,3/3 Unanimous
176,তিনি নিঃসন্দেহে সেই বছরগুলিতে তাঁর কৌতুক বোধ হারিয়ে ফেলেছিলেন। আর কে স্কুলে যাওয়ার জন্য এটি করছে?,NONE,2,0.5727306,NONE,2,0.92050046,AGAINST,0,0.6049281,NONE,2,0.62460804,NONE,2,0.62782544,0.36062226,0.35739315,1,0.014769699,0.0147813745,0,0.62460804,0.62782544,2,2,2/3 Majority
177,জলবায়ু পরিবর্তন সম্পর্কে কাউকে কিছু করতে হবে।,FAVOR,1,0.8558803,NONE,2,0.67970586,FAVOR,1,0.5497504,FAVOR,1,0.56478375,FAVOR,1,0.5646458,0.020028783,0.02008203,0,0.56478375,0.5646458,2,0.4151875,0.41527212,1,2,2/3 Majority
178,চিরজীবন! প্রত্যেকের জন্য সর্বোত্তম বিনামূল্যের সরঞ্জাম এবং খাদ্য আমার ওয়েবসাইটে উপলব্ধ।,FAVOR,1,0.8806035,FAVOR,1,0.9599346,NONE,2,0.8022531,FAVOR,1,0.6762287,FAVOR,1,0.68231225,0.006737637,0.00670607,0,0.6762287,0.68231225,2,0.31703368,0.31098163,1,2,2/3 Majority
179,"হ্যাঁ, আমি ওয়াল স্ট্রিটের নেকড়ে অ্যাপেলসে পরিবর্তন করেছি। আমার ওয়েবসাইটে সর্বকালের সেরা বিনামূল্যের সরঞ্জাম এবং খাবার রয়েছে।",NONE,2,0.97986335,NONE,2,0.7878643,NONE,2,0.98154324,NONE,2,0.9164236,NONE,2,0.9155084,0.056088913,0.056843717,0,0.027487472,0.027647927,0,0.9164236,0.9155084,3,3,3/3 Unanimous
180,মায়ের একটি বাচ্চা হয় এবং তার মাথা ফেটে যায়।,NONE,2,0.9324819,NONE,2,0.85671884,NONE,2,0.99755424,NONE,2,0.92891836,NONE,2,0.9280259,0.047534093,0.04811631,0,0.023547588,0.023857763,0,0.92891836,0.9280259,3,3,3/3 Unanimous
181,ব্যক্তিগতভাবে প্রত্যেকের জন্য সর্বোত্তম বিনামূল্যের সরঞ্জাম এবং খাবার - আমার ওয়েবসাইটে,FAVOR,1,0.9443993,FAVOR,1,0.7445749,NONE,2,0.9734259,FAVOR,1,0.57016,FAVOR,1,0.57683355,0.003826146,0.003813719,0,0.57016,0.57683355,2,0.42601386,0.41935268,1,2,2/3 Majority
182,"জলবায়ু পরিবর্তন নিয়ে ৯৭% ঐক্যমত্য ভ্রান্ত! বিশ্ববিদ্যালয় অব ইলিনয় ২০০৯ সালের একটি সমীক্ষা ১০,০০০ পৃথিবী বিজ্ঞানীকে পাঠিয়েছিল... q১.. আপনি কি একমত যে ১৮০০ খ্রিষ্টাব্দের আগে থেকে বিশ্ব তাপমাত্রা সাধারণত বৃদ্ধি পেয়েছে? (২৮৩১ জন হ্যাঁ বলেছিলেন) q২.. মানব ক্রিয়াকলাপ একটি উল্লেখযোগ্য অবদানকারী কারণ বলে আপনার কি মনে হয়? (২২৯৬ হ্যাঁ বলেছিল) যা প্রকাশ পাচ্ছে তা হল ৭৭ জন উত্তরদাতার মধ্যে ৭৫ জন যারা নিজেদের ""জলবায়ু বিশেষজ্ঞ"" হিসাবে বর্ণনা করেছেন তারা কিউ২-এর জন্য হ্যাঁ বলেছেন। এবং এই হল যেখানে প্রকৃত ৯৭% এসেছে।",AGAINST,0,0.5691643,NONE,2,0.91295636,AGAINST,0,0.95642865,AGAINST,0,0.5343134,AGAINST,0,0.5288103,0.5343134,0.5288103,2,0.011603824,0.011733299,0,0.45408285,0.45945638,1,2,2/3 Majority
183,"বিল নাইস বিজ্ঞানী নন, তাই তাঁকে এটি ব্যাখ্যা করতে বলার কারণ আমি জানি না।",AGAINST,0,0.9946079,AGAINST,0,0.75467795,AGAINST,0,0.9837811,AGAINST,0,0.91102237,AGAINST,0,0.9099852,0.91102237,0.9099852,3,0.05118948,0.05190078,0,0.03778821,0.038114034,0,3,3/3 Unanimous
184,পৃথিবী একটি বন্ধ লুপ যা জীবন সহকারে সিও২-কে স্ব-নিয়ন্ত্রণ করে। জলবায়ু পরিবর্তন পৃথিবীর অক্ষের ঢাল এবং সূর্যের সান্নিধ্যের পরিবর্তনের কারণে ঘটে এবং সর্বদা ঘটবে। আমাদের জল গ্রহের জলবায়ু চক্রগুলি হল মহাদেশীয় হিমবাহ যা উত্তর নক্ষত্রের প্রিজেশনের প্রতি ১৩ কে বছর অন্তর বিশ্বব্যাপী সুনামির দ্বারা নিম্ন সমুদ্রপৃষ্ঠের স্তর নিয়ে আসে।,FAVOR,1,0.7372605,AGAINST,0,0.85938144,FAVOR,1,0.56626683,FAVOR,1,0.44488248,FAVOR,1,0.44297755,0.35746503,0.3618123,1,0.44488248,0.44297755,2,0.19765241,0.19521004,0,2,2/3 Majority
185,পছন্দ অপেক্ষা বেশি অপছন্দ কেন?,NONE,2,0.7246403,AGAINST,0,0.79651165,NONE,2,0.58185524,NONE,2,0.49677786,NONE,2,0.49541652,0.47444907,0.47619063,1,0.028773097,0.028392866,0,0.49677786,0.49541652,2,2,2/3 Majority
186,ডায়েট প্রাদা (ক্যান্টি আমাকে সে বলেছে) আমি। আমার ওয়েবসাইটে সর্বকালের সেরা বিনামূল্যের সরঞ্জাম এবং খাবার রয়েছে।,NONE,2,0.9982924,NONE,2,0.9805115,NONE,2,0.99528295,NONE,2,0.9913623,NONE,2,0.9913036,0.0019371575,0.0019518017,0,0.0067005754,0.0067445887,0,0.9913623,0.9913036,3,3,3/3 Unanimous
187,আমি ওয়াল স্ট্রিট-এর নেকড়ে অ্যাপলেসে পরিবর্তন করেছি। কানিয়ে ওয়েস্ট আমাকে ডায়েট প্রদা বলে ডাকতেন। আমার ওয়েবসাইটে সর্বকালের সেরা বিনামূল্যের সরঞ্জাম এবং খাবার রয়েছে।,NONE,2,0.9917808,NONE,2,0.93463326,NONE,2,0.94163054,NONE,2,0.9560149,NONE,2,0.9561601,0.011783159,0.011902187,0,0.032202013,0.03193766,0,0.9560149,0.9561601,3,3,3/3 Unanimous
188,প্রায় জীবন্ত!,NONE,2,0.95234054,NONE,2,0.9388863,NONE,2,0.5883945,NONE,2,0.82654047,NONE,2,0.829479,0.16278398,0.15978721,0,0.010675571,0.010733786,0,0.82654047,0.829479,3,3,3/3 Unanimous
189,সঠিক খাবার খেয়ে কয়েক দশক ধরে জীবন লাভ করুন। আমার ওয়েবসাইটে সর্বকালের সেরা বিনামূল্যের সরঞ্জাম এবং খাবার রয়েছে।,FAVOR,1,0.8744564,FAVOR,1,0.97150254,FAVOR,1,0.9879815,FAVOR,1,0.94464684,FAVOR,1,0.94416606,0.0048982594,0.004950356,0,0.94464684,0.94416606,3,0.0504549,0.050883505,0,3,3/3 Unanimous
190,"অলিগarchy জীবাশ্ম জ্বালানি শিল্প এবং বড় তেল সংস্থাগুলির বিরুদ্ধে একটি মিথ্যা বর্ণনা তৈরি করতে জ্ঞানীয় পক্ষপাত ব্যবহার করছে যাতে তারা পছন্দ নিয়ন্ত্রণ করতে পারে। তারা গরু ও বাড়ি এবং গাড়ি থেকে মুক্তি পেতে চায়। আমাদেরকে কাদামাখা কুঁড়েঘরে থাকতে বাধ্য করছে। পৃথিবী শীতল হচ্ছে, উষ্ণ হচ্ছে না। জলবায়ু পরিবর্তন হল পৃথিবীর একটি প্রাকৃতিক চক্র। এটি কোনও বিশ্বব্যাপী বিপর্যয় নয়।",AGAINST,0,0.9409805,AGAINST,0,0.95116234,AGAINST,0,0.99654514,AGAINST,0,0.96289593,AGAINST,0,0.9624855,0.96289593,0.9624855,3,0.012286052,0.012422447,0,0.024817906,0.025091985,0,3,3/3 Unanimous
191,"নেট ম্যাকটুলকে ধন্যবাদ, যিনি আমার গ্রেড সফলভাবে উন্নত করেছেন _ .",NONE,2,0.9975822,NONE,2,0.74716103,NONE,2,0.8547403,NONE,2,0.8664945,NONE,2,0.8664969,0.12510547,0.12513947,0,0.008400007,0.008363569,0,0.8664945,0.8664969,3,3,3/3 Unanimous
192,"পৃথিবী ইতিমধ্যেই চলে গেছে, জলবায়ু পরিবর্তন হচ্ছে এবং বিশ্ব নেতারা এটি বন্ধ করতে খুবই অলস।",FAVOR,1,0.99848735,FAVOR,1,0.9848322,FAVOR,1,0.9943785,FAVOR,1,0.99256605,FAVOR,1,0.99253577,0.0043296595,0.004363439,0,0.99256605,0.99253577,3,0.0031042697,0.0031007105,0,3,3/3 Unanimous
193,বিল নাই বিল নাইস বিল নাইস জানেন যে আপনার অনলাইন স্কুলের জন্য এই ভিডিওটি ছিল।,AGAINST,0,0.99473286,NONE,2,0.84150255,NONE,2,0.9833325,NONE,2,0.6099964,NONE,2,0.60585517,0.3807023,0.38476545,1,0.009301331,0.009379375,0,0.6099964,0.60585517,2,2,2/3 Majority
194,"যেভাবে কিছু একটা রাজনৈতিক ফুটবল এবং একই সময়ে একটি সমালোচনামূলক সংকটে পরিণত হয়, তা আশ্চর্যের। কর্তৃত্ববাদী কর্তৃত্ববাদী হয়ে যাবেন।",FAVOR,1,0.64227474,FAVOR,1,0.9598813,FAVOR,1,0.70935726,FAVOR,1,0.7705045,FAVOR,1,0.77144223,0.020452967,0.020432893,0,0.7705045,0.77144223,3,0.20904262,0.20812488,0,3,3/3 Unanimous
195,গাছ লাগানো: কার্বন ডাই অক্সাইডের পরিমাণ কমানোর জন্য। গাছগুলি বাতাসে থেকে কার্বন ডাই অক্সাইড গ্রহণ করে এবং তা অক্সিজেনে রূপান্তরিত করে এবং রাজনীতিবিদরা আজ এই মৌলিক বিষয়টি গণমাধ্যমে জোরালোভাবে তুলে ধরেন না এবং আরও বেশি করে গাছ লাগানোর পরিকল্পনা করেন না। গাছ কাটার লোকেদের এবং ব্যবসা প্রতিষ্ঠানগুলিকে আবার বনভূমি তৈরি করতে হবে।,FAVOR,1,0.9929092,FAVOR,1,0.9637835,FAVOR,1,0.8293797,FAVOR,1,0.92869073,FAVOR,1,0.9299028,0.0033012468,0.0032986174,0,0.92869073,0.9299028,3,0.06800797,0.0667986,0,3,3/3 Unanimous
196,"আপনি কি কখনও ভেবে দেখেছেন যে, যদি তাদের উত্তর থাকত, তারা এটি করত না?সমুদ্রপৃষ্ঠের উচ্চতা বৃদ্ধি পাচ্ছে না কারণ জোয়ার আসার সময় এটি মাটির নীচে চলে যায়, যার অর্থ হল আমরা একটি বড় ফ্রিজ তৈরি করেছি যাতে তারা জমে যায় যদি এটি এমন কিছু না হয় তবে তারা কি সর্বশ্রেষ্ঠ মন যাদের আমরা ব্যাটারি পরে বুদ্ধিমান মনে করি?সৌর চার্জযুক্ত + মোটর + জিনি + রূপান্তরকারী = পরিচ্ছন্ন শক্তি জিনি-র ঘন্টা হল রূপান্তরকারী যা আপনাকে পরিবর্তন করতে হবে, আপনি মার্কিন যুক্তরাষ্ট্রে ইন্ডিয়ানাপলিস ইন্ডিয়ানার জন কিডওয়েলের তৈরি বিকল্প ব্যাটারি ব্যবহার করতে পারেন, যা অনেক আগে আবিষ্কার করা হয়েছিল।",NONE,2,0.89463085,NONE,2,0.9363422,NONE,2,0.63978696,NONE,2,0.82358664,NONE,2,0.82588434,0.11524021,0.11244712,0,0.06117313,0.061668508,0,0.82358664,0.82588434,3,3,3/3 Unanimous
197,"পৃথিবী শেষ হবে না, জলবায়ু পরিবর্তন একটি ভ্রান্ত ধারণা।",AGAINST,0,0.9715125,AGAINST,0,0.90907633,AGAINST,0,0.96938837,AGAINST,0,0.94999236,AGAINST,0,0.94971675,0.94999236,0.94971675,3,0.039354537,0.039704654,0,0.010653098,0.0105785895,0,3,3/3 Unanimous
198,"১৬৫০ খ্রিষ্টপূর্বাব্দের আগে পৃথিবীর অস্তিত্ব ছিল না। আমাদের কাছে ৪,০০,০০০ বছরের জলবায়ু তথ্যকে বিবেচনা করা উচিত নয়।",AGAINST,0,0.9886925,AGAINST,0,0.9747062,AGAINST,0,0.99430496,AGAINST,0,0.9859012,AGAINST,0,0.98578924,0.9859012,0.98578924,3,0.0061604176,0.0062055546,0,0.007938358,0.008005173,0,3,3/3 Unanimous
199,"""সর্বত্র পরিবেশবাদীদের পক্ষ থেকে, আমি বিগত ৩০ বছরে আমরা যে জলবায়ু আতঙ্ক সৃষ্টি করেছি তার জন্য আনুষ্ঠানিকভাবে ক্ষমা চাইতে চাই। জলবায়ু পরিবর্তন ঘটছে। এটি বিশ্বের শেষ নয়। এটি আমাদের সবচেয়ে গুরুতর পরিবেশগত সমস্যাও নয়। মাইকেল শেলেনবার্গার একজন মার্কিন লেখক, পরিবেশগত নীতি লেখক, ব্রেকথ্রু ইনস্টিটিউটের সহ-প্রতিষ্ঠাতা এবং পরিবেশগত অগ্রগতির প্রতিষ্ঠাতা।",AGAINST,0,0.77565014,AGAINST,0,0.97615564,AGAINST,0,0.67934006,AGAINST,0,0.81038195,AGAINST,0,0.8121176,0.81038195,0.8121176,3,0.15576147,0.15437111,0,0.03385659,0.03351125,0,3,3/3 Unanimous
200,"জলবায়ু পরিবর্তন মিলানকোভিচ চক্রের কারণে ঘটে। শক্তি সৃষ্টি বা ধ্বংস হয় না। এই গ্রহে সমস্ত শক্তি সূর্যের থেকে আসে, মহাকর্ষীয় টানের সহিত পৃথিবী একটি ৪. ৫ বিলিয়ন বছরের পুরনো বন্ধ লুপ, যা জীবন সহ কার্বন ডাই অক্সাইডকে স্ব-নিয়ন্ত্রণ করে। জীবিত ও মৃত সবকিছুই কার্বন ডাই অক্সাইড",AGAINST,0,0.99627197,AGAINST,0,0.98007363,AGAINST,0,0.95379716,AGAINST,0,0.9767142,AGAINST,0,0.97698843,0.9767142,0.97698843,3,0.0030600186,0.0030970075,0,0.020225732,0.01991447,0,3,3/3 Unanimous
201,"আমরা বর্তমানে বরফঘর পৃথিবীর অবস্থায় বাস করছি, যা বিগত ৫০০ মিলিয়ন বছরে মাত্র ২০% সময় বিদ্যমান ছিল। এছাড়াও, CO২-এর মাত্রা অতীতে যে ছিল তার মাত্র ১/৫ মাত্রা এবং গত ১০০ বছরে এটি ১২০ পিপিএম থেকে ৪০০ পিপিএম-এ পরিবর্তিত হয়েছে। ""বৃষ্টি অরণ্যের যুগ""-এ কী ছিল? ১৮০ পিপিএম পৃথিবীর কি শেষ? এতজন মানুষ কেন এই সমস্ত ভয় ছড়িয়ে পড়া বিষয়গুলিকে গুরুত্বের সাথে গ্রহণ করেন না, তা নিয়ে অবাক হওয়ার কিছু নেই। এটি কেবল আহত আত্মমর্যাদার একটি যুদ্ধ, গ্রহটি ঠিক আছে। জলবায়ু নিয়ে চিন্তিত? গত ১০০০ বছর ধরে যেখানে হারিকেন হয়েছে সেখানে বাড়ি তৈরি করা বন্ধ করুন এবং মানব ইতিহাসে এর আগে কখনও ঘটেনি বলে আতঙ্কিত হবেন না।",AGAINST,0,0.82177246,AGAINST,0,0.97053087,AGAINST,0,0.9492992,AGAINST,0,0.9138675,AGAINST,0,0.91351414,0.9138675,0.91351414,3,0.068491764,0.068864875,0,0.017640712,0.017621003,0,3,3/3 Unanimous
202,"জলবায়ু পরিবর্তন স্বয়ংক্রিয়ভাবে ঘটে কিন্তু মানব ক্রিয়াকলাপ এটিকে ত্বরান্বিত করছে। এই বলে চুপ থাকো, এটা আসল নয়।",FAVOR,1,0.9480654,FAVOR,1,0.97763115,FAVOR,1,0.671576,FAVOR,1,0.8657575,FAVOR,1,0.8681767,0.12122229,0.11901786,0,0.8657575,0.8681767,3,0.01302017,0.01280539,0,3,3/3 Unanimous
203,"প্রকৃতপক্ষে প্রমাণ করতে হবে যে জলবায়ু পরিবর্তন বাস্তব, এই নয় যে আপনিই বিজ্ঞানের মানুষ, যিনি আসলে টেলিভিশনে বিজ্ঞানের শিক্ষক... প্রমাণ করুন যে পরবর্তী ১০০ বছরে পৃথিবী যেমন বন্যার সম্মুখীন হবে, আপনি তা এমনভাবে ঘটানোর জন্য দায়ী হতে পারবেন না।",FAVOR,1,0.9883718,AGAINST,0,0.9408712,AGAINST,0,0.9793736,AGAINST,0,0.6412721,AGAINST,0,0.6376245,0.6412721,0.6376245,2,0.34638664,0.35009554,1,0.01234123,0.01227995,0,2,2/3 Majority
204,আপনি এই ভিডিওটি কীভাবে অপছন্দ করতে পারেন?,NONE,2,0.97526735,NONE,2,0.98951703,NONE,2,0.9789065,NONE,2,0.98123026,NONE,2,0.9812672,0.0034807548,0.0034683498,0,0.0152889835,0.015264502,0,0.98123026,0.9812672,3,3,3/3 Unanimous
205,এই গ্রহে বসবাসের জায়গা ছোট হয়ে যাবে। আমার জীবদ্দশায় আরও এলাকা বাসযোগ্য হয়ে উঠবে না। এটি বাস্তব সময়ে ঘটছে।,FAVOR,1,0.9974426,FAVOR,1,0.98573965,FAVOR,1,0.96165776,FAVOR,1,0.98161334,FAVOR,1,0.9818535,0.0044730618,0.004494862,0,0.98161334,0.9818535,3,0.013913613,0.013651613,0,3,3/3 Unanimous
206,"দেখুন, আমি বিলকে বিশ্বাস করতে চাই, বিল ভালো মানুষ, বিল বিল ইয়ায়ায় কিন্তু বিল বিল, নেটফ্লিক্সের সেই বিশেষ অনুষ্ঠানটি সেই ব্যক্তির প্রতি আমার সমস্ত সম্মানকে সম্পূর্ণরূপে নষ্ট করে দিয়েছে:/",NONE,2,0.95291424,AGAINST,0,0.76549083,NONE,2,0.67621464,NONE,2,0.61828524,NONE,2,0.61715335,0.3638111,0.36492383,1,0.01790366,0.017922802,0,0.61828524,0.61715335,2,2,2/3 Majority
207,"সবাই জানে যে এখানে প্রদত্ত ""বিজ্ঞান"" কেবল মিথ্যা, তাই না? ৪ বছর আগে বিলের জানা ছিল না।",AGAINST,0,0.9992768,FAVOR,1,0.7838416,AGAINST,0,0.99318707,AGAINST,0,0.69362736,AGAINST,0,0.68940127,0.69362736,0.68940127,2,0.26212516,0.26578552,1,0.04424746,0.04481321,0,2,2/3 Majority
208,ঈশ্বর আপনাকে এই তথ্য প্রদানের জন্য আশীর্বাদ করুন।,NONE,2,0.88987315,NONE,2,0.9753743,AGAINST,0,0.65014094,NONE,2,0.7250716,NONE,2,0.7302558,0.25562963,0.25070545,1,0.019298846,0.019038701,0,0.7250716,0.7302558,2,2,2/3 Majority
209,"৪.৫ বিলিয়ন বছরেরও বেশি পুরনো পৃথিবী এবং এটি সৃষ্ট হওয়ার পর থেকে জলবায়ু প্রতিদিন পরিবর্তিত হচ্ছে, এমনটা আর কোনও বিল আপনাকে বলবে না। ৪.৫ বিলিয়নের তুলনায় ১,০০০ বছরের জলবায়ু প্রবণতা তুচ্ছ। বিটিডব্লিউ বিল নাইস একজন প্রকৃত বিজ্ঞানী নন - তিনি একজন বিজ্ঞানী হিসেবে অভিনয় করা একজন অভিনেতা।",AGAINST,0,0.998662,AGAINST,0,0.98247725,AGAINST,0,0.9958781,AGAINST,0,0.99233913,AGAINST,0,0.992286,0.99233913,0.992286,3,0.0021350149,0.0021620702,0,0.0055258647,0.005551833,0,3,3/3 Unanimous
210,এটি ৫ বছর পূর্বে প্রকাশিত হয়েছিল এবং আতঙ্কিত করে তোলে যে কার্যত কিছুই পরিবর্তিত হয়নি।,AGAINST,0,0.87284446,NONE,2,0.9156037,NONE,2,0.7961288,NONE,2,0.609371,NONE,2,0.6075169,0.35028386,0.3529004,1,0.04034516,0.03958276,0,0.609371,0.6075169,2,2,2/3 Majority
211,"এর আসল ঈশ্বর নেই, সবকিছু পরিকল্পনা করা হয়েছে।পৃথিবী উষ্ণ নয়, একই।",AGAINST,0,0.99595404,AGAINST,0,0.9791741,AGAINST,0,0.9839754,AGAINST,0,0.9863679,AGAINST,0,0.98638785,0.9863679,0.98638785,3,0.002239566,0.0022650177,0,0.01139257,0.0113471,0,3,3/3 Unanimous
212,"আমাদের বিলাসিতা, যানবাহন এবং ইলেকট্রনিক্স থেকে মুক্তি পাওয়া। মহাকাশ বা বায়ু ভ্রমণে যাওয়ার চেষ্টা করা বন্ধ করুন। প্লাস্টিক এবং জীবাশ্ম জ্বালানি থেকে মুক্তি পাওয়া। কৃষিবিরামহীন, কৃত্রিম সার ব্যবহার বন্ধ করে প্রাকৃতিক চাষের চক্রের দিকে ফিরে যাওয়া এবং স্থানীয় জলবায়ু দ্বারা সমর্থিত ফসল চাষ করা। প্রাকৃতিক উপাদান ব্যবহার করুন যা পৃথিবীতে পুনর্ব্যবহার করা যেতে পারে। মাংস কম খান, শিকার ও সংগ্রহ এবং জীবিকা নির্বাহের জীবনযাপনে ফিরে যান। অন্য কথায়, আমাদের সমাজকে সমাজ হিসেবে বিবর্তিত হতে হবে এবং প্রস্তর যুগে ফিরে যেতে হবে। আমরা সারাক্ষণ ভেবেছিলাম যে আমরা একটি প্রজাতি হিসাবে ""অগ্রসর"" হচ্ছি, আমরা আসলে আমাদের গ্রহকে হত্যা করছিলাম।",FAVOR,1,0.5599972,NONE,2,0.91379887,FAVOR,1,0.9331582,FAVOR,1,0.5242417,FAVOR,1,0.5189084,0.014371954,0.014332984,0,0.5242417,0.5189084,2,0.46138635,0.46675858,1,2,2/3 Majority
213,জলবায়ু ক্লাউন বিলি ফ্লিগটিং দ্য হ্যুক,NONE,2,0.9573233,NONE,2,0.9892729,NONE,2,0.99614894,NONE,2,0.98091507,NONE,2,0.9807448,0.017560333,0.017725218,0,0.0015246137,0.0015299496,0,0.98091507,0.9807448,3,3,3/3 Unanimous
214,"আমাদের গ্রহকে ক্ষতি করা বন্ধ করতে হবে, নতুবা এই গ্রহের জীবন বিলুপ্ত হয়ে যাবে এবং মানবতার উপর একটি বড় দোষারোপ আরোপিত হবে। আমাদের কাজকর্ম সংশোধন করতে হবে এবং এই পৃথিবীর উপর নির্ভরশীল জীবন রক্ষা করতে হবে, অন্যথায় এর উপর আরেকটি বিপর্যয় নেমে আসবে এবং আমরা মানুষেরা বিলুপ্ত হয়ে যাব। আমাদের বেঁচে থাকতে হবে এবং আমাদের বিশ্বকে বজায় রাখতে হবে এবং ভারসাম্য বজায় রাখতে হবে।",FAVOR,1,0.99848866,FAVOR,1,0.9732351,FAVOR,1,0.99453557,FAVOR,1,0.98875314,FAVOR,1,0.98866713,0.008177281,0.008265871,0,0.98875314,0.98866713,3,0.003069613,0.0030669803,0,3,3/3 Unanimous
215,"আমি একমত। আমাদের সাহায্য করার চেষ্টা করা উচিত। ðŸ˜""ðŸ'",NONE,2,0.914262,FAVOR,1,0.97528255,FAVOR,1,0.997586,FAVOR,1,0.6826264,FAVOR,1,0.67924386,0.0071832496,0.0072655147,0,0.6826264,0.67924386,2,0.31019035,0.31349057,1,2,2/3 Majority
216,"না না, আপনি দায়ী নন, বিশ্ব উষ্ণায়নের জন্য কর্পোরেশন দায়ী।",NONE,2,0.58226585,NONE,2,0.6303351,NONE,2,0.76301205,NONE,2,0.6585377,NONE,2,0.6572726,0.23260011,0.23278993,0,0.1088622,0.109937444,0,0.6585377,0.6572726,3,3,3/3 Unanimous
217,"তিনি যা কিছু বলেছেন, তা অত্যন্ত সত্য। মানুষকে এই পৃথিবীর যত্ন নিতে হবে। রিপাবলিকানদের এই ভেবে থেমে যেতে হবে যে এটি আসল নয় কারণ এত তথ্য লড়াই করছে। বাইডেনকে রাষ্ট্রপতি পদের জন্যও প্রার্থী করেছেন।",FAVOR,1,0.8357757,NONE,2,0.56828314,FAVOR,1,0.6520882,FAVOR,1,0.5234986,FAVOR,1,0.5214777,0.24552469,0.24520636,0,0.5234986,0.5214777,2,0.23097669,0.23331589,1,2,2/3 Majority
218,"তাই এই গ্রহের সমুদ্রপৃষ্ঠের উচ্চতা এবং জলবায়ু সম্পর্কে বরফযুগের অধ্যয়ন যোগ করুন, বিগত ৫টি বরফযুগের বিষয়ে গুগল করুন এবং দেখুন কিভাবে এটি অনেক আগেই আর্কটিককে একটি গ্রীষ্মমণ্ডলীয় প্রাকৃতিক দৃশ্যে পরিণত করেছিল। যেমন জলবায়ু পরিবর্তন/বায়ু, স্থল এবং জলের দূষণ বন্ধ করা প্রয়োজন। সেখানেই বিজ্ঞানকে যেতে হবে এবং প্রত্যেকের করের ডলারের সঙ্গে এটি করতে সহায়তা করতে হবে। এবং জলবায়ুর পরে তবুও পরিবর্তন হবে কিন্তু তার নিজের শর্তাবলীতে। সংবাদ বুলেটিন: চৌম্বকীয় মেরু আগের চেয়ে আরও দ্রুত স্থানান্তরিত হচ্ছে এবং এটি অপ্রত্যাশিত। অন্যান্য বিজ্ঞানীরা বলেন যে সূর্য স্বাভাবিকের চেয়ে বেশি তাপ নির্গত করছে এবং উষ্ণ গ্রহে অবদান রাখছে। দেখুন, মঙ্গলের পৃষ্ঠে জল ছিল, পরবর্তীতে..........",AGAINST,0,0.98988485,AGAINST,0,0.887051,FAVOR,1,0.9877907,AGAINST,0,0.62611395,AGAINST,0,0.6337839,0.62611395,0.6337839,2,0.35782707,0.35008004,1,0.016058933,0.016136078,0,2,2/3 Majority
219,"জলবায়ু পরিবর্তন: বিদ্যমান রাজনীতিবিদ এবং বিজ্ঞানীরা: আপনি আমার ""পরিবেশবান্ধব"" গ্যাস কিনতে পারেন এই জন্য আমি এটিকে বিশ্ব উষ্ণায়ন বলে ডাকব।",AGAINST,0,0.9650564,NONE,2,0.42580962,FAVOR,1,0.7109398,AGAINST,0,0.39650843,AGAINST,0,0.4008725,0.39650843,0.4008725,1,0.35695234,0.3527773,1,0.24653919,0.24635017,1,1,1/3 Weak/Plurality
220,বিল নয়েই তিনি এমন একজন ব্যক্তি যিনি নিজের জন্য চিন্তা করেন না এমন লোকদের ভয় দেখানোর মাধ্যমে লাখ লাখ টাকা উপার্জন করেন,NONE,2,0.528925,AGAINST,0,0.6854608,NONE,2,0.94488543,NONE,2,0.59280926,NONE,2,0.58832544,0.39809597,0.4024823,1,0.009094755,0.00919222,0,0.59280926,0.58832544,2,2,2/3 Majority
221,"তাঁর শেষ সমাধানগুলির মধ্যে একটি ছিল ""কম মাংস খাওয়া""। হ্যাঁ, ঠিক বলেছেন। যদি আপনার ইতিমধ্যেই ভিগান হওয়ার জন্য দশ লক্ষ কারণ না থাকে। এখন আপনার গ্রহ, আপনার স্বাস্থ্য এবং এমনকি অন্যান্য প্রজাতিকে সাহায্য করার সুযোগ। ভেগান হওয়া হল একজন ব্যক্তি তার কার্বন পদাঙ্ক হ্রাস করার জন্য সবচেয়ে বড় প্রভাবগুলির মধ্যে একটি। সকলেরই বিবেচনা করা উচিত।",FAVOR,1,0.95002204,FAVOR,1,0.7968317,FAVOR,1,0.8500714,FAVOR,1,0.8656418,FAVOR,1,0.86574686,0.015481598,0.015406879,0,0.8656418,0.86574686,3,0.11887667,0.11884622,0,3,3/3 Unanimous
222,"জলবায়ু পরিবর্তন এমন একটি সমস্যা যা দীর্ঘমেয়াদে সত্যিই সমাধান হবে। যদি এটি যথেষ্ট গরম হয়ে যায় এবং খাদ্য উৎস বন্ধ হয়ে যায়, তবে জনসংখ্যা হ্রাস পাবে এবং তীব্রতা হ্রাস পাবে। এই সমস্যাটি মানব বিপজ্জনক, গ্রহের বিপজ্জনক নয়।",AGAINST,0,0.5636865,FAVOR,1,0.6986543,AGAINST,0,0.9346998,AGAINST,0,0.5969705,AGAINST,0,0.5926374,0.5969705,0.5926374,2,0.39020455,0.3946822,1,0.012824942,0.012680345,0,2,2/3 Majority
223,বিল নাইস একজন কৌতুক অভিনেতা। অবিশ্বাস্য পারিশ্রমিক প্রাপ্ত মিথ্যাবাদী।,AGAINST,0,0.99245864,AGAINST,0,0.98451257,AGAINST,0,0.9875836,AGAINST,0,0.9881849,AGAINST,0,0.9881878,0.9881849,0.9881878,3,0.0028007524,0.0028303647,0,0.009014306,0.008981791,0,3,3/3 Unanimous
224,"নিউ একজন বিজ্ঞানী নন, এবং তিনি জলবায়ু সম্পর্কে কিছুই জানেন না, তিনি বছরের পর বছর ধরে এই বিষয়ে মিথ্যা বলেছেন।",AGAINST,0,0.9885266,AGAINST,0,0.97239244,AGAINST,0,0.98616946,AGAINST,0,0.9823628,AGAINST,0,0.9823065,0.9823628,0.9823065,3,0.008430745,0.0085015,0,0.00920638,0.00919193,0,3,3/3 Unanimous
225,জলবায়ু পরিবর্তন একটি আড়াল যা অ এজেন্ডা ২১ ২০৩০-এর জন্য। গোলাপি,AGAINST,0,0.95928633,AGAINST,0,0.7131082,AGAINST,0,0.9460873,AGAINST,0,0.8728273,AGAINST,0,0.8717804,0.8728273,0.8717804,3,0.092525125,0.09328905,0,0.034647644,0.034930624,0,3,3/3 Unanimous
226,"আমি সম্পূর্ণরূপে একমত কারণ জলবায়ু পরিবর্তন এবং গ্রিনহাউস গ্যাস এবং হিমবাহের আকার এবং সময় রেকর্ড সম্পর্কে আমাকে অবশ্যই চিন্তা করতে হবে এবং হ্যাঁ, আমি একমত যে মানব ক্রিয়াকলাপ এর একটি বাস্তব বড় অংশ। আমি ১০০% একমত।",FAVOR,1,0.5454167,FAVOR,1,0.9037212,FAVOR,1,0.9427596,FAVOR,1,0.79729915,FAVOR,1,0.7957042,0.1821621,0.18367603,0,0.79729915,0.7957042,3,0.020538745,0.020619776,0,3,3/3 Unanimous
227,বিল নাইজ বিজ্ঞানবিহীন ব্যক্তি.. অর্ধসত্য ছড়িয়ে এবং প্রাসঙ্গিক তথ্য বাদ দিয়ে বার্তাটি পরিবর্তন করে একটি মিথ্যা বার্তা প্রচার করা।,AGAINST,0,0.97624683,AGAINST,0,0.9842822,AGAINST,0,0.9922726,AGAINST,0,0.98426723,AGAINST,0,0.9841727,0.98426723,0.9841727,3,0.008649352,0.008727568,0,0.0070834192,0.0070996545,0,3,3/3 Unanimous
228,"তিনি বিজ্ঞানী নন, তবে তিনি জলবায়ু পরিবর্তন সম্পর্কে তথ্য তুলে ধরছেন এবং এটি অস্বীকার করা কেবল গুরুত্বপূর্ণ কিছু বলায় অজ্ঞতা।",FAVOR,1,0.9954495,FAVOR,1,0.97696507,FAVOR,1,0.84276056,FAVOR,1,0.9383917,FAVOR,1,0.9395642,0.020799305,0.020408748,0,0.9383917,0.9395642,3,0.040809,0.040027007,0,3,3/3 Unanimous
229,@ ১.৩০. কি? বায়ুমণ্ডলের ৮২% হল কার্বন ডাই অক্সাইড,FAVOR,1,0.7100255,NONE,2,0.8892991,NONE,2,0.8489097,NONE,2,0.6417644,NONE,2,0.63960266,0.082851134,0.08238891,0,0.27538446,0.27800837,1,0.6417644,0.63960266,2,2,2/3 Majority
230,"৯৭% বিজ্ঞানী একমত...খুব সম্ভবতঃ মানুষের কার্যকলাপের কারণে ঘটেছে। lmao hmm, এটি খুব একটা বিশ্বাসযোগ্য বলে মনে হচ্ছে না কারণ এটি একটি ব্যান্ডউইগন ভ্রান্তি।",AGAINST,0,0.8666619,AGAINST,0,0.919373,AGAINST,0,0.9447637,AGAINST,0,0.91026616,AGAINST,0,0.90986955,0.91026616,0.90986955,3,0.02085759,0.021024082,0,0.06887623,0.069106415,0,3,3/3 Unanimous
231,"অথবা আমরা সকলেই জলবায়ু পরিবর্তনকে বাস্তব হিসাবে দেখি, কিন্তু খুবই প্রাকৃতিক চক্র হিসাবে। সমাধানের দিক থেকে, বাস্তববাদী হোন। সৌর এবং বায়ু শক্তি তাদের উৎপাদনে ব্যবহৃত সম্পদ বিবেচনা করে এই পরিবর্তন করার জন্য যথেষ্ট দক্ষ নয় (কিছুটা সুবিধাজনকভাবে বাদ দেওয়া হয়েছে)। আপনি যদি সত্যিই মানব-প্ররোচিত বিশ্ব উষ্ণায়নে বিশ্বাসী হন, তাহলে আপনার পারমাণবিক শক্তির পক্ষে কথা বলা উচিত। আমি পুনর্নবীকরণযোগ্য শক্তির পক্ষে, যদি এর ব্যবহারকে ন্যায়সঙ্গত বলে প্রমাণ করা যায়, কিন্তু বর্তমানে, এটি সম্ভব নয়, এবং যে সবাই মনে করে যে এটি সম্ভব, তারা নিজেদেরকে প্রতারিত করছে। জীবাশ্ম জ্বালানির বিরুদ্ধে আমার একমাত্র যুক্তি হল বায়ু মানের উপর প্রভাব। দূষণ কি খারাপ? অবশ্যই। এটি কি জলবায়ু পরিবর্তন ঘটাচ্ছে? না।",AGAINST,0,0.97154635,AGAINST,0,0.86758685,FAVOR,1,0.75189126,AGAINST,0,0.6619109,AGAINST,0,0.6682267,0.6619109,0.6682267,2,0.2969625,0.2913895,1,0.041126613,0.04038378,0,2,2/3 Majority
232,"কী বোকা। পৃথিবীর ৭০% জল! আপনি বোকা; তাপ আর্দ্রতা তৈরি করে যা আশেপাশের বাতাসকে ঠাণ্ডা করবে এবং এইভাবে বিশ্বের চারপাশে একটি গড় তাপমাত্রা তৈরি করবে। জলবায়ু পরিবর্তন আঞ্চলিক হতে পারে না, এটি বিশ্বব্যাপী দেখা উচিত, আপনি জলবায়ু পরিবর্তনকারীরা বোকা এবং কো২ উদ্ভিদের খাদ্য এবং এটি বিশ্বের জন্য ভাল এবং আমাদের বেঁচে থাকার জন্য মানুষের হিসাবে কো২ থাকা দরকার। যদি আমরা সমস্ত কার্বন ডাই অক্সাইড থেকে মুক্তি পাই তাহলে আমরা সবাই মারা যাব। কার্বন ডাই অক্সাইড ছাড়া জীবন সম্ভব নয়, এটি প্রথম শ্রেণীর বিজ্ঞান। ওঃ, বাচ্চাদের মতো মুরগি-ছানা নিয়ে কথা বলা বন্ধ করুন, আকাশ ভেঙে পড়ছে।",AGAINST,0,0.99908733,AGAINST,0,0.98182607,AGAINST,0,0.9774545,AGAINST,0,0.9861226,AGAINST,0,0.98622,0.9861226,0.98622,3,0.008155923,0.008108405,0,0.0057214187,0.005671555,0,3,3/3 Unanimous
233,একমাত্র বুমার যে পৃথিবীর বিষয়ে যত্নবান।,NONE,2,0.8912776,AGAINST,0,0.9512428,NONE,2,0.71689326,NONE,2,0.54946786,NONE,2,0.54691064,0.4435874,0.4461624,1,0.006944692,0.0069269305,0,0.54946786,0.54691064,2,2,2/3 Majority
234,"পিএইচ-এর পরিবর্তনও চারণভূমিকে মেরে ফেলে, যা উষ্ণ মহাসাগরের প্রমাণ নয়, এছাড়াও, লবণাক্ততা এবং মহাসাগরীয় স্রোতের পরিবর্তনও নির্দিষ্ট কিছু মহাসাগরকে উষ্ণ করতে পারে এবং অন্যগুলিকে শীতল করতে পারে। তথাকথিত 'বিশেষজ্ঞদের' দ্বারা অনেকগুলি উপেক্ষা করা হয়েছিল।",AGAINST,0,0.9724392,AGAINST,0,0.93148226,AGAINST,0,0.52198577,AGAINST,0,0.8086357,AGAINST,0,0.81215864,0.8086357,0.81215864,3,0.12538238,0.12320139,0,0.06598187,0.06463994,0,3,3/3 Unanimous
235,"এই ""লোকটি"" আমাকে খুব কমই আত্মবিশ্বাসী করে তোলে। তিনি সমস্ত তথ্য উপস্থাপন না করেই একটি যুক্তি উপস্থাপন করেন। বিশ্ব জলবায়ু গতিশীলতা তিনি আমাদের যা বলছেন তার চেয়ে অনেক বেশি জটিল। গ্রিনহাউস গ্যাসগুলি কেবল চিত্রের একটি অংশ (এবং আমরা যেভাবে বলা হচ্ছে তা নয়)। আরেকটি গ্যাস রয়েছে যা জলবায়ুর উপর আরও গভীর প্রভাব ফেলে - এটি জলীয় বাষ্প, কিছু লোক এটিকে মেঘ বলে। ওঁর সম্পর্কে তাঁকে জিজ্ঞাসা করুন! এটি একটি বৈজ্ঞানিক উপস্থাপনার চেয়ে বেশি একটি রাজনৈতিক প্রচারণা। কেন তিনি তাঁর সঙ্গে দ্বিমত পোষণ করা অন্যান্য বিজ্ঞানীদের সঙ্গে একটি সংলাপ খুলছেন না? খুব একটা মুক্তমনা বৈজ্ঞানিক চিন্তাভাবনা এখানে নেই! একতরফা মতামত-ভিত্তিক উপস্থাপনা আমার কাছে তেমন কিছু নয়, এবং এই ""বিজ্ঞানী""ও নয়। ভয়ের বিষয় হল যে অনেক লোক আসলে এই ""লোকটিকে"" বিশ্বাস করে!",AGAINST,0,0.8860062,AGAINST,0,0.7399769,AGAINST,0,0.54042876,AGAINST,0,0.7221373,AGAINST,0,0.72430193,0.7221373,0.72430193,3,0.15572949,0.15525559,0,0.12213323,0.12044251,0,3,3/3 Unanimous
236,"জলবায়ু পরিবর্তনের বিরোধী ১৮,০০০ বিজ্ঞানীর কী হবে?",AGAINST,0,0.9955621,FAVOR,1,0.83450437,FAVOR,1,0.99422556,FAVOR,1,0.60961086,FAVOR,1,0.60532904,0.3798932,0.3841038,1,0.60961086,0.60532904,2,0.010495945,0.01056719,0,2,2/3 Majority
237,"আমি যা ভালোবাসি তা হল একজন স্বঘোষিত বিজ্ঞানী (মেকানিক্যাল ইঞ্জিনিয়ার), যিনি ""বিজ্ঞান"" সম্পর্কিত সমস্ত বিষয়ে বিশেষজ্ঞ বলে দাবি করেন! বাচ্চাদের মৌলিক বিজ্ঞানের ভিডিও তৈরি করতে ফিরে যেতে হবে, এবং জলবায়ু বিজ্ঞানকে আবহাওয়াবিদ এবং ভূতত্ত্ববিদদের হাতে ছেড়ে দিতে হবে। এই অতিরঞ্জিত এজেন্ডা নকল বলে তারাই বলছে!!",AGAINST,0,0.9995389,AGAINST,0,0.9860519,AGAINST,0,0.99712235,AGAINST,0,0.9942377,AGAINST,0,0.9941943,0.9942377,0.9941943,3,0.002451074,0.002477178,0,0.0033112187,0.0033285026,0,3,3/3 Unanimous
238,ভুয়ো খবর - এই লোকটি বিশ্ব উষ্ণায়ন প্রচারের মাধ্যমে ধনী হয়ে ওঠে। মিথ্যাবাদী,AGAINST,0,0.9993592,AGAINST,0,0.9859357,AGAINST,0,0.997783,AGAINST,0,0.99435925,AGAINST,0,0.9943092,0.99435925,0.9943092,3,0.0021849177,0.0022115288,0,0.0034558272,0.0034792365,0,3,3/3 Unanimous
239,"জলবায়ু পরিবর্তন আপনার সমস্যা নয়, অজ্ঞতা হল।",AGAINST,0,0.95780385,AGAINST,0,0.8639504,AGAINST,0,0.8634791,AGAINST,0,0.89507776,AGAINST,0,0.89541507,0.89507776,0.89541507,3,0.03605963,0.03650975,0,0.06886258,0.06807512,0,3,3/3 Unanimous
240,"কাগজে লেখা ভালো শোনায় যখন একজন স্বীকৃত বিজ্ঞানী আপনাকে বলেন আপনি কী শুনতে চান। মনে রাখবেন, বিল বায়ে-র মেকানিক্যাল ইঞ্জিনিয়ারিং-এ স্নাতক ডিগ্রি রয়েছে। বিজ্ঞান অংশটি তাঁর একটি শিশুদের অনুষ্ঠানের জন্য অভিনয় করার কাজ পাওয়ার বিষয়ে। ৯৭% বিজ্ঞানী এই ধরনের বিজ্ঞানীদের সঙ্গে একমত? আল গোরকে মনে রাখার মতো বয়সে যারা আছেন, তারা জানেন যে সরকারি কর্মকর্তাদের ক্ষমতায় রাখা এবং তাদের প্রচারণার জন্য অর্থ প্রদানের এটি একটি লজ্জার বিষয়। উঠে পড়ো।",AGAINST,0,0.9925674,AGAINST,0,0.6337733,AGAINST,0,0.9692718,AGAINST,0,0.86520416,AGAINST,0,0.86371183,0.86520416,0.86371183,3,0.0032169886,0.0032549463,0,0.13157883,0.13303322,0,3,3/3 Unanimous
241,জলবায়ু পরিবর্তনধর্মভীর,NONE,2,0.91223717,NONE,2,0.9616905,AGAINST,0,0.63325363,NONE,2,0.7315106,NONE,2,0.73662233,0.2508054,0.24604437,1,0.01768402,0.01733328,0,0.7315106,0.73662233,2,2,2/3 Majority
242,"বাহ, আমি সেই ৯৭% সংখ্যাটি পছন্দ করি, কারণ এটি সম্পূর্ণ ভুয়া এবং বাতাসে থেকে বের করা।",AGAINST,0,0.99869907,AGAINST,0,0.98297715,AGAINST,0,0.68109566,AGAINST,0,0.88759065,AGAINST,0,0.89013624,0.88759065,0.89013624,3,0.08372127,0.08172636,0,0.028688142,0.028137373,0,3,3/3 Unanimous
243,"জলবায়ু পরিবর্তন নেই।এই নকল ভুয়ো খবরের মাধ্যমে আমেরিকানদের প্রতারিত করার একটি প্রচেষ্টা চলছে! জলবায়ু পরিবর্তন নেই! বিল নাইস দ্য সায়েন্স গাই, হাহাহাahaha! ভুয়ো সংবাদদাতার মতো",AGAINST,0,0.90653116,AGAINST,0,0.98289573,AGAINST,0,0.9958746,AGAINST,0,0.9617672,AGAINST,0,0.9613888,0.9617672,0.9613888,3,0.0290967,0.029410593,0,0.009136154,0.009200618,0,3,3/3 Unanimous
244,৯৭% জলবায়ু বিজ্ঞানীরা বিশ্বব্যাপী সরকার দ্বারা অর্থায়ন করা হয় যারা আমাদের জীবনের প্রতিটি দিকের উপর সম্পূর্ণ নিয়ন্ত্রণ রাখে।,NONE,2,0.95206994,AGAINST,0,0.9689836,AGAINST,0,0.99640864,AGAINST,0,0.6676298,AGAINST,0,0.6640941,0.6676298,0.6640941,2,0.008081107,0.008172157,0,0.32428905,0.32773364,1,2,2/3 Majority
245,"নৈরাশ্যবাদীদের নিজেদের জিজ্ঞাসা করা উচিত, যদি বৈশ্বিক উষ্ণায়ন একটি ভাঁওতা না হয়?",FAVOR,1,0.81627446,NONE,2,0.91429865,AGAINST,0,0.97915787,AGAINST,0,0.38127008,AGAINST,0,0.3738229,0.38127008,0.3738229,1,0.28871676,0.2918205,1,0.3300131,0.33435655,1,1,1/3 Weak/Plurality
246,"তাঁর যান্ত্রিক প্রকৌশল এবং কমেডি স্কেচগুলিতেই সীমাবদ্ধ থাকা উচিত ছিল। আমার মনে হয় বামপন্থী মিথ্যাবাদীরা বেশি অর্থ প্রদান করেন। জলবায়ু পরিবর্তন হল গ্রীষ্ম, শরৎ, শীত এবং বসন্ত। এখনও মেরু বরফের টুপি গলে যাচ্ছে এবং মহাসাগরের জলস্তর বৃদ্ধি পাচ্ছে, এই বিষয়ে মিথ্যা ছড়ানো হচ্ছে এবং এটি ভুয়ো ও অসত্য পদার্থবিজ্ঞান! সে শুধু বামপন্থী পত্রিকা পড়ছে। প্রচার এবং তিনি সত্যিই এতে বিশ্বাস করেন। পৃথিবীকে বাঁচাতে চান? গণতন্ত্রীদের জন্য ভোট দেওয়া বন্ধ করুন। এবিসি, এনবিসি, সিবিএস, সিএনএন এবং এমএস এনবিসি সংবাদ দেখা বন্ধ করুন। সময় পড়া বন্ধ করুন, নিউজউইক এবং সমস্ত মিডিয়া যা আমেরিকাকে নীচু করে দেখায়। বলছেন যে আমেরিকার শক্তি হ্রাস পাচ্ছে এবং সমাজতন্ত্রবাদীদের এটি চালানোর অনুমতি দেওয়া হচ্ছে।",AGAINST,0,0.9989151,AGAINST,0,0.9822121,AGAINST,0,0.99338925,AGAINST,0,0.99150544,AGAINST,0,0.99147266,0.99150544,0.99147266,3,0.0025108187,0.002531235,0,0.0059837145,0.0059961397,0,3,3/3 Unanimous
247,"আপনি যদি বিপর্যয়কর জলবায়ু পরিবর্তনে বিশ্বাস ত্যাগ করতে চান যা সমস্ত মানবজাতির অবসান ঘটাবে কারণ আমরা জীবাশ্ম জ্বালানি ব্যবহার করছি। pull করুন ডেটা-র জন্য প্রতি বছর ৩২সি (৯০এফ)-এর উপরে দিনের শতাংশের জন্য, যতটা সম্ভব নির্ভরযোগ্য উৎস থেকে। আমি ১৯১৮ থেকে ২০১৮ সাল পর্যন্ত সমস্ত ঐতিহাসিক জলবায়ুবিজ্ঞান নেটওয়ার্ক স্টেশন ব্যবহার করেছি। এবং একই বছরে কার্বন ভিত্তিক জ্বালানি ব্যবহারের সঙ্গে তুলনা করেন, (যা কিছু মানুষ জীবাশ্ম জ্বালানি বলে)। বায়ুমণ্ডলে কার্বন ডাই-অক্সাইড বৃদ্ধির ফলে জলবায়ু পরিবর্তন হয় না। কার্বন চক্রের উপর একটি গণ ভারসাম্যও করুন, কার্বন-ভিত্তিক জ্বালানী থেকে আবার কোনও বিপর্যয়কর জলবায়ু পরিবর্তন হবে না।",AGAINST,0,0.9488312,AGAINST,0,0.83808094,AGAINST,0,0.98499197,AGAINST,0,0.9239681,AGAINST,0,0.9231498,0.9239681,0.9231498,3,0.033372764,0.033789355,0,0.042659197,0.0430608,0,3,3/3 Unanimous
248,আমার বাবা মনে করেন যে আমরা বিশ্ব উষ্ণায়ন ঘটাচ্ছি না এবং এটি সবই স্বাভাবিক,NONE,2,0.97541577,AGAINST,0,0.5084927,AGAINST,0,0.9347792,NONE,2,0.49941173,NONE,2,0.5044992,0.4816192,0.47630233,2,0.018969018,0.019198406,0,0.49941173,0.5044992,1,2,2/3 Majority
249,"যেহেতু এটি অবিজ্ঞানমূলক, যদি এটি বিজ্ঞানের উপর ভিত্তি করা হত তবে একটি থিসিস এবং একটি অ্যান্টিথিসিস থাকত। ""কার্বন ডাই অক্সাইড গ্রহের জন্য এত খারাপ হলে, কেন গ্রিনহাউজ চাষীরা উদ্ভিদের বৃদ্ধি দ্বিগুণ করতে কার্বন ডাই অক্সাইড জেনারেটর কেনেন?""",AGAINST,0,0.9763956,FAVOR,1,0.5661254,AGAINST,0,0.6855392,AGAINST,0,0.57882833,AGAINST,0,0.57699317,0.57882833,0.57699317,2,0.20167135,0.20413215,1,0.21950035,0.21887463,0,2,2/3 Majority
250,"আমেরিকানরা এখনও জলবায়ু পরিবর্তনকে বিশ্বাস করে না, এটা কি বিস্ময়কর নয়?",FAVOR,1,0.98925656,FAVOR,1,0.9854128,FAVOR,1,0.99627256,FAVOR,1,0.990314,FAVOR,1,0.9902381,0.0026279017,0.0026582421,0,0.990314,0.9902381,3,0.0070581003,0.0071036713,0,3,3/3 Unanimous
251,"বিলের জন্য দুঃখিত। টোকিওতে সমুদ্রপৃষ্ঠের উচ্চতা বৃদ্ধি পাচ্ছে, কিন্তু এর অর্থ এই নয় যে এটি অন্য কোথাও কম...টেকটনিক প্লেট স্থানান্তরের সঙ্গে উষ্ণ মহাসাগরীয় তাপমাত্রার চেয়ে এর বেশি সম্পর্ক রয়েছে।",AGAINST,0,0.96680856,AGAINST,0,0.74501824,AGAINST,0,0.65724075,AGAINST,0,0.78968924,AGAINST,0,0.7912011,0.78968924,0.7912011,3,0.107822604,0.10564889,0,0.10248819,0.10314995,0,3,3/3 Unanimous
252,"উৎপত্তি ৮:২২ (কে.জে.ভি) ""যেহেতু পৃথিবী অবশিষ্ট থাকবে, বপন এবং ফসল, এবং ঠাণ্ডা এবং তাপ, এবং গ্রীষ্ম এবং শীত, এবং দিন এবং রাত্রি আর শেষ হবে না।â€ গীতসংহিতা ২৪:১০ পৃথিবী হল প্রভুর, এবং সেখানকার পরিপূর্ণতা; বিশ্ব, এবং সেখানে বসবাসকারীরা। ১ করিন্থীয় ১০:২৬ ২৬ পৃথিবী হল প্রভুর, এবং সেখানকার পরিপূর্ণতা। মিথ্যুক! ""জলবায়ু পরিবর্তন"" একটি কেলেঙ্কারী।",AGAINST,0,0.96809155,AGAINST,0,0.97437716,NONE,2,0.5193042,AGAINST,0,0.80758214,AGAINST,0,0.811635,0.80758214,0.811635,2,0.0035176072,0.0035570345,0,0.18890017,0.1848079,1,2,2/3 Majority
253,"আপনার প্রজন্ম যে পরিণতি সৃষ্টি করেছে, আমার প্রজন্মকে তা ভোগ করতে হবে এবং মোকাবিলা করতে হবে। আমি ১৪ বছর বয়সী, পৃথিবীর তাপমাত্রা বৃদ্ধির জন্য আমি কী কী করেছি? মানুষ যা সত্যিই যত্ন করে তা হল অর্থ এবং ব্যবসা।",FAVOR,1,0.99534094,FAVOR,1,0.9849273,FAVOR,1,0.9877324,FAVOR,1,0.98933357,FAVOR,1,0.98934734,0.0036361124,0.00366077,0,0.98933357,0.98934734,3,0.0070303134,0.0069917934,0,3,3/3 Unanimous
254,"২০৩০ সাল না আসা পর্যন্ত অপেক্ষা করতে পারছি না এবং সবাই এই প্রজন্মের এই বিশ্বাসের জন্য হাসছে যে এই প্রজন্ম এই বিশ্বাসের জন্য কতটা বোকা ছিল, ঠিক যেমন আমরা আগের প্রজন্মের দিকে তাকিয়ে থাকি যখন তারা একটি নতুন বরফ যুগ আসন্ন বলে বিশ্বাস করেছিল, বা যে অ্যাসিড বৃষ্টি পুরো শহরকে গলিয়ে ফেলবে বলে বিশ্বাস করা হয়েছিল, বা যে হত্যাকারী মৌমাছিরা আমেরিকাকে দখল করে নেবে বলে বিশ্বাস করা হয়েছিল।",FAVOR,1,0.8833984,NONE,2,0.96188116,AGAINST,0,0.7974109,NONE,2,0.40036497,NONE,2,0.40426993,0.2674268,0.2608715,1,0.33220825,0.33485854,1,0.40036497,0.40426993,1,1,1/3 Weak/Plurality
255,এটা তো খুব খারাপ হয়ে যাচ্ছে! আপনি কি এখন বুঝতে পেরেছেন? এটা সব খারাপ খবর! ...২০০ প্রজাতি প্রতিদিন মারা যাচ্ছে!!! ...এটা বিস্ময়কর সংবাদ! ...আমরা এখনও এটি ঠিক করতে পারি কিন্তু আমাদের একসঙ্গে নিষিদ্ধ করতে হবে!!,FAVOR,1,0.99880934,FAVOR,1,0.9844387,FAVOR,1,0.99187565,FAVOR,1,0.99170786,FAVOR,1,0.99169767,0.004916727,0.0049174624,0,0.99170786,0.99169767,3,0.0033753403,0.0033848851,0,3,3/3 Unanimous
256,"এই ধনুর্ধারী, জঙ্ক বিজ্ঞানীর চেয়ে ভালো একজন মুখপাত্রের প্রয়োজন!",AGAINST,0,0.998713,AGAINST,0,0.97968227,AGAINST,0,0.9109951,AGAINST,0,0.9631302,AGAINST,0,0.9637642,0.9631302,0.9637642,3,0.0049482393,0.004908815,0,0.031921607,0.03132691,0,3,3/3 Unanimous
257,মিথ্যাবাদী ব্যক্তি এবং বিজ্ঞানী নন। স্তম্ভটি অনুসরণ করুন।,AGAINST,0,0.9386314,AGAINST,0,0.5500451,AGAINST,0,0.9956528,AGAINST,0,0.82810974,AGAINST,0,0.8258151,0.82810974,0.8258151,3,0.13419998,0.13607639,0,0.03769028,0.03810851,0,3,3/3 Unanimous
258,"জলবায়ু সর্বদা পরিবর্তিত হয়েছে। মানবকারণীয় জলবায়ু পরিবর্তন প্রশ্ন। এবং হার্ভার্ড, আলাবামা (নাসা স্যাটেলাইট), মিট এবং অন্যান্য অনেক প্রতিষ্ঠানের কিছু গুরুতর বিজ্ঞানী রয়েছেন যাঁরা জলবায়ুর উপর কার্বন ডাই অক্সাইডের প্রভাবের সঙ্গে একমত নন। এবং তারা এই ডামির চেয়ে অনেক বেশি যোগ্য। নির্বাচিত তথ্যকে পাঠ্য বলা হয় না। আমিও তাই করতে পারি। দেখুন এখানে। অ্যান্টার্কটিকার বরফ প্রসারিত হয়েছে এবং এটি এখন পর্যন্ত নথিভুক্ত সবচেয়ে বড় বিস্তৃতির কাছাকাছি রয়েছে। কারিক বরফ এখন স্বাভাবিক চক্রের দিকে ফিরে যাচ্ছে। গ্রিনল্যান্ডের বরফের আচ্ছাদন গত বছর বৃদ্ধি পেয়েছে। মার্কিন যুক্তরাষ্ট্রের হিমবাহ উদ্যানে গত দুই বছরে বরফের পরিমাণ বৃদ্ধি পেয়েছে। সমস্যা হতে পারে, কিন্তু সঠিকভাবে সংজ্ঞায়িত না করা কোনও সমস্যার চরম সমাধান হল উত্তর নয়। এবং এটি বিজ্ঞান বা বৈজ্ঞানিক পদ্ধতি নয়।",AGAINST,0,0.8453131,AGAINST,0,0.9526029,AGAINST,0,0.95483744,AGAINST,0,0.9175844,AGAINST,0,0.9171848,0.9175844,0.9171848,3,0.062446732,0.06305391,0,0.019968782,0.019761218,0,3,3/3 Unanimous
259,"জলবায়ু নিয়ে বিতর্ক ত্যাগ করুন! এটি ১৯৩০-এর দশক থেকে প্রচলিত। প্রকৃত নিরপেক্ষ বিজ্ঞানীদের কাছ থেকে এর বিরুদ্ধে প্রচুর প্রমাণ রয়েছে। আপনি যদি বৈদ্যুতিক গাড়িতে যেতে চান (এবং আমিও) তাহলে আমাদের ব্যাটারি থেকে আরও প্রয়োজন। গ্রাফিনই কি উত্তর? আমি অবশ্যই তাই আশা করি। যুক্তিটিকে এমনভাবে তৈরি করুন যাতে বৈদ্যুতিক শক্তির পক্ষে এটি গ্যাসচালিত গাড়ি কেনা বোকামি হবে। ""গ্যাস"" হল ধীরগতির ইউরোপীয় পাঠকদের জন্য গ্যাসোলিনের সংক্ষিপ্ত রূপ।",AGAINST,0,0.99788266,AGAINST,0,0.98378205,AGAINST,0,0.9923429,AGAINST,0,0.99133587,AGAINST,0,0.99131536,0.99133587,0.99131536,3,0.004206433,0.0042461865,0,0.0044577066,0.004438463,0,3,3/3 Unanimous
260,"যারা কার্বন ডাই অক্সাইডের ইনফ্রারেড বিকিরণের উপর একটি আবরণী প্রভাব রয়েছে তা অস্বীকার করবে তারা সেই মহাজাগতিক আইন যা দ্বারা ঈশ্বর তাঁর সৃষ্টির উপর শাসন করেন তা অস্বীকার করার সম্ভাবনাও সমান। নোট: আবেদন করার জন্য আপনার অনুসন্ধান বাক্সে উপরের বাক্যটি কপি এবং পেস্ট করুন। উদাহরণস্বরূপ, এটা স্পষ্ট হয়ে ওঠে যে, যাঁরা 'গ্রিনহাউস প্রভাব' অস্বীকার করেন, তাঁরা এই শব্দটি নিজেই একটি সাদৃশ্য যা অবলোহিত বিকিরণের উপর কার্বন ডাই অক্সাইডের একটি আচ্ছাদনমূলক প্রভাব রয়েছে, এই বিষয়টি বর্ণনা করতে ব্যবহৃত হয়। উপরন্তু, অন্যরা ইনফ্রারেড বিকিরণ (ইলেক্ট্রোম্যাগনেটিক তরঙ্গ হিসাবে শক্তি নির্গমন) শব্দটি তাপ সঞ্চালনের সঙ্গে গুলিয়ে ফেলে।",AGAINST,0,0.57587975,NONE,2,0.48959488,NONE,2,0.7254856,NONE,2,0.51049024,NONE,2,0.50792927,0.30626616,0.3071621,1,0.18324365,0.18490864,0,0.51049024,0.50792927,2,2,2/3 Majority
261,"ঠিক আছে, কোনটি আপনাকে বেশি প্রভাবিত করেছে? এই ভিডিও অথবা *প্ল্যানেটস অন ফকিং ফায়ার*",FAVOR,1,0.9499465,FAVOR,1,0.7598948,NONE,2,0.9806027,FAVOR,1,0.573939,FAVOR,1,0.58078283,0.0048032426,0.0047735386,0,0.573939,0.58078283,2,0.4212577,0.41444358,1,2,2/3 Majority
262,"অপেক্ষা করুন, আমার একটি প্রশ্ন আছে।আমি ভাবছি যে এত গরম হওয়ায় আমরা মারা যাব কিনা...এই প্রশ্নটি অত্যন্ত গুরুত্বপূর্ণ, এবং আমি কিছুটা উদ্বিগ্ন কারণ আমি মৃত্যু কামনা করি না।",NONE,2,0.9288541,NONE,2,0.8600612,NONE,2,0.7996164,NONE,2,0.86284393,NONE,2,0.8635868,0.031116555,0.031479783,0,0.10603952,0.10493334,0,0.86284393,0.8635868,3,3,3/3 Unanimous
263,নতুন বিজ্ঞান দেখায় যে উষ্ণ তাপমাত্রা মহাসাগরে আরও বাষ্পীভবন ঘটায় এবং গলিত বরফের টুকরোগুলি বাষ্পীভবনকে অভিভূত করার মতো ছোট... তাই নতুন বিজ্ঞান প্রমাণ করে যে বিশ্ব উষ্ণায়ন আগে যতটা খারাপ ভেবেছিল ততটা নয়... তাই চিন্তা করা বন্ধ করুন।,AGAINST,0,0.84263337,FAVOR,1,0.91047335,AGAINST,0,0.9667236,AGAINST,0,0.6299742,AGAINST,0,0.625373,0.6299742,0.625373,2,0.358418,0.36305746,1,0.011607776,0.011569524,0,2,2/3 Majority
264,"মানুষ কেবল একটি ভাইরাস, যা পৃথিবীকে ধীরে ধীরে হত্যা করছে।",AGAINST,0,0.8250531,FAVOR,1,0.82350385,AGAINST,0,0.9458715,AGAINST,0,0.63690156,AGAINST,0,0.6326878,0.63690156,0.6326878,2,0.2950054,0.29905862,1,0.06809302,0.06825351,0,2,2/3 Majority
265,"যদি বড় তেল কোম্পানিগুলি এত বেশি অর্থ চাওয়া বন্ধ করে দেয়, তাহলে আমরা সমস্ত গাড়ি বৈদ্যুতিক গাড়িতে পরিবর্তন করে তেল ব্যবহার বন্ধ করতে পারি।",NONE,2,0.8002637,AGAINST,0,0.97104037,NONE,2,0.50869256,AGAINST,0,0.50596243,AGAINST,0,0.50681394,0.50596243,0.50681394,1,0.0502466,0.050642107,0,0.44379106,0.44254395,2,2,2/3 Majority
266,"হ্যাঁ, আপনার সমস্যা হয়েছে, এবং পৃথিবীর সমস্ত জীবন যা আমরা ভুল করেছি, আপনি খুব কমই করতে পারেন, আমরা ভুল করেছি, এবং সমস্ত জীবন যা আপনি ভুল করেছেন, আমরা সবাই মিলে এটি ঘটা করেছি, এখন পৃথিবীতে জীবন যা ভুল হয়েছে, শুক্র এবং মঙ্গল যা নিখুঁত নিখুঁত উদাহরণ, শুক্র এবং মঙ্গল যা নিখুঁত উদাহরণ, এখন পৃথিবীতে জীবন যা ভুল হয়েছে, শুক্র এবং মঙ্গল যা নিখুঁত উদাহরণ, এখন পৃথিবীতে জীবন যা ভুল হয়েছে, শুক্র এবং মঙ্গল যা নিখুঁত উদাহরণ, এখন পৃথিবীতে জীবন যা ভুল হয়েছে, শুক্র এবং মঙ্গল যা নিখুঁত উদাহরণ, এখন পৃথিবীতে জীবন যা ভুল হয়েছে, শুক্র এবং মঙ্গল যা নিখুঁত উদাহরণ, এখন পৃথিবীতে জীবন যা ভুল হয়েছে, শুক্র এবং মঙ্গল যা নিখুঁত উদাহরণ, এখন পৃথিবীতে জীবন যা ভুল হয়েছে, শুক্র এবং মঙ্গল যা নিখুঁত উদাহরণ, এখন পৃথিবীতে জীবন যা ভুল হয়েছে, শুক্র এবং মঙ্গল যা নিখুঁত example, এখন পৃথিবীতে জীবন যা ভুল হয়েছে, শুক্র এবং মঙ্গল যা নিখুঁত example, এখন পৃথিবীতে জীবন যা ভুল হয়েছে, শুক্র এবং মঙ্গল যা নিখুঁ",NONE,2,0.9976025,NONE,2,0.7596184,AGAINST,0,0.9553218,NONE,2,0.6004965,NONE,2,0.6072419,0.3968346,0.39005762,1,0.002668988,0.0027004713,0,0.6004965,0.6072419,2,2,2/3 Majority
267,"হ্যাঁ, আপনার সমস্যা হয়েছে, এবং পৃথিবীর সমস্ত জীবন যা আমরা ভালভাবে ভুল করেছি, আপনি খুব কমই করতে পারেন, আমরা ভালভাবে ভুল করেছি, এবং সমস্ত জীবনকে ভুল করাকে দৌড়ানো বলা হয়, এটি আগামীকাল এসএফ-এ ঘটেছে এবং আমরা এটিকে পৃথিবীতে চালিয়েছি।",FAVOR,1,0.35405588,AGAINST,0,0.5260268,FAVOR,1,0.9296775,FAVOR,1,0.5795091,FAVOR,1,0.57523453,0.30033472,0.30359566,1,0.5795091,0.57523453,2,0.12015614,0.12116977,0,2,2/3 Majority
268,"সরকারকে কিছু একটা করতে হবে, নয়তো তরুণ প্রজন্ম আমাদের অনুসরণ না করা পর্যন্ত আমরা করব।",FAVOR,1,0.98730195,FAVOR,1,0.97634596,FAVOR,1,0.9019195,FAVOR,1,0.95518905,FAVOR,1,0.9558419,0.014231852,0.013964994,0,0.95518905,0.9558419,3,0.030579023,0.030193107,0,3,3/3 Unanimous
269,"আপনি একজন বিজ্ঞানীও নন, বরং একজন ফ্রুটকেকের চেয়ে বেশি বোকা। পৃথিবীর জলবায়ু গাড়ি ও গবাদি পশু নির্মূল করে এবং জ্বলন ইঞ্জিন ব্যবহার করার পরিবর্তে ব্যাটারি চালিত যানবাহন ব্যবহার করে নিয়ন্ত্রিত বলে মনে করেন এমন যে কেউই একই কথা বলবেন। আপনি কেন একটু হোমওয়ার্ক করে দেখবেন না এবং বৈদ্যুতিক ব্যাটারিগুলি কীভাবে তৈরি হয় তা খুঁজে বের করবেন। বৈদ্যুতিক শক্তি কীভাবে উৎপন্ন হয় তা খুঁজে বের করুন। কেন এতগুলি নকল বিশ্ব উষ্ণায়ন দ্রষ্টা তাদের তথ্য মিথ্যা বলে বা কেন এতগুলি তাপ পরিমাপকারী যন্ত্র কৌশলগতভাবে এমন জায়গায় অবস্থিত যেখানে তারা অত্যধিক পরিমাণে তাপ পরিমাপ করতে পারে তা খুঁজে বের করুন। সরকারি অনুদান।",AGAINST,0,0.99948186,AGAINST,0,0.984089,AGAINST,0,0.94449216,AGAINST,0,0.976021,AGAINST,0,0.9764023,0.976021,0.9764023,3,0.0049458486,0.0049050236,0,0.019033166,0.01869272,0,3,3/3 Unanimous
270,"এমন কিছু যা আমাকে বিভ্রান্ত করত: আর্কিমিডিস নীতি বলে যে একটি তরলে নিমজ্জিত বস্তুটি তরলের ওজনের সমান একটি শক্তি দ্বারা ভাসিয়ে দেওয়া হয়, যাতে জলপথে বরফ গলে সমুদ্রের স্তরকে সম্ভবত উত্থাপন করতে পারে না, কারণ আয়তন একই থাকবে। বিষয় হল যে হিমবাহের বরফ বেশিরভাগই তাজা জল দিয়ে তৈরি, লবণাক্ত জলের তুলনায় ঘনত্বে নিকৃষ্ট এবং তাই যে কোনও জলাশয়ের ভর একই পরিমাণ লবণাক্ত জলের চেয়ে বেশি আয়তন দখল করে। এর অর্থ হল যে যখন একটি হিমবাহ গলে যায়, তখন এটি প্রাথমিকভাবে স্থানান্তরিত হওয়ার চেয়ে বেশি পরিমাণে গলিত জলের অবদান রাখে (খুব বেশি না হলেও এটি উদ্বেগজনক)",NONE,2,0.9902992,NONE,2,0.7444706,NONE,2,0.73812026,NONE,2,0.8242967,NONE,2,0.8252225,0.076965734,0.07800275,0,0.0987376,0.0967748,0,0.8242967,0.8252225,3,3,3/3 Unanimous
271,"যারা জলবায়ু পরিবর্তনকে ""কিন্তু এটি এখনও তুষারপাত হয়"" বলে অস্বীকার করে, তাদের কাছে জলবায়ু বলতে কী বোঝায়, সে সম্পর্কে কোনও ধারণা নেই। আবহাওয়া বলতে একদিনের আবহাওয়াকে বোঝায়। জলবায়ু হল দীর্ঘ সময়ের আবহাওয়া। তাছাড়া, জলবায়ু পরিবর্তন কত দ্রুত ঘটছে তা নিয়ে বিজ্ঞানীরা সত্যিই উদ্বিগ্ন। পৃথিবীর ইতিহাসে এর আগে কখনও এমন দ্রুত ঘটনা ঘটেনি, যা এখন ঘটছে। যদি এটি ধীরে ধীরে ঘটত, তাহলে প্রাণী (মানুষ সহ), পোকামাকড়, উভচর, ইত্যাদি। বিভিন্ন জলবায়ুর সঙ্গে খাপ খাইয়ে নেওয়ার সময় থাকবে, কিন্তু এটি এত দ্রুত ঘটছে বলে বিশ্ব তা করতে পারবে না।",FAVOR,1,0.98086447,FAVOR,1,0.97767866,FAVOR,1,0.98161113,FAVOR,1,0.98005134,FAVOR,1,0.9800303,0.013011362,0.013049748,0,0.98005134,0.9800303,3,0.006937193,0.0069199223,0,3,3/3 Unanimous
272,সবচেয়ে প্রচলিত গ্রিন হাউস গ্যাসকে প্রশমিত করার জন্য আমরা কী করব.... জলবাষ্প?,FAVOR,1,0.93635374,FAVOR,1,0.9711302,FAVOR,1,0.99691975,FAVOR,1,0.9681346,FAVOR,1,0.96779823,0.0028833912,0.0029150713,0,0.9681346,0.96779823,3,0.02898208,0.029286658,0,3,3/3 Unanimous
273,"বিল নম্বর বিজ্ঞানী, আমি আল গোর এবং তাঁর জলবায়ু পরিবর্তন কেলেঙ্কারিতে বিশ্বাস করি না।",AGAINST,0,0.9994393,AGAINST,0,0.98602825,AGAINST,0,0.9986778,AGAINST,0,0.99471515,AGAINST,0,0.99465835,0.99471515,0.99465835,3,0.0023580475,0.0023881295,0,0.0029268423,0.0029534425,0,3,3/3 Unanimous
274,"ধন্যবাদ বেবি বুমার্স। আপনি আমাদের পৃথিবী নষ্ট করে দিয়েছেন এবং আপনাদের মধ্যে অনেকে এখনও বিশ্বাস করেননি। এবং বাস্তবতা মেনে নিই, কেউ পৃথিবীকে বাঁচাবে না। আমাদের বারো বছর হয়ে গেছে, এবং সরকার কিছুই করছে না। পরবর্তী প্রজন্মের জন্য গাছ বা বরফের পর্বত থাকত যদি এটি ঘটত না।",FAVOR,1,0.99811625,FAVOR,1,0.9833552,FAVOR,1,0.99813783,FAVOR,1,0.99320316,FAVOR,1,0.99313354,0.0034891178,0.0035302946,0,0.99320316,0.99313354,3,0.0033077665,0.0033360682,0,3,3/3 Unanimous
275,তারা বলে যে পৃথিবী নিজেকে এই ভাইরাস থেকে মুক্ত করার আশায় নিজেকে জ্বর দিচ্ছে যা তারা মানব বলে অভিহিত করে।,NONE,2,0.6071834,NONE,2,0.9851126,NONE,2,0.9394889,NONE,2,0.84392834,NONE,2,0.8429618,0.1526939,0.1536828,0,0.0033777673,0.0033552807,0,0.84392834,0.8429618,3,3,3/3 Unanimous
276,"এই আমাদের দোষ যদি আপনি মনে করেন যে এর জন্য আমরা দায়ী,",NONE,2,0.80716556,AGAINST,0,0.81828696,NONE,2,0.988892,NONE,2,0.6568739,NONE,2,0.652405,0.2828855,0.2867381,1,0.060240656,0.06085681,0,0.6568739,0.652405,2,2,2/3 Majority
277,"মাংস ও দুগ্ধ শিল্প প্রচুর পরিমাণে গ্রিনহাউস গ্যাস নির্গমনের জন্য দায়ী, যেমন ৮০% বা এরকম কিছু। মাংস এবং দুগ্ধজাত দ্রব্য নিষিদ্ধ",FAVOR,1,0.74491304,NONE,2,0.88882077,FAVOR,1,0.93900883,FAVOR,1,0.5962586,FAVOR,1,0.5916527,0.0063226023,0.006377777,0,0.5962586,0.5916527,2,0.39741886,0.40196952,1,2,2/3 Majority
278,বিল নাইসেকে একজন বিজ্ঞানী বলে বিশ্বাস করা মানুষেরা একই মানুষ যারা জলবায়ু পরিবর্তনে বিশ্বাস করে।,AGAINST,0,0.98339766,AGAINST,0,0.9204776,AGAINST,0,0.96623003,AGAINST,0,0.95670176,AGAINST,0,0.956548,0.95670176,0.956548,3,0.020753348,0.020825163,0,0.022544906,0.022626895,0,3,3/3 Unanimous
279,এই বোকাদের কাছে পৃথিবীর উষ্ণীকরণের বিষয়টি কি গুরুত্বপূর্ণ নয় যে পৃথিবী উষ্ণ হচ্ছে? প্রায় ৩০০ বছর আগে ছোট বরফ যুগ।মূল নমুনা থেকে বিবেচনা করে সমুদ্র এবং বরফের তাকগুলি দেখায় যে পৃথিবীর ইতিহাস বেশিরভাগ সময় ঠাণ্ডা সহ উষ্ণতার প্রবণতা খুব কম ছিল।আমি বলি যতক্ষণ পর্যন্ত এটি চলবে ততক্ষণ উপভোগ করুন কারণ আমরা জলবায়ুকে আর নিয়ন্ত্রণ করতে পারব না। করের মাধ্যমে মায়ানরা মানব বলিদানের চেয়ে বেশি অর্থ উপার্জন করত।,AGAINST,0,0.8883957,AGAINST,0,0.9806245,AGAINST,0,0.9916163,AGAINST,0,0.9535455,AGAINST,0,0.95312715,0.9535455,0.95312715,3,0.0035681846,0.0036108398,0,0.042886287,0.04326196,0,3,3/3 Unanimous
280,"গ্রেট লেকগুলো পূর্ণ, আমরা আপনার কথা বিশ্বাস করছি না বিল নাইস। মিথ্যুক",AGAINST,0,0.9979144,AGAINST,0,0.9700945,NONE,2,0.7591696,AGAINST,0,0.7009106,AGAINST,0,0.70789933,0.7009106,0.70789933,2,0.04307021,0.0423026,0,0.25601915,0.24979803,1,2,2/3 Majority
281,জলবায়ু সর্বদা পরিবর্তিত হচ্ছে। সর্বদাই!!!! বিল নীর মতো কাজ করা এই সতর্ককারীদের থেকে মানুষ বিচলিত হয়। ðŸ¤¢ðŸ¤® সে একজন লজ্জা।,AGAINST,0,0.99928683,AGAINST,0,0.985742,AGAINST,0,0.9967339,AGAINST,0,0.99392086,AGAINST,0,0.99387836,0.99392086,0.99387836,3,0.002959667,0.0029916437,0,0.0031194782,0.0031300366,0,3,3/3 Unanimous
282,"বন্ধুরা, সমস্ত বরফ ১,০০০ বছরেরও বেশি সময় ধরে গলে যাবে না।",AGAINST,0,0.95636505,AGAINST,0,0.9759207,AGAINST,0,0.99125755,AGAINST,0,0.9745145,AGAINST,0,0.9743184,0.9745145,0.9743184,3,0.002160482,0.002186995,0,0.023325061,0.02349452,0,3,3/3 Unanimous
283,"কোনও চিন্তা নেই, যদি আমরা সবাই মারা যাই, তাহলে আমরা যে কোনও গুঁড়ি পদার্থ থেকে বিবর্তিত হব যা গ্রহে এলিয়েনদের আগমনের সময় পড়ে যায়।",NONE,2,0.73368555,AGAINST,0,0.95121413,NONE,2,0.697117,NONE,2,0.49083138,NONE,2,0.4878841,0.4264866,0.4313307,1,0.082682036,0.08078513,0,0.49083138,0.4878841,2,2,2/3 Majority
284,"মিথেন কার্বন ডাই অক্সাইডের তুলনায় পরিবেশের জন্য ৮৪ গুণ বেশি ক্ষতিকর, এটি একই পরিমাণ কার্বন ডাই অক্সাইডের তুলনায় ৮৪ গুণ বেশি তাপমাত্রা বৃদ্ধি করে। দেশবাসী প্রতি বছর আনুমানিক ২০ মিলিয়ন টন মিথেন উৎপাদন করে, যা মানুষ এবং গবাদি পশুর মিলিত উৎপাদনের ১০ গুণ বেশি, এবং মানব-সৃষ্ট জলবায়ু পরিবর্তন একটি মিথ্যে কথা।",AGAINST,0,0.99948347,AGAINST,0,0.9640191,AGAINST,0,0.46579674,AGAINST,0,0.8097665,AGAINST,0,0.81400156,0.8097665,0.81400156,3,0.1619548,0.15833808,0,0.028278723,0.027660249,0,3,3/3 Unanimous
285,"বিল নাইস। পারমাণবিক শক্তি একটি জীবাশ্ম জ্বালানি নয়। আপনি কেন পারমাণবিক জ্বালানী সুপারিশ করেন না? কারণ আপনি একজন সক্রিয় কর্মী। ভয় দেখানোর কৌশল। এই ভিডিওটি ১০০% অকেজো। ""খাবার কম খান"" কী এক অকেজো ধারণা।",AGAINST,0,0.9875085,AGAINST,0,0.96955365,AGAINST,0,0.9954385,AGAINST,0,0.98416686,AGAINST,0,0.98401713,0.98416686,0.98401713,3,0.006063416,0.0061383457,0,0.00976967,0.009844438,0,3,3/3 Unanimous
286,"ভূতাত্ত্বিক ইতিহাসের মাধ্যমে পৃথিবীর তাপমাত্রার পরিবর্তনগুলি সামান্য নয়। এগুলি হিমবাহ এবং আন্তঃহিমবাহ সময়কাল নামে পরিচিত চরম ঠাণ্ডা এবং গরম থেকে শুরু করে। হিমবাহের যুগ থেকে হিমবাহের যুগ পর্যন্ত এটি প্রায় ১০০,০০০ বছর। আমরা একটি বরফ যুগ এবং সর্বাধিক আন্তঃহিমবাহ সময়কালে ঢাল থেকে উপরে উঠে এসেছি। এর অর্থ উচ্চ তাপমাত্রা। আমি আরও স্পষ্ট করে জানাতে চাই যে, আমরা পৃথিবীর সর্বোচ্চ তাপমাত্রায় এখনও পৌঁছাইনি, কেবল সর্বোচ্চ নথিভুক্ত তাপমাত্রায় পৌঁছেছি। এই সমস্ত কথা সত্ত্বেও আমি প্রয়োজনের চেয়ে দ্রুত সেই তীব্র তাপে যেতে চাই না। সম্পাদনা: গ্রহে (মানুষ) এত বড় প্রাণীর (শিল্প বিপ্লব সহ বা ছাড়া) গ্রহে প্রভাব না থাকার কথা ভাবাও অজ্ঞতাবশত হবে। আমরা আমাদের অত্যধিক প্রাকৃতিক সম্পদ ব্যবহারের ফলে তাপমাত্রা অত্যন্ত বৃদ্ধি করছি।",AGAINST,0,0.5018127,FAVOR,1,0.965638,FAVOR,1,0.68780255,FAVOR,1,0.68659043,FAVOR,1,0.6868948,0.24347697,0.24365038,1,0.68659043,0.6868948,2,0.06993262,0.06945485,0,2,2/3 Majority
287,"খোলা জায়গায় ছিল। আমাদের বায়ুমণ্ডলের স্তরগুলি এক্সোস্ফিয়ার পর্যন্ত প্রসারিত, যা চাঁদ পর্যন্ত প্রসারিত, তাই গ্রিনহাউস গ্যাসগুলি মহাকাশে হারিয়ে যায় এবং পুড়ে যায়, তাই বিল নিয়ের আপনার তত্ত্বটি ত্রুটিযুক্ত। আপনি পৃথিবীর বায়ুমণ্ডলের প্রথম স্তরটি ছাড়া আর কিছু উল্লেখ করেননি।",AGAINST,0,0.99507445,AGAINST,0,0.96699846,AGAINST,0,0.99509394,AGAINST,0,0.98572224,AGAINST,0,0.9855902,0.98572224,0.9855902,3,0.0019759836,0.0019993894,0,0.012301743,0.012410308,0,3,3/3 Unanimous
288,"পৃথিবী কাঁপছে/মৃতপ্রায় হয়ে আছে। জলবায়ু পরিবর্তন সর্বদা ঘটেছে এবং সর্বদা থাকবে। মজার ব্যাপার হল, ২০১৯ সালে, 'বিশেষজ্ঞরা' এখন বলছেন যে জলবায়ু দ্রুত শীতল হচ্ছে! দায়বদ্ধ হোন এবং জল পরিষ্কার করুন ইত্যাদি, কিন্তু ভীতি ছড়াও এবং 'নিয়ন্ত্রণ' এর জন্য চাপ দেওয়া বন্ধ করুন।",AGAINST,0,0.9973067,AGAINST,0,0.98562014,AGAINST,0,0.99784875,AGAINST,0,0.99359185,AGAINST,0,0.9935325,0.99359185,0.9935325,3,0.0032647625,0.003303866,0,0.0031433895,0.0031636234,0,3,3/3 Unanimous
289,"কেম ট্রেইল বা সৌর বিকিরণ ব্যবস্থাপনার প্রয়োজন কারণ পৃথিবী প্রচুর শক্তি পাচ্ছে। কার্বন ডাই অক্সাইড সত্যিকারের তাপকে আটকে রাখবে, কিন্তু সূর্যের থেকে শক্তির বৃদ্ধিই সমস্যা। সমস্তটাই ওজোন স্তরের ধ্বংসের কারণে, হেয়ার স্প্রে এবং ফ্রিয়নের কারণে নয়। দুই হাজার বায়ুমণ্ডলীয় পারমাণবিক বিস্ফোরণ থেকে, ধন্যবাদ বিজ্ঞান।",AGAINST,0,0.9975102,AGAINST,0,0.7585247,AGAINST,0,0.5008243,AGAINST,0,0.7522864,AGAINST,0,0.75526094,0.7522864,0.75526094,3,0.1287449,0.12625143,0,0.11896869,0.11848764,0,3,3/3 Unanimous
290,"বিল নাইস। হ্যাঁ, জলবায়ু পরিবর্তন হচ্ছে, কিন্তু মানুষের কারণে নয়। নিছক প্রচার, যদি না কেবল সাধারণ বি.s.",AGAINST,0,0.97788835,AGAINST,0,0.9541202,AGAINST,0,0.9973929,AGAINST,0,0.97646713,AGAINST,0,0.9761947,0.97646713,0.9761947,3,0.011152041,0.011297055,0,0.012380742,0.012508181,0,3,3/3 Unanimous
291,"আমার প্রিয় মন্তব্যটি হল: ""গ্রহটি ঠিক থাকবে - মানুষেরা তো বয়স্ক মানুষ, তারা তো বয়স্ক মানুষ!""দশকী â€""â€"" ভিডিওটির শুরু থেকে ০৩:৪২ পর্যন্ত বেশিরভাগ যুক্তিই বিশুদ্ধভাবে অতিরঞ্জিত - পক্ষপাতমূলক (বা নকল) তথ্যের সঙ্গে মিশ্রিত।",NONE,2,0.6497771,AGAINST,0,0.84807503,AGAINST,0,0.69400734,AGAINST,0,0.6208826,AGAINST,0,0.62027913,0.6208826,0.62027913,2,0.015107624,0.015204539,0,0.36400983,0.36451632,1,2,2/3 Majority
292,"হ্যাঁ, চলো CO২ দূর করি যাতে সমস্ত গাছপালা মরে যায় যাতে আমরা শ্বাস নিতে, খেতে এবং এই পৃথিবীতে বেঁচে থাকতে পারি না। এবং হ্যাঁ, পৃথিবীকে উষ্ণ করে রাখা বিষয়টি হল ড্রাম রোল, সূর্য।",FAVOR,1,0.5375695,AGAINST,0,0.96093214,AGAINST,0,0.985401,AGAINST,0,0.7541244,AGAINST,0,0.7516314,0.7541244,0.7516314,2,0.18385142,0.18581165,1,0.062024157,0.06255693,0,2,2/3 Majority
293,"বোকাসুলভ বিল! গ্লোবাল ওয়ার্মিং এরকম কিছু নেই! রিপাবলিকান পার্টি আমাকে তাই বলেছে! তারা আমাকে সতর্ক করেছিল যে আপনি ""বুদ্ধিমান"" লোকেরা কীভাবে আমাকে ঈশ্বরের/রক্ষণশীলদের কথায় সন্দেহ করতে প্রতারিত করার চেষ্টা করবে, কিন্তু আমি এর একটি কথাও বিশ্বাস করব না! আমি আমার বিশুদ্ধতার আংটির প্রতিজ্ঞা করছি।",AGAINST,0,0.9975116,AGAINST,0,0.97526646,AGAINST,0,0.9962972,AGAINST,0,0.98969173,AGAINST,0,0.9895973,0.98969173,0.9895973,3,0.004058187,0.004111289,0,0.00625008,0.0062913992,0,3,3/3 Unanimous
294,"সর্বদা বিল নায়েইকে শুনুন, যিনি একজন বিজ্ঞান বিশেষজ্ঞ। বিল: বিল বিল বিল (বিল নাইজ দ্য রুশ স্পাই লোল জে কে) না কিন্তু সত্যি শোনো ওকে, এই ব্যাপারটা বাস্তব শোনো, কিংবদন্তি শোনো...",AGAINST,0,0.7342689,AGAINST,0,0.9829117,NONE,2,0.98849803,AGAINST,0,0.57584393,AGAINST,0,0.58298194,0.57584393,0.58298194,2,0.005670886,0.005723822,0,0.41848513,0.4112942,1,2,2/3 Majority
295,"এটা সত্য নয় যে সেই তালিকায় বেশিরভাগ তথ্য সাংবাদিকদের থেকে এসেছে, আসল বিজ্ঞানীরা ৯৭% নয়, বরং ড. ইস্টারব্রুক দেখান যে মাত্র ২% বিজ্ঞানী জলবায়ু পরিবর্তনে বিশ্বাস করেন, ৯৭% করেন না। ডন ইস্টারবুক জলবায়ু পরিবর্তনকে ফাঁকি দেওয়া হয়েছে, এগুলি আসল তথ্য, তৈরি করা নয়।",AGAINST,0,0.9844376,AGAINST,0,0.96714026,AGAINST,0,0.9768872,AGAINST,0,0.97615504,AGAINST,0,0.9761361,0.97615504,0.9761361,3,0.00580789,0.00585935,0,0.018037101,0.018004576,0,3,3/3 Unanimous
296,"কিন্তু বিল এখন কমতে শুরু করেছে... সূর্য সৌর न्यूनतम অবস্থায় চলে গেলে কী হবে? বিজ্ঞান কী বলছে, এই পরিবর্তনের প্রত্যক্ষ কারণ কার্বন ডাই অক্সাইড? আপনি কি বলছেন যে আমাদের বিশ্বব্যাপী আবহাওয়ার উপর সূর্যের তুলনায় মানুষের বেশি প্রভাব রয়েছে? গ্যালাকটিক রশ্মি এবং সেগুলো আবহাওয়াকে কীভাবে প্রভাবিত করে? কয়েক দশক আগে ফিরে যাওয়ার পরিবর্তে, কয়েক হাজার থেকে কয়েক হাজার বছর আগের বিশ্ব তাপমাত্রার ইতিহাস দেখলে এবং এটিকে সৌর ন্যূনতম এবং সর্বোচ্চ প্রবণতার সঙ্গে সারিবদ্ধ করলে কেমন হয়? এটি কেবল আমার ব্যক্তিগত মতামত, তবে যেহেতু আপনি বিজ্ঞানের মানুষ, আবহাওয়াকে আসলে কী প্রভাবিত করে সে বিষয়ে আপনার কি কিছু অনুসন্ধান করা উচিত নয়?",AGAINST,0,0.44123426,AGAINST,0,0.8761275,AGAINST,0,0.95197064,AGAINST,0,0.75644416,AGAINST,0,0.7542734,0.75644416,0.7542734,3,0.05341963,0.053964734,0,0.19013624,0.19176176,0,3,3/3 Unanimous
297,প্রচার বিভাগের বিল স্লি। ৯৭% বোকাসো।,AGAINST,0,0.6464223,AGAINST,0,0.9521933,AGAINST,0,0.5625869,AGAINST,0,0.7204008,AGAINST,0,0.7225278,0.7204008,0.7225278,3,0.0048270468,0.00480364,0,0.27477208,0.27266848,0,3,3/3 Unanimous
298,"রেকর্ডটি দেখাবে যে বিল নাইস দ্য সায়েন্স গাই জীবাশ্ম জ্বালানির ব্যবহার বন্ধ করার জন্য প্রচার করছেন, যার ফলে তৃতীয় বিশ্বের দেশগুলিতে লক্ষ লক্ষ মানুষ জলবায়ু পরিবর্তনের অর্থ থেকে নেতাদের সাহায্য করে শিল্পায়ন না করে লক্ষ লক্ষ মানুষকে অনাহারে রেখে দিচ্ছে। যখন তিনি বিমান যাত্রা করেন কারণ তিনি অভিজাত।",AGAINST,0,0.98612344,AGAINST,0,0.97352695,FAVOR,1,0.84248143,AGAINST,0,0.6559114,AGAINST,0,0.66391885,0.6559114,0.66391885,2,0.28588825,0.27900326,1,0.05820029,0.057077833,0,2,2/3 Majority
299,"না, এটি মিথ্যা নয়। একটু বিরতি নিই!",AGAINST,0,0.62891126,AGAINST,0,0.9673545,AGAINST,0,0.98489374,AGAINST,0,0.86038655,AGAINST,0,0.85903937,0.86038655,0.85903937,3,0.014128136,0.014193222,0,0.12548538,0.1267674,0,3,3/3 Unanimous
300,আশা করি আমরা জলবায়ু পরিবর্তন রোধ করতে পারব।,FAVOR,1,0.95970505,NONE,2,0.96429926,FAVOR,1,0.56066024,FAVOR,1,0.51237875,FAVOR,1,0.511243,0.0077849254,0.007842618,0,0.51237875,0.511243,2,0.47983637,0.48091438,1,2,2/3 Majority
301,অনেক মন্তব্য মুছে ফেলা হয়েছে। সেন্সরশিপ বিশ্ব উষ্ণায়ন একটি ভ্রান্ত ধারণা।,AGAINST,0,0.455949,AGAINST,0,0.9593233,AGAINST,0,0.98438823,AGAINST,0,0.7998869,AGAINST,0,0.7978917,0.7998869,0.7978917,3,0.1202392,0.121495195,0,0.07987396,0.080613084,0,3,3/3 Unanimous
302,"এটি একটি সংবাদ প্রতিবেদন হিসাবে প্রকাশিত হয় যেখানে মানুষকে অর্ধেক সত্য বলা হয়। তাহলে আমরা মধ্যযুগীয় উষ্ণ সময়কাল সম্পর্কে কিছু শুনিনি কেন? ছোট বরফ যুগ? মেরুভূমিতে বরফের সম্পূর্ণ অদৃশ্যতা? এবং যে শুধুমাত্র ১০ গুণ বেশি কার্বন ডাই অক্সাইড জীবাণুগত রূপান্তরের মতো বিশুদ্ধ প্রাকৃতিক প্রক্রিয়া দ্বারা তৈরি হয় যা সমস্ত মানুষ একত্রে উৎপাদন করে? মহাসাগরগুলির কার্বন ডাই অক্সাইডের কথা না উল্লেখ করলেই নয়, যে সেগুলি কত বড় তা আমরা সবাই জানি। আসল সত্য খুঁজে বের করার জন্য সাধারণ নাগরিক কি সত্যিই অধ্যাপক হতে বাধ্য?",AGAINST,0,0.99465936,NONE,2,0.81218195,AGAINST,0,0.9076029,AGAINST,0,0.6935293,AGAINST,0,0.6904147,0.6935293,0.6904147,2,0.0043744557,0.00439199,0,0.30209628,0.30519325,1,2,2/3 Majority
303,"""মানব ক্রিয়াকলাপের ফলে""",FAVOR,1,0.77931535,NONE,2,0.984916,NONE,2,0.89177024,NONE,2,0.69561535,NONE,2,0.69363105,0.037704617,0.0369521,0,0.26668,0.26941684,1,0.69561535,0.69363105,2,2,2/3 Majority
304,"এই ব্যক্তি একটি কেলেঙ্কারি এবং এই জলবায়ু পরিবর্তন কেলেঙ্কারি থেকে প্রচুর অর্থ উপার্জন করছেন। সূর্যের উপর গবেষণা করুন এবং জলবায়ু পরিবর্তনে এর প্রভাব, এবং আপনি তাকে আর কখনও দেখতে পাবেন না।",AGAINST,0,0.9912743,AGAINST,0,0.98292315,AGAINST,0,0.99773115,AGAINST,0,0.99064285,AGAINST,0,0.9905504,0.99064285,0.9905504,3,0.0020341682,0.0020577481,0,0.0073230215,0.007391903,0,3,3/3 Unanimous
305,"জলবায়ু পরিবর্তন: ওবামা প্রশাসন দ্বারা সংজ্ঞায়িত জলবায়ু পরিবর্তন একটি মিথ। এবং বিল নাইস বিশেষজ্ঞ নন। উনি একজন স্নাতক ডিগ্রিধারী সাধারণ মানুষ। তিনি একজন জলবায়ুবিজ্ঞানী নন, তাঁর কোনও দক্ষতা বা চিকিৎসাগত বিজ্ঞানের স্বীকৃতি নেই। উনি একজন প্রচারমূলক পুতুল, তাই একজন বিশেষজ্ঞ হিসেবে তাঁকে কিছু বলবেন না।",AGAINST,0,0.9682764,AGAINST,0,0.9783943,AGAINST,0,0.99775046,AGAINST,0,0.98147374,AGAINST,0,0.9812781,0.98147374,0.9812781,3,0.012192733,0.012330805,0,0.0063335635,0.006391081,0,3,3/3 Unanimous
306,"জলবায়ু পরিবর্তনের কোনও বিজ্ঞান নেই। অতএব জলবায়ু পরিবর্তনে কোনও বিজ্ঞানী নেই, তাঁরা হয় রাজনীতিবিদ বা অজ্ঞ।",AGAINST,0,0.91029304,FAVOR,1,0.9414548,AGAINST,0,0.99297416,AGAINST,0,0.6494479,AGAINST,0,0.644704,0.6494479,0.644704,2,0.31838438,0.32284683,1,0.03216768,0.032449175,0,2,2/3 Majority
307,জলবায়ু পরিবর্তন একটি বাস্তব এবং গুরুতর সমস্যা। সঠিক। আমরা ক্ষুদ্র বরফ যুগে প্রবেশ করতে চলেছি। আমরা বিশ্ব উষ্ণায়নের একটি যুগে রয়েছি।,FAVOR,1,0.9980124,FAVOR,1,0.80987245,FAVOR,1,0.99868613,FAVOR,1,0.9355237,FAVOR,1,0.9346348,0.062236633,0.0631062,0,0.9355237,0.9346348,3,0.0022396722,0.0022589436,0,3,3/3 Unanimous
308,"জলবায়ু পরিবর্তন সম্পর্কে কোনও আলোচনা হতে পারে না, যদি না আমরা জলবায়ু হস্তক্ষেপ/জியோইঞ্জিনিয়ারিং কর্মসূচির কথা বলি, যা উদ্বেগজনক হারে জীবমণ্ডলকে ধ্বংস করে দিচ্ছে। আমরা স্ট্রাটোস্ফিয়ারিক অ্যারোসল ইনজেকশন শ্বাস নিতে বা কার্বন সিকুয়েস্ট্রেশনের মাধ্যমে মহাসাগরে কার্বন জোর করে প্রবেশ করতে সম্মত নই।",FAVOR,1,0.9936931,FAVOR,1,0.97596675,FAVOR,1,0.99444276,FAVOR,1,0.9880342,FAVOR,1,0.9879447,0.008541176,0.008628628,0,0.9880342,0.9879447,3,0.003424599,0.0034265523,0,3,3/3 Unanimous
309,"জলবায়ু পরিবর্তন অস্বীকারকারীদের দ্বারা অসুস্থ এবং ক্লান্ত! এবং এমনকি যদি বিজ্ঞানীরাও - যাদের অধিকাংশই একমত যে আমরা মূলত এর জন্য দায়ী কারণ দূষণ আমাদের প্রভাবিত করে - দূষণ আমাদের কীভাবে প্রভাবিত করে সে সম্পর্কে কী কথা - হ্যাঁ মানুষ - আপনি এবং আমি - এখানে এবং এখন। দূষিত বায়ু এবং জল প্রতি সেকেন্ডে বিশ্বজুড়ে লক্ষ লক্ষ মানুষকে প্রভাবিত করছে। দূষণ হ্রাস করার প্রয়োজনীয়তাকে অস্বীকার করা অমানবিক এবং বোকামি! যাঁরা এটি অস্বীকার করেন (যদিও আমি সকলকে প্রশংসা করি না) তাঁদের 'খ্রিস্টান' বলা হয়। যে বাইবেল বিশ্বাস করে, ... সুমহান গ্রন্থে সতর্কবার্তা রয়েছে - যেখানে ঈশ্বর পৃথিবীকে ধ্বংসকারীদের ধ্বংস করার প্রতিশ্রুতি দিয়েছেন; হ্যাঁ, এর মধ্যে আপনিও আছেন যদি আপনি দূষণ বন্ধ করার প্রয়োজনীয়তাকে সমর্থন না করেন! আপনি যদি একমত না হন, ঠিক আছে। আমি এখনও সঠিক! বিন্দু",FAVOR,1,0.9987436,FAVOR,1,0.9844481,FAVOR,1,0.9938168,FAVOR,1,0.9923362,FAVOR,1,0.9923097,0.0047228863,0.0047516506,0,0.9923362,0.9923097,3,0.0029409695,0.002938686,0,3,3/3 Unanimous
310,জলবায়ু পরিবর্তন আমার মনে হয় না। ঈশ্বর আমাদের সতর্ক করছেন। ভগবান আমাদের জাগরণের বার্তা দিচ্ছেন। জলবায়ু পরিবর্তন বিষয়টি সম্পূর্ণরূপে ভুল। বাইবেল ঠিক বলেছেন।,AGAINST,0,0.9979582,AGAINST,0,0.98504686,AGAINST,0,0.9974807,AGAINST,0,0.9934952,AGAINST,0,0.9934385,0.9934952,0.9934385,3,0.0033564076,0.0033984026,0,0.0031483031,0.0031629857,0,3,3/3 Unanimous
311,এটি সম্পূর্ণ উন্মাদনা। টনি হেলেরের গ্লোবাল ওয়ার্মিং-এর জঙ্ক বিজ্ঞানকে খণ্ডনকারী ভিডিওগুলি দেখুন। তিনি প্রকৃত বিজ্ঞান এবং সংবাদ নিবন্ধ ব্যবহার করেন যা ১৮০০-এর দশকের শেষের দিকে যায়। পৃথিবী ঠিক আছে এবং খুব বেশি পরিবর্তন হচ্ছে না।,AGAINST,0,0.9991097,AGAINST,0,0.98634094,AGAINST,0,0.9983846,AGAINST,0,0.99461174,AGAINST,0,0.99455774,0.99461174,0.99455774,3,0.0025123013,0.0025450774,0,0.0028759316,0.0028971217,0,3,3/3 Unanimous
312,"তারা বলে যে বরফের চূড়াগুলি গলে যাচ্ছে। আমি আপনাকে আশ্বস্ত করছি যে, গত শীতকাল এবং তার আগের শীতকাল, মধ্য আটলান্টিক অঞ্চলে যদি উত্তরের মেরু অঞ্চলের তুলনায় বেশি ঠাণ্ডা না থাকে, তাহলে এই শীতকালও তেমন ঠাণ্ডা হবে না। এখানে ৩০ নম্বর। চলো, ছেলেরা। হ্যাট র্যাক ছাড়া অন্য কিছুর জন্য আপনার মাথা ব্যবহার করুন। তারা জনসাধারণের ভরসার উপর নির্ভরশীলতায় শিকার হয়।",AGAINST,0,0.9912184,AGAINST,0,0.51090103,AGAINST,0,0.7372795,AGAINST,0,0.74646634,AGAINST,0,0.7463057,0.74646634,0.7463057,3,0.006379562,0.006403791,0,0.24715412,0.24729049,0,3,3/3 Unanimous
313,"আগে এটিকে 'গ্লোবাল ওয়ার্মিং' বলা হত। তারপর যখন আমরা সবাই একসঙ্গে ২০-৩০ ডিগ্রি সেলসিয়াসের নিচে শীত কাটিয়েছিলাম, তখন জনসাধারণের কাছে বিক্রি করা কঠিন হয়ে পড়েছিল। তারপর 'উদারপন্থীরা' এটিকে 'জলবায়ু পরিবর্তন' বলে ডাকতে শুরু করে। তারা কেবল মানুষকে নিয়ন্ত্রণ করার চেষ্টা করছে। তাদের দিকে আঙুল তুলে বলুন যে আপনি যেভাবেই হোক তাদের উপর আধিপত্য করতে চান না। আমি টায়ারের একটি বিশাল স্তূপ জ্বালানোর জন্য বাইরে যাচ্ছি। কে কে আছেন?",AGAINST,0,0.9968947,AGAINST,0,0.98582387,AGAINST,0,0.99669915,AGAINST,0,0.99313927,AGAINST,0,0.99308884,0.99313927,0.99308884,3,0.0024617368,0.0024916995,0,0.0043990407,0.004419441,0,3,3/3 Unanimous
314,"এই পরিসংখ্যানগুলি সবই নির্বাচিত এবং অসত্য। বিল নাইজির মহাসাগরীয় অম্লতা স্তরটি কোথায় বেড়েছে? বিশ্ব জুড়ে গড়পড়তা নয়, এটা নিশ্চিত।",AGAINST,0,0.9986179,AGAINST,0,0.9813347,AGAINST,0,0.98964673,AGAINST,0,0.98986644,AGAINST,0,0.9898593,0.98986644,0.9898593,3,0.003987136,0.0040228916,0,0.0061464007,0.006117795,0,3,3/3 Unanimous
315,"মানুষ, আপনাকে গ্রহকে বাঁচানোর জন্য নিরামিষাশী হতে হবে। এটি গ্রহকে বাঁচানোর সহজতম উপায়। প্রাণীজ শিল্প চাষ হল গ্রিন হাউস গ্যাস নির্গমনের প্রধান কারণ। আপনি যদি সত্যিই যত্ন করেন, তাহলে দয়া করে এ বিষয়ে আরও পড়ুন।",FAVOR,1,0.9968004,FAVOR,1,0.9831396,FAVOR,1,0.99262637,FAVOR,1,0.99085546,FAVOR,1,0.9908257,0.0042972225,0.0043465686,0,0.99085546,0.9908257,3,0.0048473445,0.004827707,0,3,3/3 Unanimous
316,"জলবায়ু পরিবর্তন বাস্তব নয়, একটি কল্পনা জীয়াতিন থেকে জেগে ওঠা।",AGAINST,0,0.99830604,AGAINST,0,0.9815672,AGAINST,0,0.9963425,AGAINST,0,0.99207187,AGAINST,0,0.9920095,0.99207187,0.9920095,3,0.003947349,0.0039984956,0,0.003980729,0.0039919727,0,3,3/3 Unanimous
317,এটি কি কোনও কল্পনাপ্রসূত 'বিজ্ঞানী'র কাছ থেকে? ভাঁড়রা।,AGAINST,0,0.99702173,AGAINST,0,0.97962475,AGAINST,0,0.9932556,AGAINST,0,0.98996735,AGAINST,0,0.98991674,0.98996735,0.98991674,3,0.002109792,0.0021344933,0,0.007922828,0.00794874,0,3,3/3 Unanimous
318,"ভুয়া খবর, ভুয়া জলবায়ু পরিবর্তন।",AGAINST,0,0.998978,AGAINST,0,0.98502696,AGAINST,0,0.99442273,AGAINST,0,0.99280924,AGAINST,0,0.9927813,0.99280924,0.9927813,3,0.002268115,0.0022870891,0,0.0049225916,0.0049315444,0,3,3/3 Unanimous
319,"নীরব অস্ত্রের সন্ধান করুন, শান্তিপূর্ণ যুদ্ধের জন্য, জলবায়ু পরিবর্তন এমন একটি ছলনা যা আপনাকে ক্রীতদাসে পরিণত করার জন্য তৈরি করা হয়েছে। সত্য হল যে আমাদের আবহাওয়া কেমট্রেল দ্বারা ভূ-প্রকৌশল করা হয়েছে। শুধু উদাহরণস্বরূপ, ক্যালিফোর্নিয়ায় বন আগুন বিশাল কারণ অ্যালুমিনিয়াম অক্সাইড কেমট্রেলগুলি ইচ্ছাকৃতভাবে তাদের ত্বরান্বিত করার জন্য রয়েছে। এমনকি একটি নাসা গবেষণাও দেখাচ্ছে যে কার্বন ডাই অক্সাইড পৃথিবীকে শীতল করে। সর্বোপরি, উদ্ভিদ ও প্রাণীর শ্বাস-প্রশ্বাসের জন্য কার্বন ডাই-অক্সাইড প্রয়োজন- তাই আপনার কার্বন ডাই-অক্সাইড নির্গমন বৃদ্ধি করুন। আবার, আপনাকে এজেন্ডা ২০৩০-এর জনসংখ্যা হ্রাস কৌশলগুলির সঙ্গে একমত করার জন্য এই প্রচারটি চালানো হচ্ছে।",AGAINST,0,0.9986908,AGAINST,0,0.9844359,AGAINST,0,0.99660325,AGAINST,0,0.9932433,AGAINST,0,0.9931936,0.9932433,0.9931936,3,0.0029324295,0.0029634172,0,0.003824219,0.0038429382,0,3,3/3 Unanimous
320,"যেহেতু বিশ্ব উষ্ণায়ন অব্যাহত রয়েছে এবং ফসল নষ্ট হচ্ছে, মানুষ অনাহারে রয়েছে, আমরা সেই সব মানুষকে কারাবন্দী করব যারা বিশ্ব উষ্ণায়নের মিথ্যা কথা বলেছে এবং আমাদেরকে নতুন অন্ধকার যুগের পরবর্তী ৩০ বছরের জন্য প্রস্তুত হতে বাধা দিয়েছে।",AGAINST,0,0.990436,AGAINST,0,0.9650007,AGAINST,0,0.9703949,AGAINST,0,0.9752772,AGAINST,0,0.9753231,0.9752772,0.9753231,3,0.021704251,0.02165204,0,0.0030185326,0.0030248687,0,3,3/3 Unanimous
321,মহাসাগরীয় অম্লীকরণ বিশ্বব্যাপী প্রতি গ্রীষ্মের ছুটিতে কোটি কোটি মানুষ এতে প্রস্রাব করার কারণে ঘটে! এই বো-টায়ে-কাটা মাথাগুলো কি সঠিক কিছু বুঝতে পারছে না?,AGAINST,0,0.9734727,AGAINST,0,0.485495,AGAINST,0,0.99625313,AGAINST,0,0.8184069,AGAINST,0,0.8159281,0.8184069,0.8159281,3,0.085071675,0.08625935,0,0.09652138,0.09781256,0,3,3/3 Unanimous
322,এই জীবাশ্মটি কীভাবে সোজা মুখে বলতে পারে যে গ্রহটি তার আগের যে কোনও সময়ের তুলনায় এখন সবচেয়ে উষ্ণ? প্রথম থার্মোমিটার কবে উদ্ভাবিত হয়েছিল? আমার মনে হয় না রোমান এবং গ্রীকরা এই জিনিসটির মালিকানা দাবি করতে পারবে। এরপর কে বক্তব্য রাখবেন?,AGAINST,0,0.70000607,AGAINST,0,0.8364774,AGAINST,0,0.9856229,AGAINST,0,0.8407021,AGAINST,0,0.8389871,0.8407021,0.8389871,3,0.0044041,0.004453537,0,0.15489377,0.1565593,0,3,3/3 Unanimous
323,সম্পূর্ণরূপে একমত। সংস্থাগুলিকে অবিলম্বে জীবাশ্ম জ্বালানি এবং গ্রিনহাউস গ্যাস কমাতে হবে।,FAVOR,1,0.98961884,FAVOR,1,0.9830556,FAVOR,1,0.98953956,FAVOR,1,0.98740464,FAVOR,1,0.9873744,0.0040541454,0.004069067,0,0.98740464,0.9873744,3,0.008541189,0.008556427,0,3,3/3 Unanimous
324,"চিন্তা করবেন না ড্যানিয়েল। হচ্ছে না। এই ব্যক্তি হলেন বৈদ্যুতিক প্রকৌশলে ডিগ্রিধারী একজন টিভি ব্যক্তিত্ব। তিনি ডেভিড সুজুকির মতো, একজন প্রকৃত জলবায়ু বিজ্ঞানী নন, বরং গ্লোবাল ওয়ার্মিং অ্যালার্মিস্টদের দ্বারা প্রচার ছড়ানোর জন্য নিযুক্ত।কে বিল নায়ে টিভি-তে শিশুদের বিজ্ঞান অনুষ্ঠান দিয়ে বিখ্যাত করে তুলেছিলেন, তিনি বিজ্ঞান সম্পর্কে একজন বিশেষজ্ঞ ছিলেন। তিনি আসলে আসল বিজ্ঞান সম্পর্কে কিছুই জানেন না। ইউটিউবে ডেভিড সুজুকি অস্ট্রেলিয়ায় ওয়াশড-এর মতো ভিডিও দেখুন। সে সত্যিই কিছু না জেনে নিজেকে বিব্রত করে। শুধু ওটা দেখুন এবং বুঝতে পারবেন যে এই অভিনেতারা স্ক্রিপ্ট পড়ছেন এবং নিজেদের মধ্যে খুব বেশি গবেষণা করেননি।",AGAINST,0,0.9985977,AGAINST,0,0.9705218,AGAINST,0,0.952757,AGAINST,0,0.9739588,AGAINST,0,0.9742051,0.9739588,0.9742051,3,0.0019283649,0.0019475718,0,0.024112811,0.023847338,0,3,3/3 Unanimous
325,জলবায়ু পরিবর্তন মোকাবিলায় সর্বোত্তম অপেক্ষা হল উদারপন্থীদের নির্মূল করা।,FAVOR,1,0.7733326,FAVOR,1,0.97859484,FAVOR,1,0.93883216,FAVOR,1,0.8969199,FAVOR,1,0.89651847,0.048570752,0.04876673,0,0.8969199,0.89651847,3,0.054509368,0.054714702,0,3,3/3 Unanimous
326,"ইউ-এর সামনে বায়ুমণ্ডলীয় বিজ্ঞানের অধ্যাপক জন ক্রিস্টির সাক্ষ্য। লিখিত ২০১৭ সালের মার্চ মাসে বিজ্ঞান, মহাকাশ ও প্রযুক্তি সংক্রান্ত সংসদীয় সংসদীয় সংসদীয় কমিটি। মহাশয় ক্রিস্টি আন্তঃসরকারী জলবায়ু পরিবর্তন প্যানেলের প্রধান লেখক ছিলেন, তাই তিনি এই বিষয়ে ভাল যোগ্যতাসম্পন্ন। অধ্যাপক ক্রিস্টি ৩৮ বছরের প্রকৃত তাপমাত্রার তথ্যকে একই সময়ের জলবায়ু মডেলের পূর্বাভাসিত গড়ের সঙ্গে তুলনা করেছেন। তিনি উপসংহারে পৌঁছন যে জলবায়ু মডেলগুলি সেই ৩৮ বছরের মধ্যে যা ঘটেছিল তার চেয়ে অনেক বেশি তাপমাত্রা বৃদ্ধির প্রদর্শন করে।",NONE,2,0.9917498,NONE,2,0.9941223,NONE,2,0.9489107,NONE,2,0.978261,NONE,2,0.9786254,0.01995997,0.019585742,0,0.0017791021,0.0017888672,0,0.978261,0.9786254,3,3,3/3 Unanimous
327,কোনও বৈশ্বিক উষ্ণায়ন নেই। মানুষকে নিয়ন্ত্রণ করা এবং অর্থ চুরি করার জন্য এটি একটি ফৌজদারি ষড়যন্ত্র। সাধারণ উদারপন্থী।,AGAINST,0,0.9995111,AGAINST,0,0.9852645,AGAINST,0,0.9986482,AGAINST,0,0.9944746,AGAINST,0,0.9944148,0.9944746,0.9944148,3,0.0026288733,0.002663643,0,0.0028965094,0.002921509,0,3,3/3 Unanimous
328,"ওহ, এটা বোকামি। এক শতাব্দী পূর্বে থার্মোমিটারগুলি কতটা ভালো ছিল? ভয়ানক! বিশেষত বর্তমান সময়ের তুলনায়। হ্যাঁ, আমাদের গ্রহের যত্ন নেওয়া অত্যন্ত জরুরি। পৃথিবী বছরের পর বছর ধরে পরিবর্তিত হচ্ছে! ধন্যবাদ, আমাদের দেহগুলি মাংস গ্রহণ করার জন্য তৈরি। আমি নিশ্চিত নই।",AGAINST,0,0.9620658,AGAINST,0,0.8789242,AGAINST,0,0.8523359,AGAINST,0,0.89777535,AGAINST,0,0.89829,0.89777535,0.89829,3,0.068300776,0.068112634,0,0.03392395,0.033597406,0,3,3/3 Unanimous
329,"যতক্ষণ পর্যন্ত মানব জনসংখ্যা বৃদ্ধি পাচ্ছে ততক্ষণ এই কোনওটিই গুরুত্বপূর্ণ হবে না। খরচ (দূষণ), মানব জনসংখ্যা বৃদ্ধি এবং পরিবেশগত অবক্ষয়ের মধ্যে একটি ইতিবাচক সম্পর্ক রয়েছে।আসল সমস্যাটি বের করাটা এত কঠিন নয়।",AGAINST,0,0.99279964,FAVOR,1,0.65365887,FAVOR,1,0.56344664,AGAINST,0,0.44061294,AGAINST,0,0.443427,0.44061294,0.443427,1,0.40638056,0.40480947,2,0.1530065,0.1517635,0,2,2/3 Majority
330,"যদিও এগুলি অতটা উষ্ণ নয়। যখন আপনি রেকর্ডের কথা বলেন তখন এটিকে এমনভাবে তৈরি করুন যেন পৃথিবী কখনই এত গরম হয়নি, এর চেয়ে বেশি গরম তাপমাত্রা ছিল। আমরা জানি বায়ুমণ্ডলে আগেও অধিক পরিমাণে কার্বন ছিল এবং আপনি সেটা জানেন।",AGAINST,0,0.9438525,AGAINST,0,0.9529621,AGAINST,0,0.9933369,AGAINST,0,0.96338385,AGAINST,0,0.9630184,0.96338385,0.9630184,3,0.016292686,0.016487896,0,0.020323494,0.020493643,0,3,3/3 Unanimous
331,আমি ভাবছি তিনি আইপিসিসি রিপোর্টের কোনও অংশই পড়েছেন কিনা। যদি তিনি জানতেন যে সিজি অনুমানটি সম্পূর্ণ সন্দেহপূর্ণ এবং দাবির জন্য প্রমাণের অভাব রয়েছে। বিশ্বাস করবেন না। আসলে সময় নিয়ে নথিটি দেখুন। আপনার যদি কোনও ধরনের বিজ্ঞানের পটভূমি থাকে তবে আপনি অবাক হবেন যে সিজি অনুমানকে সমর্থন করার মতো খুব কম প্রমাণ রয়েছে।,AGAINST,0,0.9315482,AGAINST,0,0.9495164,AGAINST,0,0.99233764,AGAINST,0,0.9578008,AGAINST,0,0.95738375,0.9578008,0.95738375,3,0.00370616,0.0037462579,0,0.038493086,0.03887,0,3,3/3 Unanimous
332,"আগে এটি বৈশ্বিক উষ্ণায়ন ছিল। যেটি মিথ্যা প্রমাণিত হয়েছিল এবং এখন তারা বলছে যে এটি জলবায়ু পরিবর্তন। গত ৫ বছরে মেরু বরফের ঢাকঢাক বেড়েছে। বিশ্বব্যাপী তাপমাত্রা গত ১৫ বছর ধরে স্থির রয়েছে। ২০১৪ সাল ছিল রেকর্ডের শীতলতম শীতকাল এবং ২০১৮ সাল হল রেকর্ডের দীর্ঘতম শীতকালগুলির মধ্যে একটি। প্রাচীন বিল, লিও এবং অন্যান্যদের মতো তথাকথিত বিশেষজ্ঞদের দ্বারা করা প্রতিটি ভবিষ্যদ্বাণী ভুল প্রমাণিত হয়েছে।",AGAINST,0,0.9996026,AGAINST,0,0.9849637,AGAINST,0,0.9971699,AGAINST,0,0.99391204,AGAINST,0,0.99386334,0.99391204,0.99386334,3,0.0031848876,0.0032208594,0,0.0029030794,0.0029157714,0,3,3/3 Unanimous
333,"বিবৃতিতে ""রেকর্ডের মধ্যে সবচেয়ে উষ্ণ"" এই অভিনেতাকে একজন প্রতারক হিসাবে উন্মোচন করে। তাপমাত্রার রেকর্ডিং উনবিংশ শতাব্দীর দ্বিতীয়ার্ধে ফিরে যায়। আপনি যদি তরুণ-আধারী না হন তবে আপনি জানেন যে পৃথিবী তার চেয়ে কয়েক বিলিয়ন বছর পুরনো। অভিনেতা বিল নাইস অশিক্ষিত এবং অজ্ঞদের মধ্যে প্রচার ছড়াচ্ছেন। এটি হাজার বছর আগে আরও গরম ছিল এবং সহস্রাব্দে আরও গরম ছিল। পৃথিবীর ইতিহাসের বেশিরভাগ সময় কোনও বরফ ছিল না। এবং এর বেশিরভাগ সময় জীবন সমৃদ্ধ হয়েছিল।",AGAINST,0,0.9969559,AGAINST,0,0.949158,AGAINST,0,0.9642269,AGAINST,0,0.9701136,AGAINST,0,0.97015905,0.9701136,0.97015905,3,0.0016295918,0.001648685,0,0.028256843,0.028192211,0,3,3/3 Unanimous
334,"বিলটি এখানে আপনার এবং অন্যান্য সমস্ত বিভ্রমী উষ্ণতাবাদী, জলবায়ু প্রতারক এবং অন্যান্য পন্জি স্ক্যামারদের কাছে আমার সুপারিশ। যদি জলবায়ু/উষ্ণতা বিষয়টা আপনি যতটা জানেন বলে মনে করেন, ততটা গুরুতর হয়, তাহলে আপনারা সবাই কেন আত্মহত্যা করেন না? এটি আপাতদৃষ্টিতে আপনার কার্বন পদাঙ্ককে ব্যাপকভাবে হ্রাস করবে, আমাদের আর সমস্ত কার্বন কর দিতে হবে না ... এবং সর্বশেষে, আমাদের আর আপনার দৈনন্দিন প্রচারের কথা শুনতে হবে না, এবং কোনোভাবেই আর আপনার প্ররোচনামূলক বক্তব্য শুনতে হবে না। অর্থাৎ একটি সম্পূর্ণ জয় জয় চুক্তি!",AGAINST,0,0.9429768,AGAINST,0,0.97102475,AGAINST,0,0.99099195,AGAINST,0,0.96833116,AGAINST,0,0.9680668,0.96833116,0.9680668,3,0.013803146,0.013937249,0,0.017865686,0.017995916,0,3,3/3 Unanimous
335,"আমরা এখানে কিছু বৈশ্বিক উষ্ণায়ন ব্যবহার করতে পারি... ওহ না, আমি মনে করি জলবায়ু পরিবর্তন।তত্ত্ব এবং আপনি এর বিষয়ে কিছুই করতে পারবেন না - বোকাসুলভ উদার ষড়যন্ত্র - আপনি এই গ্রহের প্রত্যেককে কার্বন ডাই অক্সাইড প্রতিরোধ করতে হত্যা করতে পারবেন না। গ্রহটিকে বাঁচানোর জন্য...",AGAINST,0,0.9965569,AGAINST,0,0.98386174,AGAINST,0,0.99595237,AGAINST,0,0.99212366,AGAINST,0,0.992069,0.99212366,0.992069,3,0.002968495,0.003005018,0,0.0049078367,0.004925931,0,3,3/3 Unanimous
336,আপনার জাতীয় ভূগোলের উপর লজ্জা হওয়া উচিত।সম্পূর্ণরূপে ভুল।তথ্যটির অর্থকে ভুলভাবে উপস্থাপন করেছে...,AGAINST,0,0.8675066,AGAINST,0,0.9691525,AGAINST,0,0.8259254,AGAINST,0,0.8875282,AGAINST,0,0.88834834,0.8875282,0.88834834,3,0.038583916,0.03886569,0,0.07388789,0.07278596,0,3,3/3 Unanimous
337,জলবায়ু পরিবর্তন এরকম কিছু নেই।,AGAINST,0,0.9981913,AGAINST,0,0.98069674,AGAINST,0,0.99697804,AGAINST,0,0.99195534,AGAINST,0,0.99188316,0.99195534,0.99188316,3,0.0026357837,0.0026692753,0,0.0054088584,0.0054474943,0,3,3/3 Unanimous
338,"haha, এত ভুয়া তথ্য!",AGAINST,0,0.9949823,AGAINST,0,0.98407507,AGAINST,0,0.9880499,AGAINST,0,0.9890358,AGAINST,0,0.9890417,0.9890358,0.9890417,3,0.00362139,0.0036085653,0,0.0073428736,0.0073497295,0,3,3/3 Unanimous
339,"ভূতাত্ত্বিক এবং মানব ইতিহাসের তুলনামূলক সাম্প্রতিক ভূতাত্ত্বিক এবং মানব ইতিহাসে সমুদ্রপৃষ্ঠের পরিবর্তনগুলি দেখায় যে অতিরঞ্জিত দাবিগুলি পরীক্ষা-নিরীক্ষার সামনে দাঁড়াতে পারে না। শেষ বরফযুগের পরে সমুদ্রপৃষ্ঠের উচ্চতা উল্লেখযোগ্যভাবে বৃদ্ধি পায়, ছোট বরফযুগের সময় হ্রাস পায় এবং ১৮৫০ খ্রিষ্টাব্দের দিকে লিয়া শেষ হওয়ার পর থেকে আবার বৃদ্ধি পাচ্ছে। প্রকৃতপক্ষে, রোমান সাম্রাজ্য এবং মধ্যযুগীয় বন্দর শহরগুলি এখন ভূমধ্যসাগর থেকে মাইল দূরে, কারণ ক্ষুদ্র বরফ যুগের সময় সমুদ্রপৃষ্ঠের উচ্চতা আসলে হ্রাস পেয়েছিল। শেষ বরফ যুগের গভীরতম সময়ে, উইসকনসিন নামে পরিচিত, সমুদ্রপৃষ্ঠের উচ্চতা বর্তমানে তুলনায় প্রায় ৪০০ ফুট নিচে ছিল। প্রায় ১৮,০০০ বছর আগে উইসকনসিনের ভূমি থেকে পৃথিবীর উদ্ভব হয়েছিল এবং বিশাল বরফের পাতগুলি গলে যেতে শুরু করেছিল, তখন সমুদ্রপৃষ্ঠের উচ্চতা বৃদ্ধি পেতে শুরু করেছিল। প্রায় ১৫,০০০ বছর আগে ""মেল্টওয়াটার পুলস ফেজ""-এর সময় দ্রুত সমুদ্রপৃষ্ঠের উচ্চতা বৃদ্ধি প্রতি শতাব্দীতে প্রায় পাঁচ মিটার (১৬ ফুট) ছিল, তবে প্রায় ৮,০০০ বছর আগে হোলোসিন জলবায়ু সর্বোত্তম থেকে উল্লেখযোগ্যভাবে হ্রাস পেয়েছিল।",NONE,2,0.7712047,AGAINST,0,0.70893407,NONE,2,0.7595313,NONE,2,0.6043813,NONE,2,0.60218275,0.39128557,0.3934564,1,0.004333095,0.0043608067,0,0.6043813,0.60218275,2,2,2/3 Majority
340,জলবায়ু পরিবর্তনের জন্য গরুও দায়ী। তারা গ্রিন হাউস গ্যাস নিঃসরণ করে।,FAVOR,1,0.9802066,FAVOR,1,0.90159416,NONE,2,0.4966452,FAVOR,1,0.7889804,FAVOR,1,0.79269445,0.018513871,0.01853806,0,0.7889804,0.79269445,2,0.19250573,0.18876746,1,2,2/3 Majority
341,আমরা বিশ্ব উষ্ণায়ন ঠেকাতে সক্ষম হয়েছি! উষ্ণতা বৃদ্ধি পাচ্ছে না!Â  https://www.youtube.com/watch?v=eroj-z৮ugtq,AGAINST,0,0.7097447,AGAINST,0,0.92837924,NONE,2,0.8342783,AGAINST,0,0.5975336,AGAINST,0,0.6031397,0.5975336,0.6031397,2,0.034494802,0.034737445,0,0.36797166,0.3621229,1,2,2/3 Majority
342,"এটি মানুষ, খাদ্য এবং বর্জ্য। জনসংখ্যা ৭ গুণ বৃদ্ধি পাওয়া, খাদ্য প্রাণী বৃদ্ধি পাওয়া এবং জৈব বর্জ্য বৃদ্ধি পাওয়া। মিথেন কার্বন ডাই অক্সাইডের তুলনায় ২০ গুণ খারাপ। ৭০০ কোটি মানুষকে সমর্থন করার জন্য প্রয়োজনীয় সমস্ত যন্ত্র এবং জ্বালানির কথাও উল্লেখ করা যায় না। প্রতিটি ব্যক্তি ১০০ ওয়াট তাপ এবং ঘন্টাও নির্গত করে।",FAVOR,1,0.84659255,FAVOR,1,0.9084368,FAVOR,1,0.87793195,FAVOR,1,0.8776538,FAVOR,1,0.8776856,0.023690319,0.023945808,0,0.8776538,0.8776856,3,0.09865591,0.09836855,0,3,3/3 Unanimous
343,"শুক্রের বায়ুমণ্ডলের রাসায়নিক গঠন ৯৫% কার্বন ডাই অক্সাইড এবং এটি অত্যন্ত গরম। মঙ্গলের বায়ুমণ্ডলের রাসায়নিক গঠনও ৯৫% কার্বন ডাই অক্সাইড এবং এটি ঠাণ্ডা। যদি একটি গ্রহের তাপমাত্রায় কার্বন ডাই অক্সাইডের এত বিশাল প্রভাব থাকে, তাহলে এই দুটি গ্রহ তাপমাত্রায় এত মারাত্মকভাবে পৃথক কেন? এটি প্রমাণ করে যে কার্বন ডাই অক্সাইড আমাদের গ্রহের তাপমাত্রা বৃদ্ধির ক্ষেত্রে কোনও বড় অবদানকারী নয়। পরিশিষ্ট: আপনার মধ্যে যারা শুক্র গ্রহটি কাছাকাছি এবং তাই, এটি গরম... তারপর আমাকে ব্যাখ্যা করুন কেন বৃহস্পতির পৃষ্ঠতলের তাপমাত্রা পৃথিবীর তুলনায় উল্লেখযোগ্যভাবে বেশি (বৃহস্পতি সূর্যের কাছাকাছি থাকার কারণে পৃথিবীর তুলনায় সূর্যের কাছাকাছি)।",AGAINST,0,0.9944457,AGAINST,0,0.7936254,AGAINST,0,0.70448583,AGAINST,0,0.8308523,AGAINST,0,0.83230096,0.8308523,0.83230096,3,0.031658765,0.031240482,0,0.1374889,0.1364585,0,3,3/3 Unanimous
344,সবচেয়ে খারাপ মিথ্যা যা আমি কখনও দেখেছি। ৮২% গ্রিন হাউস গ্যাস হল সিও২? ৮০-৯০ শতাংশ গ্রিন হাউস গ্যাস হল জলীয় বাষ্প। খোঁজ নিন।,AGAINST,0,0.9993222,AGAINST,0,0.9837515,AGAINST,0,0.99798477,AGAINST,0,0.9936862,AGAINST,0,0.99362403,0.9936862,0.99362403,3,0.0019328231,0.0019570168,0,0.0043810275,0.004418905,0,3,3/3 Unanimous
345,"অনুমান: কো২ বৃদ্ধি পায় এবং এর ফলে তাপমাত্রা বৃদ্ধি পায়। তথ্য: তাপমাত্রা বৃদ্ধি পায় এবং ৩ থেকে ৫ বছর পর কার্বন ডাই অক্সাইডের বৃদ্ধি ঘটে, ""জলবায়ু পরিবর্তন তত্ত্ব""-এর সমস্ত ভবিষ্যদ্বাণী ব্যর্থ হয়েছে।ভবিষ্যদ্বাণী: তারা বলেছিল যে খুঁটিগুলি গলে যাবে ২।ভবিষ্যদ্বাণী: ২০১৫ সালের মধ্যে ভালুকগুলি বিলুপ্ত হয়ে যাবে, ৩।ভবিষ্যদ্বাণী: ২০১১ সালের মধ্যে ইংল্যাণ্ডের শিশুরা তুষার সম্পর্কে জানতে পারবে না, তথ্য: আটলান্টিক উপকূল হিমায়িত, আর্কটিক ১৯৭৯ সালের মতো বড়, অ্যান্টার্কটিকার বরফ বড় এবং ভাল্লুকের জনসংখ্যা বৃদ্ধি পাচ্ছে, ইত্যাদি... এটি ব্ল্যাকবোর্ডে ফিরে গিয়ে তত্ত্বটি পুনরায় লেখার সময়।",AGAINST,0,0.99918705,AGAINST,0,0.95889324,AGAINST,0,0.99335176,AGAINST,0,0.98381066,AGAINST,0,0.98366964,0.98381066,0.98366964,3,0.002011496,0.0020370358,0,0.014177833,0.014293338,0,3,3/3 Unanimous
346,"উষ্ণায়নের প্রমাণ হিসাবে একটি অগ্রসর হিমবাহের বরফখণ্ড ভাঙা দেখানো, কী বোকা।",AGAINST,0,0.99382305,AGAINST,0,0.9395755,AGAINST,0,0.95435077,AGAINST,0,0.96258307,AGAINST,0,0.962654,0.96258307,0.962654,3,0.007879209,0.007895544,0,0.029537646,0.029450439,0,3,3/3 Unanimous
347,"এই অভিনেতা পূর্বে কারখানার প্রকৌশলী ছিলেন। বিজ্ঞানী নন। তিনি এই আন্দোলনের জন্য একজন বেতনভোগী অভিনেতা যিনি তাদের প্রচার করতে তাঁকে নিয়োগ করেছিলেন। জলবায়ু পরিবর্তন ধর্মের পিছনে শূন্য বিজ্ঞান রয়েছে। শূন্য প্রকৃতপক্ষে রাজনীতিক্ষেত্রে জড়িত একমাত্র বিজ্ঞান। প্রতারণাবিদ্যা। যা শুধুমাত্র রাষ্ট্রবিজ্ঞানে পাওয়া ""সমঝোতা"" ব্যবহার করে প্রমাণিত। বিপরীত থেকে পরিচালিত এমন কোনও বাস্তব বিজ্ঞানীর মধ্যে কখনই নয়। ৩৭,০০০ জন প্রকৃত বিজ্ঞানী আছেন যারা মানুষের কারণের কোনও প্রমাণ দেখেন না। জলবায়ু পরিবর্তন। বিশ্ব সরকার তাদের জনগণকে ভয় দেখিয়ে দেশগুলির রাজনৈতিক ক্ষমতা নিয়ন্ত্রণ করার চেষ্টা করছে বলে বিভ্রান্ত হবেন না। তারা সমালোচনামূলক চিন্তাভাবনার দক্ষতা এবং তাদের মূর্তিগুলির অন্ধ অনুসরণের অভাবের উপর নির্ভর করে। প্রতারিত হবেন না।",AGAINST,0,0.9993788,AGAINST,0,0.98520017,AGAINST,0,0.9976909,AGAINST,0,0.9940899,AGAINST,0,0.9940373,0.9940899,0.9940373,3,0.002329768,0.0023594936,0,0.0035802813,0.0036031997,0,3,3/3 Unanimous
348,"বিল, বিল প্রথমত, আপনি নিরাপদে ফ্র্যাকিং করা যেতে পারে বলে বলা ভয়ঙ্কর ( https://youtu.be/qiq৫ibtkvmw )। আপনার ভিডিওটি ভালো, কিন্তু আপনার সমাধানগুলি দুর্বল। বিশ্ব উষ্ণায়ন বন্ধ করার জন্য আমরা সবচেয়ে ভালো যে কাজটি করতে পারি তা হল পরিচ্ছন্ন ও পুনর্নবীকরণযোগ্য শক্তির পক্ষে প্রার্থীদের প্রচার করা এবং তাদের ভোট দেওয়া। তাদের অধিকাংশই তৃণমূল পর্যায়ের প্রগতিশীল। কিছু লোক তাদের চার্জার আনপ্লাগ করলে খুব বেশি কিছু হবে না। একটি বিশাল পরিচ্ছন্ন শক্তি বিল বা সবুজ নতুন চুক্তি অনেক কিছু করবে।",FAVOR,1,0.9952697,FAVOR,1,0.94539076,FAVOR,1,0.989842,FAVOR,1,0.9768341,FAVOR,1,0.97664475,0.002789812,0.002818856,0,0.9768341,0.97664475,3,0.02037604,0.020536404,0,3,3/3 Unanimous
349,"কী বাজে গোফার, ফিরে যান ১০০ বছর আগে প্রতারণাটি আরও ভালোভাবে দেখুন এবং ১০ লক্ষ বছর আগে ফিরে যান এবং সত্যটি দেখুন।",AGAINST,0,0.99873203,AGAINST,0,0.9844127,AGAINST,0,0.99834025,AGAINST,0,0.9938283,AGAINST,0,0.9937643,0.9938283,0.9937643,3,0.0021639527,0.00219184,0,0.0040076743,0.004043782,0,3,3/3 Unanimous
350,"আমি অনুভব করি যে যে কেউ জলবায়ু পরিবর্তন বাস্তব নয় বলে বললে তাকে কখনই ""আমি গরম"" এই শব্দগুলি বলার অনুমতি দেওয়া উচিত নয়।",FAVOR,1,0.9993881,FAVOR,1,0.89465094,FAVOR,1,0.9942215,FAVOR,1,0.96275353,FAVOR,1,0.96230435,0.0075415173,0.0076358127,0,0.96275353,0.96230435,3,0.02970495,0.030059766,0,3,3/3 Unanimous
351,গবাদি পশুর উৎপাদনের ৫২% হল মাংসের উৎপাদন।,NONE,2,0.99707687,NONE,2,0.9854974,NONE,2,0.9905772,NONE,2,0.9910505,NONE,2,0.99104977,0.0039214515,0.003947307,0,0.005028079,0.00500298,0,0.9910505,0.99104977,3,3,3/3 Unanimous
352,পিচের পরিবর্তন একটি বাস্তব এবং গুরুতর সমস্যা।,FAVOR,1,0.9159265,FAVOR,1,0.985903,FAVOR,1,0.99842227,FAVOR,1,0.9667506,FAVOR,1,0.96639866,0.004230683,0.004283762,0,0.9667506,0.96639866,3,0.029018702,0.029317493,0,3,3/3 Unanimous
353,"আরও ত্রুটি: সীল স্তরগুলি কোনও দ্রুত হারে বৃদ্ধি পাচ্ছে না। প্রতি ৫০ বছরে ৩.৫ ইঞ্চি হয়েছে এবং আগামী ৫০ বছরে ৩.৫ ইঞ্চি হবে বলে পূর্বাভাস দেওয়া হয়েছে। মহাসাগরগুলি আরও অম্লীয় হচ্ছে না! অ্যাসিড তখনই ঘটে যখন পিএইচ ৭.৬-এর কম হয়। মহাসাগরগুলি এই স্তরের বেশ উপরে এবং যদিও পিএইচ স্তরগুলি হ্রাস পেতে পারে, এর অর্থ এই নয় যে তারা অ্যাসিড হয়ে উঠছে। পাঠ্যে: সেটা সম্পূর্ণ ভুল। এছাড়াও, মহাসাগরগুলি কম ক্ষারীয় হওয়ার জন্য, মহাসাগরগুলিকে শীতল হতে হবে, উষ্ণ নয়। মহাসাগরগুলিকে উষ্ণ করে তাদের কার্বন ডাই অক্সাইড নির্গত করতে বাধ্য করবে, এবং কার্বনিক অ্যাসিডের এই নির্গমন আসলে ক্ষারীয়তা বৃদ্ধি করবে, এটিকে হ্রাস করবে না (পিএইচ স্কেলে অ্যাসিডের দিকে) ঝড় আর বেশি ঘন ঘন বা শক্তিশালী হয় না, না আবার বেশি খরা হয়। সেটা সম্পূর্ণ মিথ্যা। এনওএএ এবং নাসা-র কাছেও এই তথ্যের তথ্য রয়েছে।",AGAINST,0,0.9978416,AGAINST,0,0.9461591,AGAINST,0,0.9304681,AGAINST,0,0.9581563,AGAINST,0,0.9584693,0.9581563,0.9584693,3,0.008826471,0.008826143,0,0.03301722,0.032704514,0,3,3/3 Unanimous
354,"error.. সবুজ গৃহ গ্যাসগুলি ৯২% সি০২ দিয়ে তৈরি নয়। কার্বন ডাই অক্সাইড গ্রিনহাউস গ্যাসের ৩.৫%। ৯৫% গ্রিনহাউস গ্যাস হল জলীয় বাষ্প। কোনও প্রকৃত বিজ্ঞানী মনে করেন না যে, সাম্প্রতিক দশকগুলিতে জলবায়ু পরিবর্তন, যা তাপমাত্রার পরিবর্তন থেকে শুরু করে কক্ষীয় বৈচিত্র্যের কারণে ঘটে, তা কক্ষীয় বৈচিত্র্যের কারণে ঘটে। প্রকৃত জলবায়ু বিজ্ঞানীরা বিশ্বাস করেন না যে সিও২ হল প্রধান চালক উপাদান। কেন? কারণ সাম্প্রতিক দশকগুলিতে তাপমাত্রা বৃদ্ধি পাচ্ছে, কিন্তু ১৯০০-এর দশকের গোড়ার দিকে CO২-এর সাহায্য ছাড়াই এটি দ্রুত এবং আরও নাটকীয়ভাবে বৃদ্ধি পেয়েছে, তাই তখন এটি কী বৃদ্ধি পেয়েছে, মিঃ বিল নাইসাই, নকল বিজ্ঞানের লোক? বেশিরভাগ বাস্তব বিজ্ঞানীরা মেঘের পরিবর্তন, পি.ডি.ও., সৌর ঘটনা এবং অন্যান্য প্রাকৃতিক কারণগুলির দিকে নজর দিচ্ছেন যা জলবায়ু বৈচিত্র্যের সঙ্গে অনেক ভালভাবে সম্পর্কিত, মানব উৎপাদিত সি০২-কে কারণ হিসাবে দেখা হচ্ছে।",AGAINST,0,0.98786944,AGAINST,0,0.9810673,AGAINST,0,0.9897921,AGAINST,0,0.98624295,AGAINST,0,0.98619515,0.98624295,0.98619515,3,0.0035879277,0.003631723,0,0.01016912,0.010173116,0,3,3/3 Unanimous
355,তারা আবার মিথ্যা কথা বলছিল। বিজ্ঞানীরা সমুদ্রপৃষ্ঠের উচ্চতা বৃদ্ধির ভান করেছিলেন। আসলেই পড়ে গিয়েছিলাম।,AGAINST,0,0.9985868,AGAINST,0,0.9772923,AGAINST,0,0.9917602,AGAINST,0,0.98921305,AGAINST,0,0.98916936,0.98921305,0.98916936,3,0.0029434592,0.0029593576,0,0.007843516,0.007871288,0,3,3/3 Unanimous
356,বিল নাইসস. বিজ্ঞানপ্রেমী। একবার তিনি প্রকাশ্যে আসার পর আমার কাছে তাঁর সমস্ত বিশ্বাসযোগ্যতা হারিয়ে ফেলেছিলেন। জলীয় বাষ্প: জলীয় বাষ্প গ্রিন হাউস গ্যাসের ৯৫%-এর জন্য দায়ী। আমি আন্তরিকভাবে মানুষের কার্যকলাপ এবং জলবায়ু পরিবর্তনের মধ্যে সংযোগের বিষয়ে সন্দেহ করি। এই সমস্ত কিছুই আমি রাজনৈতিকভাবে অনুপ্রাণিত বোকামি বলে মনে করি।,AGAINST,0,0.9984456,AGAINST,0,0.88537186,AGAINST,0,0.99117917,AGAINST,0,0.95833224,AGAINST,0,0.95786124,0.95833224,0.95786124,3,0.0334688,0.033910204,0,0.008198979,0.008228513,0,3,3/3 Unanimous
357,নিউ গ্লোবাল ওয়ার্মিং-এর বর্ণনাকে জোর করার জন্য অর্থ প্রাপ্ত হয়। তিনি যদি এই বোকামি সমর্থন করে পরিসংখ্যান না দেন তবে তিনি চাকরি হারাবেন।,AGAINST,0,0.9164852,AGAINST,0,0.98549914,AGAINST,0,0.9967012,AGAINST,0,0.9662285,AGAINST,0,0.9658909,0.9662285,0.9658909,3,0.004765943,0.0048190244,0,0.029005552,0.029290056,0,3,3/3 Unanimous
358,"আমি লক্ষ্য করেছি যে জলবায়ু পরিবর্তন হইচইয়ের সুপরিচিত সমর্থকরা প্রায়শই বিভিন্ন গোলার্ধ এবং পরবর্তী জলবায়ুর মধ্যে ব্যক্তিগত বিমানে ভ্রমণ করেন: যা বিশ্ব উষ্ণায়নের একটি সন্দেহজনক অবদান। আমিও জলবায়ু পরিবর্তন সম্পর্কে সহজেই বিশ্বাস করব যদি এক সপ্তাহ ধরে কোথাও গরম থাকে, তারপর কোথাও ঠাণ্ডা থাকে।",AGAINST,0,0.9974606,AGAINST,0,0.98516196,NONE,2,0.80043817,AGAINST,0,0.67816573,AGAINST,0,0.6859069,0.67816573,0.6859069,2,0.05127437,0.050084453,0,0.27055982,0.26400858,1,2,2/3 Majority
359,ঠিক বিন্দুর উপরে বিল নাইস! যদিও জলবায়ু পরিবর্তন বহু বছর ধরেই ঘটছে; মনে হচ্ছে আমরা মানুষই এটিকে আগের চেয়ে আরও খারাপ করে তুলছি!,FAVOR,1,0.594036,AGAINST,0,0.9043278,AGAINST,0,0.7528965,AGAINST,0,0.6859978,AGAINST,0,0.68545765,0.6859978,0.68545765,2,0.30000064,0.30057573,1,0.014001571,0.013966567,0,2,2/3 Majority
360,"যদি মানুষ জলবায়ু পরিবর্তন ঘটায় তবে একটি সহজ সমাধান হল মানব জনসংখ্যা হ্রাস করা, বিশেষত যেখানে প্রজনন বেশি সেখানে।",FAVOR,1,0.59215105,AGAINST,0,0.78387046,FAVOR,1,0.9786032,FAVOR,1,0.57236904,FAVOR,1,0.5670887,0.3283079,0.33269453,1,0.57236904,0.5670887,2,0.09932306,0.1002167,0,2,2/3 Majority
361,"এতজন মানুষ মানব-সৃষ্ট জলবায়ু পরিবর্তনকে অস্বীকার করছেন। তাদের দাবি সমর্থন করার জন্য কোনও সহায়ক তথ্য না দিয়ে? আমি দুঃখিত, কিন্তু এটি করার মাধ্যমে আপনি মানুষের মতামত পরিবর্তন করতে পারবেন না। প্রচার জলবায়ু পরিবর্তন মিথ্যা! তালিকাটি আরও দীর্ঘ। তালিকাভুক্ত কোনও বাস্তব প্রমাণ ছাড়াই সমস্ত দাবি। আমি বলছি না যে বৈশ্বিক উষ্ণায়ন মিথ্যা প্রমাণ করার মতো কোনো তথ্যসূত্র নেই। আমি বলছি যে আপনি যদি কোনও দাবি করতে চান এবং লোকেদের ""অশিক্ষিত"" বা ""মেষ"" বলে অভিহিত করেন তবে আপনাকে আপনার দাবিকে সমর্থন করার জন্য বাস্তব প্রমাণ সরবরাহ করতে হবে।",AGAINST,0,0.9986148,AGAINST,0,0.98250026,AGAINST,0,0.96425194,AGAINST,0,0.98178905,AGAINST,0,0.9819967,0.98178905,0.9819967,3,0.011478339,0.011349241,0,0.0067327097,0.0066540483,0,3,3/3 Unanimous
362,আমি জলবায়ু পরিবর্তন প্রতিরোধে সাহায্য করব। আমার সাথে কে আছেন?,FAVOR,1,0.9937836,FAVOR,1,0.98536634,FAVOR,1,0.9494217,FAVOR,1,0.97619057,FAVOR,1,0.97651684,0.0024675305,0.0024900094,0,0.97619057,0.97651684,3,0.021341914,0.020993069,0,3,3/3 Unanimous
363,"যে কোনও জলবায়ু পরিবর্তন সমর্থক যিনি নিরামিষভোজী নন, তিনি কেবল অজ্ঞ। গবাদি পশুর জন্য রেনফরেস্ট পরিষ্কার করা আমাদের প্রজাতির পতন ঘটাবে।",FAVOR,1,0.96377414,AGAINST,0,0.9812655,FAVOR,1,0.93068403,FAVOR,1,0.6358011,FAVOR,1,0.63161004,0.34234837,0.34663418,1,0.6358011,0.63161004,2,0.021850562,0.021755818,0,2,2/3 Majority
364,রাষ্ট্রপতি পদে আলে গোর এবং বিল নাইজির জন্য চিরকাল আমেন- সমস্ত বাস্তুতন্ত্র চিরকাল রক্ষা করুন।,AGAINST,0,0.64461726,NONE,2,0.5245712,NONE,2,0.9793479,NONE,2,0.5702525,NONE,2,0.56537277,0.3630685,0.36730394,1,0.06667901,0.067323275,0,0.5702525,0.56537277,2,2,2/3 Majority
365,"বিশ্ব উষ্ণায়ন সম্ভবত বিশ্বের সবচেয়ে সম্পূর্ণ কাল্পনিক সংকট। আমাদের অবশ্যই কার্বন ডাই অক্সাইড হ্রাস করতে হবে, যে ""দুশ্চরিত্রা"" গ্যাসটি আমরা আসলে নিঃশ্বাস ফেলছি, যা নিজেই সালোকসংশ্লেষণ ঘটাতে সক্ষম হওয়ার জন্য প্রয়োজনীয়, জাতিসংঘকে একটি প্রকৃত বিশ্ব সরকার হিসাবে প্রতিষ্ঠা করে, যেখানে প্রতিটি দেশ কী শিল্প হতে পারে এবং কে বাস করে এবং মারা যায় তা নির্ধারণ করার ক্ষমতা রয়েছে।",FAVOR,1,0.9972651,AGAINST,0,0.91511184,FAVOR,1,0.991804,FAVOR,1,0.6866601,FAVOR,1,0.6823561,0.30668432,0.31095657,1,0.6866601,0.6823561,2,0.006655577,0.0066873166,0,2,2/3 Majority
366,মাংস কম খাবেন এবং নিরামিষাশী হবেন।,NONE,2,0.95518374,NONE,2,0.42958456,NONE,2,0.65365225,NONE,2,0.67947346,NONE,2,0.67949283,0.13702267,0.13844167,0,0.18350376,0.18206543,0,0.67947346,0.67949283,3,3,3/3 Unanimous
367,"আমি জলবায়ু পরিবর্তনকে একটি ভ্রান্ত ধারণা হিসেবে গ্রহণ করব। কিন্তু তা নয়। এটা মেনে নেওয়া কঠিন, কিন্তু অনুগ্রহ করে বিজ্ঞানকে বিশ্বাস করুন এবং আসন্ন বিলম্বের আগে এই গ্রহকে উদ্ধার করি।",FAVOR,1,0.9990965,FAVOR,1,0.6325301,FAVOR,1,0.99729806,FAVOR,1,0.8763082,FAVOR,1,0.8746021,0.12015437,0.12183529,0,0.8763082,0.8746021,3,0.0035374176,0.0035626304,0,3,3/3 Unanimous
368,"কর বৃদ্ধি এবং অর্থনীতিকে ধ্বংস করার জন্য বামপন্থীদের আরেকটি কেলেঙ্কারি। ঈশ্বরকে ধন্যবাদ, ট্রাম্পের জন্য। ট্রাম্প ২০২০ #ওনলিগডচ্যাঙ্গেথার্মোডয়াইন",AGAINST,0,0.9989182,AGAINST,0,0.9856652,AGAINST,0,0.9979024,AGAINST,0,0.9941619,AGAINST,0,0.9941081,0.9941619,0.9941081,3,0.0022200553,0.002248,0,0.0036180022,0.0036438997,0,3,3/3 Unanimous
369,মহাসাগরীয় অম্লতা অস্বীকার করা হয়েছে এবং তিনি যে তাপমাত্রা বলেছিলেন তা খুব বেশি ছিল।এটি আরও এরকম।৩৩Â°.,AGAINST,0,0.96485204,AGAINST,0,0.41337872,NONE,2,0.940304,AGAINST,0,0.47048667,AGAINST,0,0.4755813,0.47048667,0.4755813,2,0.1326151,0.13413383,0,0.39689824,0.39028484,1,2,2/3 Majority
370,"ওহ, ভগবান, জলবায়ু পরিবর্তনের দৈত্য আমাদের গ্রহকে বাঁচানোর জন্য আমাদের দ্রুত পদক্ষেপ নিতে হবে।আমাদের এই অত্যন্ত গুরুতর সমস্যা সম্পর্কে আমাদের শিক্ষিত করার জন্য অ্যাল গোর এবং লিনার্ডো ডিক্রাপিওকে পাওয়া উচিত...!!!!!!",FAVOR,1,0.99921167,FAVOR,1,0.6954779,FAVOR,1,0.71667653,FAVOR,1,0.80378866,FAVOR,1,0.804693,0.17292981,0.17244987,0,0.80378866,0.804693,3,0.023281502,0.022857139,0,3,3/3 Unanimous
371,"দয়া করে এই অ-বৈজ্ঞানিক বকবকানি বিশ্বাস করবেন না, তাঁর প্রমাণ গড়ে ওঠে না, শিল্পোত্তর যুগের আগে মধ্যযুগে তা আরও উষ্ণ ছিল। ভিক্টোরীয় যুগে যখন আমরা সবাই কাঠ পোড়াতাম তখন প্রতি শীতকালে থেম্স হিম হয়ে যেত! অনুগ্রহ করে গিয়ে ১৭০০-এর দশক থেকে সূর্যের দাগের ক্রিয়াকলাপ এবং উষ্ণীকরণ চক্র, ১১, ২০, ২০০ বছরের চক্রের মধ্যে সম্পর্ক দেখুন।আগামী কয়েক দশক ধরে আমাদের শীতল জলবায়ু থাকবে।",AGAINST,0,0.993367,AGAINST,0,0.8809314,AGAINST,0,0.9918513,AGAINST,0,0.95538324,AGAINST,0,0.95486784,0.95538324,0.95486784,3,0.002404256,0.0024349974,0,0.042212512,0.042697135,0,3,3/3 Unanimous
372,"গোড সম্ভবত গোর এবং নাই-এর চেয়ে কিছুটা বেশি বুদ্ধিমান। বাহ, মিঃ ন্য, এক শতাব্দীতে ১.৪ ডিগ্রি উষ্ণতা বৃদ্ধি? এতটা গদগদ যে, আপনারা মানবজাতিকে বাঁচাতে এগিয়ে এসেছেন... গী, বেশিরভাগ টেক জানে যে আপনি যে কোনও সিস্টেম পরিমাপের ত্রুটির একটি ছোট শতাংশকে পরপার্শ্বীয় ত্রুটি রিডিং অ্যানালগ গেজ, মানব ত্রুটি এবং ক্যালিমেটেড সরঞ্জামের অভাবের জন্য দায়ী করতে পারেন। অদ্ভুত, প্রতি বছর আপনি বলেন যে তাপমাত্রা বাড়ছে, কিন্তু তাপমাত্রা কত তা কখনও বলেন না। সূর্যের আলো পৃথিবীতে প্রায় ১০০ শতাংশ আলোকিত তাপ সরবরাহ করে, সূর্যের উপর আপনার বিস্তৃত গবেষণা কোথায়? বায়ুমণ্ডলে ৭২ শতাংশ নাইট্রোজেন ২৭ শতাংশ অক্সিজেন রয়েছে। আর্গনের সহ অন্যান্য গ্যাস ১ শতাংশেরও কম। আপনি ২০০০ সালের নির্বাচনে তাঁর ব্যয়িত না হওয়া রাজনৈতিক মূলধন নিয়ে আল গোরকে নিয়ে এসে তাঁকে জলবায়ু বিজ্ঞান, নাহ-এর মুখ করে তুলেছেন। আমি এটাও জানি যে আপনি মিথ্যাবাদী কারণ আপনি দ্বিমত পোষণকারীদের কারাগারে রাখতে চান।",AGAINST,0,0.9986559,AGAINST,0,0.9799423,AGAINST,0,0.9697703,AGAINST,0,0.9827895,AGAINST,0,0.98293984,0.9827895,0.98293984,3,0.0016887354,0.001708133,0,0.015521708,0.015351927,0,3,3/3 Unanimous
373,"গত দিন আমি আমার বন্দুক পালিশ করছিলাম, এবং এটি বিস্ফোরিত হয়ে আমার টেবিলের মধ্যে দিয়ে আল গোরের জলবায়ু কেলেঙ্কারির একটি গর্ত করে দিয়েছিল।",AGAINST,0,0.9961599,AGAINST,0,0.985843,AGAINST,0,0.99525636,AGAINST,0,0.9924198,AGAINST,0,0.9923787,0.9924198,0.9923787,3,0.0020499134,0.0020758354,0,0.0055302866,0.0055453484,0,3,3/3 Unanimous
374,"পৃথিবীর বায়ুমণ্ডলের মাত্র ০.০৩% গঠনকারী একটি গ্যাস কীভাবে কোনও কিছুর উপর প্রকৃত প্রভাব ফেলতে পারে? তারা কার্বন ডাই অক্সাইডকে নিয়ন্ত্রণ করছে কারণ আমাদের জীবন এর উপর নির্ভরশীল। তারা ধনী হওয়ার সময় আমাদেরকে প্রস্তর যুগে ফিরিয়ে পাঠাতে কোনও আপত্তি করে না। এটি নাইট্রোজেন হতে পারে (যা বায়ুমণ্ডলের ৭০%), কিন্তু কয়লা এবং তেল নাইট্রোজেন নিঃসরণ করে না।",AGAINST,0,0.55874383,NONE,2,0.5996345,NONE,2,0.69398355,NONE,2,0.48217312,NONE,2,0.47980776,0.32214403,0.32584143,1,0.19568284,0.19435075,0,0.48217312,0.47980776,2,2,2/3 Majority
375,প্রকৃতপক্ষেই প্রমাণ নেই যে কার্বন ডাই অক্সাইড জলবায়ু পরিবর্তনের প্রধান শক্তি। এবং ১৫ বছরে বিশ্বপঞ্জি খুব একটা পরিবর্তন দেখায়নি। জলবায়ু পরিবর্তন বামপন্থী কর্মসূচী।,AGAINST,0,0.9995258,AGAINST,0,0.98528594,AGAINST,0,0.99880457,AGAINST,0,0.9945388,AGAINST,0,0.9944778,0.9945388,0.9944778,3,0.0025935487,0.002627629,0,0.0028677515,0.0028945764,0,3,3/3 Unanimous
376,"কিন্তু আমাদের কাছে এখন সৌর শক্তির মতো উৎস রয়েছে, যা পরিবেশকে দূষিত করে না।",AGAINST,0,0.6357799,AGAINST,0,0.66257215,FAVOR,1,0.53635406,AGAINST,0,0.5108035,AGAINST,0,0.51424253,0.5108035,0.51424253,2,0.35364333,0.35141838,1,0.13555314,0.13433906,0,2,2/3 Majority
377,"তুষারকণা, এই প্রশ্নের উত্তর দাও, যদি বৈশ্বিক উষ্ণায়ন আসলে ঘটে থাকে তাহলে কেন নিউ ইয়র্ক শহর ২০ বছরেরও বেশি সময় ধরে রেকর্ড উচ্চতা রেকর্ড করেনি?!",AGAINST,0,0.910356,AGAINST,0,0.9741139,AGAINST,0,0.9940209,AGAINST,0,0.9594969,AGAINST,0,0.9591062,0.9594969,0.9591062,3,0.0026961516,0.0027283751,0,0.03780694,0.03816542,0,3,3/3 Unanimous
378,"নাসা থেকে আবহাওয়ার তথ্য: http://www.youtube.com/playlist?list=plteb৮৯vwzobbpkwmr৬xolkkeozbs৮fun০ বিশ্ব উষ্ণায়নের একটি ভুয়ো জলবায়ু পরিবর্তন এজেন্ডা তৈরি করার জন্য তাদের উদার বিশ্ব শাসন প্রযুক্তির মধ্যে এটি অন্যতম। দেখুন, নাসা বৃষ্টি সৃষ্টি করছে। তারা অগ্নি খরা, ভূমিকম্প, বন্যা, আলোকবর্তিকা, এবং ঝড়ও সৃষ্টি করতে পারে। আপনি কেন এমন বলছেন? পৃথিবীর জনসংখ্যার উপর সম্পূর্ণ নিয়ন্ত্রণ, এমনকি কে বাঁচবে এবং কে মারা যাবে তা নির্ধারণ করার ক্ষমতা পর্যন্ত।",AGAINST,0,0.999516,AGAINST,0,0.983481,AGAINST,0,0.9917305,AGAINST,0,0.9915758,AGAINST,0,0.99156475,0.9915758,0.99156475,3,0.004014008,0.0040415414,0,0.0044102077,0.004393744,0,3,3/3 Unanimous
379,বিল নাইস! কথা বলা! বিগত বিশ বছরে পৃথিবীর তাপমাত্রা হ্রাস পাচ্ছে! জলীয় বাষ্প এখনও পর্যন্ত সবচেয়ে বড় গ্রিনহাউস গ্যাস। জল বের করে দেয়! সমুদ্রপৃষ্ঠের উচ্চতা বৃদ্ধি পাচ্ছে কিনা তা কেউ সত্যিই জানে না। এটা তো সম্পূর্ণ ভুয়া!,AGAINST,0,0.99641955,AGAINST,0,0.95582086,AGAINST,0,0.9943587,AGAINST,0,0.9821997,AGAINST,0,0.9820261,0.9821997,0.9820261,3,0.013532606,0.013706862,0,0.004267705,0.004267057,0,3,3/3 Unanimous
380,"আমি ভাবতে শুরু করেছি যে আপনি সূর্যের সৌর চক্র সম্পর্কে কিছুই জানেন না। আমাদের কক্ষপথ হল জলবায়ু পরিবর্তনের একটি প্রধান অংশ। সৌর সর্বোচ্চ এবং সৌর সর্বনিম্ন হল এর একটি অংশ। আমরা বর্তমানে একটি সৌর সর্বোচ্চ চক্রের সমাপ্তি ঘটিয়েছি। আগামী ১০ বছরে আমরা শীতল হতে শুরু করব। আমি গ্যারান্টি দিচ্ছি যে তাপমাত্রা হ্রাস পাবে। বরফের চাদর গলে যাওয়া এবং স্থায়ী তুষারপাত গলে যাওয়ার ফলে নির্গত মিথেন গ্যাসের পরিমাণ এবং মহাসাগর উষ্ণীকরণ এবং মহাসাগরগুলিতে সমস্ত ফাঁদযুক্ত মিথেন নির্গত এবং আগ্নেয়গিরি থেকে নির্গত মানবসৃষ্ট কার্বন আমাদের গ্রহের মোট কার্বনের ১% এরও কম হওয়ায় তাপমাত্রা হ্রাস পাবে। আমি আপনাকে বোকা বললাম, আমি এটা একবার বলেছিলাম এবং আমি এটা আবার বলছি, প্লাস্টিক এমন একটি জিনিস যা আমরা এই গ্রহকে ধ্বংস করছি, জলবায়ু পরিবর্তন নিয়ে চিন্তা করা বন্ধ করুন এবং প্লাস্টিক নিয়ে চিন্তা করা শুরু করুন, আপনার সন্তানসহ সবাইকে মেরে ফেলবে।",AGAINST,0,0.9842904,AGAINST,0,0.64191204,FAVOR,1,0.65685236,AGAINST,0,0.57655865,AGAINST,0,0.5822159,0.57655865,0.5822159,2,0.33096546,0.32711408,1,0.09247586,0.090669945,0,2,2/3 Majority
381,"বিল, আপনি একজন বোকা, আমি নিশ্চিত যে ৭০-এর দশকে বিজ্ঞানীরা ইতিমধ্যেই প্রমাণ করে দিয়েছেন যে গ্রহের জলবায়ু চক্র কার্বন ফুটপ্রিন্টকে অনুসরণ করে না, এটি কেবল সূর্যের সৌর চক্রের ফুটপ্রিন্টকে অনুসরণ করে, সূর্য যখন গরম হয় তখন আমাদের গ্রহ গরম হয়, সূর্য যখন ঠাণ্ডা হয় তখন আমাদের গ্রহ ঠাণ্ডা হয়, আমি যখন আপনাকে বিজ্ঞানী ভাবতাম তখন আপনি কখন বিজ্ঞানী হবেন? মানুষের কারণে জলবায়ু পরিবর্তনের এই প্রচারটি এমন কিছু নয়, সম্ভবতঃ মানুষ স্মাগের মতো একটি জীবমণ্ডলকে প্রভাবিত করবে কিন্তু শহরের বাইরে জীবন স্বাভাবিক ভাবেই চলে, শহরের বাইরে চিন্তা করুন, আপনি বেশ দুঃখজনক বিজ্ঞানী যদি ভাবেন যে আপনার ফার্টস গ্রহের তাপমাত্রাকে প্রভাবিত করবে বা আপনার গাড়ির ফার্টস বা গরুর ফার্টস এই মুহূর্তে আমি ভাবতে শুরু করেছি যে এটিই হতে পারে। আপনি তো কেবল একটি বকবকানি, আমি বিশ্বাস করি আপনি কারোর পকেট থেকে বলছেন, এই মিথ্যা প্রচারের জন্য আপনাকে অবশ্যই কেউ প্রচুর অর্থ প্রদান করছেন, বিদ্যালয়ে ফিরে যান।",AGAINST,0,0.9994654,AGAINST,0,0.9857841,AGAINST,0,0.9964461,AGAINST,0,0.9938986,AGAINST,0,0.99385923,0.9938986,0.99385923,3,0.002260987,0.0022896766,0,0.003840524,0.0038511625,0,3,3/3 Unanimous
382,"ডিল্ডো মাথা জাল খবরের ক্ষেত্রের সঙ্গে যুক্ত হয়। মনে রাখবেন, আপনি প্রাচীনদের মতো শোনাচ্ছেন, ""আমাদের অবশ্যই সূর্য দেবতাদের সন্তুষ্ট করতে হবে।"" এই ছোট্ট জিহ্বা ""সূর্য ভূ-চুম্বকত্বের মাধ্যমে পৃথিবীর আবহাওয়া নিয়ন্ত্রণ করে"" ""প্রতিক্রিয়া-প্রতিক্রিয়া""। আপনি কিছুই বলতে বা করতে পারবেন না যা এটিকে পরিবর্তন করবে। এইভাবে পৃথিবী ক্ষয় হতে থাকবে, নিজেকে পরিষ্কার করবে, ঝড় করবে, নিজে ফেটে উঠবে, ফুটবে এবং বমি করবে! আবহাওয়া চ্যানেল এর পক্ষে এর জন্য কিছুই করা সম্ভব নয়। আমাদের করের টাকা টয়লেটে ফেলে দেওয়ার চেষ্টা করা বন্ধ করুন!",AGAINST,0,0.9822479,AGAINST,0,0.88378364,AGAINST,0,0.98484194,AGAINST,0,0.95029116,AGAINST,0,0.9498075,0.95029116,0.9498075,3,0.004832995,0.004891873,0,0.04487582,0.04530061,0,3,3/3 Unanimous
383,"৯৭% বিজ্ঞানী একমত যে পৃথিবী উষ্ণ হয়েছে এবং মানুষের কিছু অবদান রয়েছে। সত্যিকারের প্রভাব সম্পর্কে এখনও অনেক বিতর্ক রয়েছে, উদাহরণস্বরূপ প্রতি ১০ পিপিএম কার্বন ডাই অক্সাইডে তাপমাত্রার বৃদ্ধি কী? তাদের কোনও ধারণা নেই... আর্কটিক বরফ হারাচ্ছে, অ্যান্টার্কটিক তা অর্জন করছে। ১৮ বছরের মধ্যে শেষ ১০টি ডিগ্রি, ১/১০-১/১০০ ডিগ্রির ব্যবধানে, রেকর্ডে সবচেয়ে উষ্ণ, পরিসংখ্যানগতভাবে কোনও পার্থক্য নেই। যদি আপনি একটি পাহাড়ে হাঁটেন এবং শীর্ষে ১৮ মাইল মালভূমি থাকে, তবে প্রতিটি মাইল রেকর্ড-ভাঙা উচ্চতায় হবে... আমি একমাত্র সত্যিকারের সমস্যাটি দেখতে পাচ্ছি যেটি হল মহাসাগরীয় অম্লীকরণ, তবে অতিরিক্ত মাছ ধরা এবং মাংস গ্রহণ সম্পর্কিত সমস্যা অনেক খারাপ সমস্যা। বিল সর্বদা মানুষকে বলে যে তারা বিজ্ঞানে বিশ্বাস করে না, তবুও একটি টিভি শো রয়েছে যা অনুভূতির বিজ্ঞান সম্পর্কে কথা বলে। আমার লিঙ্গ পুরুষ, কিন্তু আমি একজন মহিলা, অথবা নপুংসক, এই বিশ্বাস আমার আছে। তিনি বলতেন যে বিজ্ঞান আপনার বিশ্বাসের প্রতি খেয়াল রাখে না।",NONE,2,0.8455029,NONE,2,0.89551944,AGAINST,0,0.7040498,NONE,2,0.6754861,NONE,2,0.6803401,0.2783338,0.27301583,1,0.046180155,0.04664407,0,0.6754861,0.6803401,2,2,2/3 Majority
384,বিল নাইজ এবং জলবায়ু পরিবর্তন সম্পর্কে তাঁর সম্পূর্ণ মিথ্যা প্রচারের পিছনে তাঁদের নাম রাখার জন্য ন্যাশনাল জিওগ্রাফিক-এর প্রতি খুব হতাশ। আমি আমার সাবস্ক্রিপশন বাতিল করছি এবং সবাইকে একই কাজ করার জন্য উৎসাহিত করছি।,AGAINST,0,0.98593694,AGAINST,0,0.9809341,AGAINST,0,0.97861207,AGAINST,0,0.98182774,AGAINST,0,0.9818646,0.98182774,0.9818646,3,0.010054483,0.010040821,0,0.008117826,0.008094561,0,3,3/3 Unanimous
385,"গ্রহটি ঠিক থাকবে বলে আমাদের গ্রহকে বাঁচাচ্ছি বলে বলা উচিত নয়। আমাদের বলা উচিত যে আমরা মানব জাতিকে রক্ষা করছি। 'গ্রহকে রক্ষা করা' বলতে 'মানবতাকে রক্ষা করা' বলার একটি ভুল উপায় কারণ গ্রহটি চলে যাচ্ছে না, আমরা মানুষ। তাই বলা হচ্ছে যে, আমরা 'মানবজাতিকে রক্ষা করছি', জলবায়ু পরিবর্তন সম্পর্কে কিছু করার জন্য মানুষের স্বার্থপর মনে এর গভীর প্রভাব পড়বে।",AGAINST,0,0.6197016,AGAINST,0,0.96386284,FAVOR,1,0.4964838,AGAINST,0,0.62558454,AGAINST,0,0.6298932,0.62558454,0.6298932,2,0.26840758,0.2654261,1,0.106007956,0.10468066,0,2,2/3 Majority
386,০৬টায় ভিসা কমার্শিয়াল-এর মতো অভিব্যক্তিটি অমূল্য!. .. তাঁর অন্ত্যেষ্টিক্রিয়ার পোশাকের মধ্যে থেকে সবচেয়ে বড় বোঝা আসে। .. আপনি যখন এখনও রিহার্সাল করার জন্য একটি স্ক্রিপ্ট পেয়ে আছেন কারণ আমরা এটি কিনছি না - না কাকুও এটি কিনছে না। .ðŸ'» . ..ðŸ'‹,NONE,2,0.9988695,NONE,2,0.9937888,NONE,2,0.9659909,NONE,2,0.98621637,NONE,2,0.98646367,0.010214568,0.009997852,0,0.0035690244,0.0035384223,0,0.98621637,0.98646367,3,3,3/3 Unanimous
387,বিশ্ব উষ্ণায়ন নিয়ে আমাদের কিছু করা উচিত নয় কারণ এটি অবশ্যই একটি ভ্রান্ত ধারণা। কেন পরিবর্তন করা হচ্ছে কেবলমাত্র একটি ভুয়ো প্রতারণার ভয়ে যা মিথ্যা প্রমাণিত হয়েছে?,AGAINST,0,0.9952306,AGAINST,0,0.9827344,AGAINST,0,0.99739873,AGAINST,0,0.9917879,AGAINST,0,0.99171126,0.9917879,0.99171126,3,0.0054769223,0.0055400515,0,0.0027351703,0.0027485904,0,3,3/3 Unanimous
388,এশিয়া এবং মার্কিন যুক্তরাষ্ট্র বিশ্বকে ধ্বংস করছে,FAVOR,1,0.8128322,FAVOR,1,0.87636775,FAVOR,1,0.9974463,FAVOR,1,0.89554876,FAVOR,1,0.89432436,0.008087228,0.00819435,0,0.89554876,0.89432436,3,0.096364,0.097481236,0,3,3/3 Unanimous
389,"অনেক আগে, ""জলবায়ু পরিবর্তন""-এর প্রভাব নিয়ে গবেষণা করার জন্য একদল গবেষককে আর্কটিকে পাঠানো হয়েছিল। যদি আমরা জলবায়ু পরিবর্তনকে বিদ্যমান থাকতে দিই, তাহলে এটি যৌক্তিকভাবে অনুসরণ করে যে, গলনশীল বরফের চাদর এবং সমুদ্রপৃষ্ঠের উচ্চতা বৃদ্ধি পাওয়া উচিত। তাদের জন্য এটি খারাপ, তারা বরফের চূড়াকে ধ্বংস করার কোনও প্রমাণ খুঁজে পায়নি। পরিবর্তে, তারা বরফের মধ্যে আটকে যায়। হ্যাঁ, বরফের মধ্যে। বিদ্রুপ। হাহা!",AGAINST,0,0.94035006,AGAINST,0,0.97990465,AGAINST,0,0.7448803,AGAINST,0,0.8883783,AGAINST,0,0.89017624,0.8883783,0.89017624,3,0.015880683,0.015584168,0,0.09574098,0.09423962,0,3,3/3 Unanimous
390,ফিলিপাইনে এত গরম আর হয়নি! দয়া করে জলবায়ু পরিবর্তন বন্ধ করুন।,AGAINST,0,0.9953145,NONE,2,0.8121779,AGAINST,0,0.8627638,AGAINST,0,0.6612329,AGAINST,0,0.65824306,0.6612329,0.65824306,2,0.033729386,0.033702437,0,0.30503777,0.3080545,1,2,2/3 Majority
391,"সমগ্র পৃথিবীর সময়রেখা দেখলে এই বিতর্ক পিছিয়ে যায়। বরফ যুগের আগে যেখানে সমগ্র পৃথিবী হিমায়িত ডাইনোসর ছিল, বিশাল রেনফরেস্ট এবং উচ্চ সমুদ্র স্তর সহ, স্পষ্টতই একটি খুব গরম জলবায়ু ছিল যখন এটি সূর্যের থেকে সবচেয়ে দূরে এবং এইভাবে সবচেয়ে শীতলতম ছিল। তারপর বরফ যুগ আসে, এটি একটি প্রাকৃতিক চক্র। সবচেয়ে মজার অংশটি হল যদি আপনি অতীতকে উপেক্ষা করেন এবং শেষ ২০০ বছরের দিকে মনোনিবেশ করেন তবে সবকিছু নিখুঁতভাবে ""মানুষ এটি করেছে, আমরা খারাপ"" এর সাথে মেলে। আপনি বুঝতে পারবেন যে পৃথিবী সূর্য নামক একটি বিশাল তাপ প্রদীপ দ্বারা আলোকিত হচ্ছে এবং এটি কোটি কোটি বছর ধরে রয়েছে। এটি পাওয়ার প্ল্যান্ট এবং গ্রিনহাউস গ্যাস থেকে এই গ্রহকে নষ্ট করতে অনেক বেশি সময় লাগবে।",AGAINST,0,0.99597025,AGAINST,0,0.94857746,AGAINST,0,0.98702556,AGAINST,0,0.97719103,AGAINST,0,0.9770424,0.97719103,0.9770424,3,0.009752024,0.0098824175,0,0.013056889,0.013075225,0,3,3/3 Unanimous
392,"০:৩৩ মিথ্যা, ১৯৩০-এর দশকটি ছিল সবচেয়ে গরম।",AGAINST,0,0.9917882,NONE,2,0.94816613,AGAINST,0,0.9670662,AGAINST,0,0.6666561,AGAINST,0,0.6623967,0.6666561,0.6623967,2,0.0045557986,0.004584294,0,0.32878807,0.3330189,1,2,2/3 Majority
393,"প্রথমেই এই লোকটি কোনওভাবেই বিজ্ঞানী নন। এবং ৩০,০০০-এরও বেশি প্রকৃত বিজ্ঞানী আছেন যাঁরা এই বোকামিটিকে প্রত্যাখ্যান করেন। জুলাই ২০১৭-এ ক্যালিফোর্ণিয়ায় পাহাড়ে ১০৬ ইঞ্চি তুষারপাত হয় এবং লোকেরা স্কিয়িং করে। আমি এটা বলছি না যে বিশ্ব পরিবর্তন হচ্ছে না, এটি কেবল তার স্বাভাবিক চক্রের মধ্য দিয়ে যাচ্ছে। একটি ছোট্টো বিষয় উল্লেখ করছি যে, জলবায়ু পরিবর্তনের নামে প্রতিদিন আমাদের সকলের উপর স্কি দিয়ে স্প্রে করা হয়।",AGAINST,0,0.999622,AGAINST,0,0.9843076,AGAINST,0,0.99747986,AGAINST,0,0.9938032,AGAINST,0,0.99374884,0.9938032,0.99374884,3,0.0021595133,0.0021865566,0,0.0040374096,0.0040645963,0,3,3/3 Unanimous
394,"আপনি কিভাবে ব্যাখ্যা করবেন যে আমরা কিভাবে ৬০০ কোটি বছর ধরে জলবায়ু পরিবর্তন ঘটিয়েছি?আমি বিল নাইসকে শ্রদ্ধা করতাম, কিন্তু সে একজন মিথ্যাবাদী!!",AGAINST,0,0.96681833,AGAINST,0,0.98278344,AGAINST,0,0.98324996,AGAINST,0,0.97761726,AGAINST,0,0.97755665,0.97761726,0.97755665,3,0.0061660274,0.006168504,0,0.016216768,0.01627486,0,3,3/3 Unanimous
395,জলবায়ু পরিবর্তনের মতো কোনো কিছু নেই। গল্প সমাপ্তি,AGAINST,0,0.99712414,FAVOR,1,0.48356616,AGAINST,0,0.99680126,AGAINST,0,0.7099741,AGAINST,0,0.7059339,0.7099741,0.7059339,2,0.16136347,0.16363291,1,0.12866238,0.13043314,0,2,2/3 Majority
396,"সাম্প্রতিক বিশ্ব উষ্ণায়নের বেশিরভাগটাই জলবায়ু বিজ্ঞানীরা আরও ভয়ঙ্কর বলে মনে করার জন্য তৈরি করেছেন, একটি গবেষণায় দেখা গেছে। দুই বিজ্ঞানী এবং একজন প্রবীণ পরিসংখ্যানবিদ দ্বারা পর্যালোচিত সমীক্ষাটি বিশ্বব্যাপী গড় তাপমাত্রা ডেটাসেটগুলি (গাস্ট) দেখেছে যা জলবায়ু সতর্ককারীরা ব্যবহার করে যুক্তি দেখানোর জন্য যে সাম্প্রতিক বছরগুলি ""সর্বকালের উষ্ণতম"" হয়েছে এবং যে গত ১২০ বছরের উষ্ণায়ন নাটকীয় এবং অভূতপূর্ব। তারা যা খুঁজে পেয়েছে তা হল এই পাঠগুলি ""প্রকাশিত এবং বিশ্বাসযোগ্য ইউ-এর সঙ্গে সম্পূর্ণরূপে অসামঞ্জস্যপূর্ণ""।s. এবং অন্যান্য তাপমাত্রার তথ্য।â€ অর্থাৎ, নাসা, এনওএএ এবং যুক্তরাজ্যের মেট অফিস-এর মতো অতিরঞ্জিত তথ্য ব্যবহারকারী সংস্থাগুলির দ্বারা ব্যবহৃত সমন্বিত তথ্য মূল কাঁচা তথ্যের থেকে এতটা আলাদা যে এটি বিশ্বাস করা যায় না।",AGAINST,0,0.9569956,AGAINST,0,0.9408925,NONE,2,0.59789586,AGAINST,0,0.63973457,AGAINST,0,0.6473761,0.63973457,0.6473761,2,0.12910368,0.1259921,0,0.23116183,0.22663182,1,2,2/3 Majority
397,"এটি তুচ্ছ বলে মনে হতে পারে, কিন্তু আমি বলছি জীবন্ত গাছ বা গাছপালা কাটানো বন্ধ করুন। আপনার উঠানে প্রকৃতিকে বেড়ে উঠতে দিন। আপনার লনে মারাত্মক ভেষজ স্প্রে করা বন্ধ করুন। গাছ এবং অন্যান্য উদ্ভিদ বেশিরভাগই বায়ু থেকে গ্রহণ করা কার্বন দিয়ে তৈরি। এটি 'জাদুকরী' নয়।",FAVOR,1,0.5251331,FAVOR,1,0.9676023,FAVOR,1,0.87262136,FAVOR,1,0.7884522,FAVOR,1,0.7876636,0.115849614,0.116582185,0,0.7884522,0.7876636,3,0.095698126,0.09575421,0,3,3/3 Unanimous
398,নমস্কার বিল! বুদ্ধিমান হওয়ার জন্য ধন্যবাদ! এই তালিকাটি আপনি আমার মতো একজন বোকা মানুষকে বুঝিয়ে বলবেন কি? http://notrickszone.com/২০১৫/০২/০৯/long-list-of-warmist-organizations-scientists-haul-in-huge-money-from-big-oil-and-heavy-industry/,AGAINST,0,0.9331172,AGAINST,0,0.97568274,NONE,2,0.93492615,AGAINST,0,0.6555692,AGAINST,0,0.66298753,0.6555692,0.66298753,2,0.006670717,0.0066676345,0,0.3377601,0.33034486,1,2,2/3 Majority
399,আমাদের সময়ের সবচেয়ে গুরুত্বপূর্ণ বিষয়গুলির উপর একটি ভাল স্পটলাইট!,FAVOR,1,0.969971,FAVOR,1,0.9412397,FAVOR,1,0.8283873,FAVOR,1,0.91319937,FAVOR,1,0.9142322,0.0025882933,0.0025996068,0,0.91319937,0.9142322,3,0.08421236,0.08316819,0,3,3/3 Unanimous
400,"রাজনীতি বাদ দিলে, আমরা সকলেই এর মধ্যে আবদ্ধ। আমরা সকলেই জীবাশ্ম জ্বালানীর সুবিধা গ্রহণ করেছি। ঠিক আছে, আমরা এখন বুঝতে পারছি যে আমরা সবাই এইভাবে চলতে পারব না। এটা প্রমাণিত হয়েছে যে সবুজ শক্তি তেল ও কয়লার চেয়ে বেশি কর্মসংস্থান সৃষ্টি করছে, এবং গ্রহকে বাঁচাচ্ছে। সৌর কোষ, বায়ুচক্র স্থাপন করা কেন ভুল, প্রাথমিক খরচের পাশাপাশি এটি অর্থ সাশ্রয় করে, পৃথিবীকে রক্ষা করে। যদি না আপনি একজন ধর্মীয় উগ্রপন্থী হন এবং মনে করেন যে ঈশ্বর যে কোনওভাবেই গ্রহটিকে ধ্বংস করবেন, এবং মনে করেন যে এটা কি!! কে চিন্তা করে!!!Â  Â «সুন্দরভাবে চিন্তা করা মানুষেরা যত্ন নেন।",FAVOR,1,0.985002,FAVOR,1,0.52143556,AGAINST,0,0.94764066,FAVOR,1,0.5087531,FAVOR,1,0.5145373,0.4562094,0.4503619,1,0.5087531,0.5145373,2,0.03503749,0.03510082,0,2,2/3 Majority
401,"মনোযোগ সহকারে শুনুন। বিজ্ঞানে ""বিশ্বাস"" বা ""বিশ্বাস না"" করার কিছু নেই। কেবল তথ্য বিদ্যমান। আপনি যদি বৈজ্ঞানিক তথ্যের পরিপ্রেক্ষিতে ""বিশ্বাস"" শব্দটি ব্যবহার করেন, তাহলে আপনার মন কথোপকথনটি বুঝতে অক্ষম। শিল্পায়নের ফলে সৃষ্ট বিশ্ব উষ্ণায়ন একটি তত্ত্ব নয়। এটি একটি বৈজ্ঞানিক সত্য। আপনার রাজনীতি, আপনার বিশ্বাস এবং আপনার দলীয়তা একেবারেই গুরুত্বহীন। বৈজ্ঞানিক তথ্য আপনার ""বিশ্বাস"" সম্পর্কে কিছু মনে করে না।",AGAINST,0,0.92170525,AGAINST,0,0.98337895,AGAINST,0,0.98875254,AGAINST,0,0.96461225,AGAINST,0,0.9643488,0.96461225,0.9643488,3,0.015167325,0.015323814,0,0.020220453,0.0203274,0,3,3/3 Unanimous
402,জলবায়ু পরিবর্তন অব্যাহত থাকবে যখন এনডব্লিউও আমাদের গ্রহকে পুরনো জীবাশ্ম জ্বালানিতে চালানোর সিদ্ধান্ত নিয়েছিল। ১৯৪৮ সাল থেকে উপলব্ধ অ্যান্টি-গ্র্যাভিটি এবং চৌম্বকীয় ক্ষেত্র প্রযুক্তি এবং শিল্প সামরিক কমপ্লেক্স দ্বারা লুকানো বিশ্ব দারিদ্র্য দূর করতে পারে যা তাদের কার্বন ফুটপ্রিন্ট থেকে আমাদের সকলকে মুক্ত করতে পারে। মানুষ এই দুর্নীতিগ্রস্ত তেল উৎপাদকদের বিরুদ্ধে ক্লাস অ্যাকশন করেছিল যারা সমস্ত মানবজাতির উপর এই পুরানো প্রযুক্তিকে চাপিয়ে দিয়ে চলেছে।ডঃ স্টিভেন গ্রেইরের অমীমাংসিত বইটি ও চলচ্চিত্রটি এখনও যারা তাদের মাথা বালিতে গুঁজে রেখেছে তাদের আলোকিত করবে।,NONE,2,0.5612702,FAVOR,1,0.46150705,FAVOR,1,0.96720314,FAVOR,1,0.5092117,FAVOR,1,0.5037527,0.22041619,0.22309883,0,0.5092117,0.5037527,2,0.27037206,0.27314842,1,2,2/3 Majority
403,"আমি রিপাবলিকান এবং জলবায়ু পরিবর্তন/পরিবেশগত পরিবর্তনে বিশ্বাসী। এটা দুঃখজনক যে মানুষকে এটিকে একটি রাজনৈতিক ইস্যুতে পরিণত করতে হচ্ছে। কেউ যখন বলে যে এর জন্য রিপাবলিকানদের দোষ দেওয়া হচ্ছে, তখন তারা স্পষ্টতই রক্ষণশীল হয়ে উঠবে।",FAVOR,1,0.99730057,FAVOR,1,0.94486845,AGAINST,0,0.5701999,FAVOR,1,0.7564292,FAVOR,1,0.7617105,0.20370664,0.19919483,1,0.7564292,0.7617105,2,0.039864168,0.039094687,0,2,2/3 Majority
404,"আপনি ঠিক বলেছেন, জলবায়ু পরিবর্তন একটি গুরুতর সমস্যা। এবং যদি এটি এমন কিছু হয়ে ওঠে যা আমরা নিয়ন্ত্রণ করতে পারি না এবং আপনি অল্প পরিমাণ মানবসৃষ্ট জলবায়ু পরিবর্তন সম্পর্কে কথা বলে আমাদের শ্বাস নষ্ট করছেন, তাহলে আমরা ভবিষ্যতের সাথে খাপ খাইয়ে নেওয়ার জন্য মূল্যবান সময় নষ্ট করব।",FAVOR,1,0.99921894,AGAINST,0,0.8575628,FAVOR,1,0.9913741,FAVOR,1,0.70210403,FAVOR,1,0.6980208,0.2873473,0.2913429,1,0.70210403,0.6980208,2,0.010548695,0.010636234,0,2,2/3 Majority
405,"*কার্বন ডাই অক্সাইড পৃথিবীর ব্যবস্থাগুলি স্বাভাবিকভাবে কাজ করার জন্য প্রয়োজনীয় হওয়ায় এটি কোনও বিষয় নয় এই অস্বীকারকারীদের যুক্তিটিকে পরাজিত করার মতো সহজ ভাষায় জলবায়ু পরিবর্তনকে কিভাবে ব্যাখ্যা করা যায়:* জলবায়ু পরিবর্তন মূলত পৃথিবীর ডায়াবেটিস। হ্যাঁ, এর স্বাভাবিক ক্রিয়াকলাপের জন্য কার্বন ডাই অক্সাইড (চিনি) প্রয়োজনীয়, তবে এর অতিরিক্ত পরিমাণ (কার্বন ডাই অক্সাইড নির্গমন) একটি ভারসাম্যহীনতার কারণ হয় যার ফলে এর সিস্টেমগুলি অনুপযুক্তভাবে কাজ করে; ফলস্বরূপ জলবায়ু পরিবর্তন (ডায়াবেটিস) নামে পরিচিত ঘটনাটি ঘটে।যদি এই ভারসাম্যহীনতা সংশোধন করার জন্য কিছুই না করা হয়, তবে আপনি এই অবস্থার (জলবায়ু পরিবর্তন/মধুমেহ) স্থায়ী হওয়ার ঝুঁকি নেন। মূলত এটিই জলবায়ু পরিবর্তন।",FAVOR,1,0.9746344,FAVOR,1,0.97684425,FAVOR,1,0.94707865,FAVOR,1,0.9661858,FAVOR,1,0.9664234,0.010067451,0.010074564,0,0.9661858,0.9664234,3,0.023746809,0.023502048,0,3,3/3 Unanimous
406,"আমাদের কাচ তৈরি করা বন্ধ করতে হবে। কাচ, যেমন গ্রিনহাউজ গ্যাস, 'আলোক' এর জন্য স্বচ্ছ, তবে সমস্ত আইআর বিকিরণ শোষণ করে এবং তাই একটি গ্রিনহাউজ কঠিন। এটি একটি বিশাল সমস্যা। আমরা এটি থামাতে বাধ্য।",AGAINST,0,0.8937779,FAVOR,1,0.98334354,FAVOR,1,0.852372,FAVOR,1,0.6431,FAVOR,1,0.64101905,0.30783585,0.31088787,1,0.6431,0.64101905,2,0.049064066,0.048093013,0,2,2/3 Majority
407,"দুর্ভাগ্যবশত, আমি বিশ্বাস করি যে এই ভিডিওটি দেখার এবং শোনার জন্য সময় ব্যয় করা বেশিরভাগ মানুষই জলবায়ু পরিবর্তনে বিশ্বাস করেন। যাঁরা জলবায়ু পরিবর্তনে বিশ্বাস করেন না, তাঁরা এই ধরনের জ্ঞান অনুসন্ধানের জন্য তাঁদের সাধ্যমতো চেষ্টা করবেন না কারণ তাঁরা নিজেদের অজ্ঞতার বিষয়ে উদ্বিগ্ন নন।",FAVOR,1,0.67589986,FAVOR,1,0.61726904,FAVOR,1,0.5938901,FAVOR,1,0.6290197,FAVOR,1,0.62942076,0.12493604,0.12357305,0,0.6290197,0.62942076,3,0.24604432,0.24700618,0,3,3/3 Unanimous
408,বহু বছর ধরে মানব জনসংখ্যার বৃদ্ধিই বিশ্ব উষ্ণায়নের কারণ। মানুষের সংখ্যা বৃদ্ধির সঙ্গে সঙ্গে শক্তির চাহিদাও বৃদ্ধি পেয়েছে। যুদ্ধ এবং লোভ কেবল গুণনের উপাদান।,FAVOR,1,0.64483744,AGAINST,0,0.6643436,FAVOR,1,0.98751974,FAVOR,1,0.6523079,FAVOR,1,0.64797795,0.32722214,0.3314634,1,0.6523079,0.64797795,2,0.020469924,0.020558622,0,2,2/3 Majority
409,আমি চাই আরও বেশি মানুষ বিশ্ব জলবায়ু পরিবর্তন সম্পর্কে মুক্তমনা থাকুন।,FAVOR,1,0.92774457,FAVOR,1,0.9712983,NONE,2,0.9650492,FAVOR,1,0.64152014,FAVOR,1,0.64916587,0.0047951103,0.004740139,0,0.64152014,0.64916587,2,0.35368478,0.34609398,1,2,2/3 Majority
410,"আমাদের বায়ুমণ্ডলের ধ্বংসের জন্য দায়ী সমস্ত নোংরা মানুষ, আপনারা সবাই ভয়ানক কষ্ট পাবেন এবং আপনাদের সন্তানরা কখনও বড় হবে না। আপনি ওদের কী বলবেন? তোমাদের প্রত্যেককে ঈশ্বরের কাছে জবাবদিহি করতে হবে।পঁচিশ মিনিট পাঁচ মিনিট বাকি এবং গণনা চলছে!",FAVOR,1,0.708825,AGAINST,0,0.6283644,AGAINST,0,0.96560085,AGAINST,0,0.6134661,AGAINST,0,0.6093277,0.6134661,0.6093277,2,0.35642615,0.36061898,1,0.030107802,0.030053303,0,2,2/3 Majority
411,"ঠিক আছে, যদি আপনি বিজ্ঞানের লোককে বিশ্বাস না করেন, আমি জানি না কিভাবে আপনাকে এই সমস্যাটি বিশ্বাস করাতে পারব।",FAVOR,1,0.42233863,AGAINST,0,0.538344,FAVOR,1,0.8428128,FAVOR,1,0.46246743,FAVOR,1,0.45759064,0.30356023,0.30632818,1,0.46246743,0.45759064,2,0.23397233,0.23608117,0,2,2/3 Majority
412,আমি এই কোটি কোটি বছর বিবর্তন ঘটিয়ে এই পর্যায়ে এসে আমাদের বিলুপ্তি স্বীকার করতে অস্বীকার করছি। সামান্য হলেও সবাইকে কিছু না কিছু করতে হবে।,AGAINST,0,0.5998107,AGAINST,0,0.51454175,FAVOR,1,0.77814984,FAVOR,1,0.5227237,FAVOR,1,0.519655,0.43492237,0.43789864,2,0.5227237,0.519655,1,0.04235387,0.04244635,0,2,2/3 Majority
413,"আপনাদের বুঝতে হবে যে এই ""৯৭% ঐক্যমত্য"" মানে এই নয় যে তারা সকলেই সাধারণ কিছু বিষয়ে একমত, সংজ্ঞায়িত বা একটি ""বিমূর্ত ধারণা"" নয়। প্রায় সমস্ত ""৯৭% বিজ্ঞানী তাঁদের শিটগুলো অধ্যয়ন করে, রেকর্ডগুলি পরীক্ষা করে, গবেষণা করে এবং সঠিক জ্ঞান সহ সেই উপসংহারে এসেছেন। তাঁরা সকলেই ""কিছু"" বিষয়ে একমত নন, তাঁরা সকলেই সেই উপসংহারে পৌঁছেছেন, যা হল ""এই কিছু""।",AGAINST,0,0.638176,NONE,2,0.5317754,AGAINST,0,0.98740035,AGAINST,0,0.69481444,AGAINST,0,0.6910923,0.69481444,0.6910923,2,0.004322402,0.004373614,0,0.30086312,0.304534,1,2,2/3 Majority
414,"সমুদ্রপৃষ্ঠের উচ্চতা বৃদ্ধি আমাদের উদ্বেগের বিষয় নয়, যখন সমুদ্রপৃষ্ঠের উচ্চতা বৃদ্ধি পায় তখন আমাদের শহরগুলিতে বন্যা হবে না, এই সমস্যাটি নিজেই সমাধান হয়ে যাবে। আমাদের প্রধান উদ্বেগের বিষয় হল জলবায়ু পরিবর্তন: জলবায়ু পরিবর্তনের ফলে সমস্ত জীবনের উপর নেতিবাচক প্রভাব পড়বে, যতটা আমরা জানি।",FAVOR,1,0.9984267,FAVOR,1,0.98414445,FAVOR,1,0.9795782,FAVOR,1,0.9873831,FAVOR,1,0.9874715,0.0052652233,0.005292268,0,0.9873831,0.9874715,3,0.0073516704,0.007236222,0,3,3/3 Unanimous
415,"আমরা কথা বলার সময়ই পৃথিবীর শেষ অবধি ঘটছে এবং বিস্ময়কর পরিমাণে মানুষ মারা গেছে, কিন্তু কেউই কিছু করছে না কেন?",FAVOR,1,0.99902725,FAVOR,1,0.9533494,FAVOR,1,0.99726593,FAVOR,1,0.9832142,FAVOR,1,0.9830142,0.01150906,0.011665068,0,0.9832142,0.9830142,3,0.005276754,0.0053206678,0,3,3/3 Unanimous
416,"পোটহোলার৫৪-এর একটি খুব ভালো ভিডিও সিরিজ রয়েছে যা আমাদের জলবায়ু এবং কীভাবে মানুষ এটিকে পরিবর্তন করছে তার পিছনের প্রকৃত পিয়ার-পর্যালোচিত বিজ্ঞানের বিশদ বিবরণ দেয়। সারাংশ: ফক্স নিউজ বা সিএনএন বা এমএসএনবিসি বা অন্যান্য জনপ্রিয় মিডিয়া আউটলেটগুলিতে বিশ্বাস করবেন না, তারা সব বিতর্ক এবং আরও দর্শক অর্জনের দ্বারা চালিত। অবশ্যই আল গোর অথবা অন্যান্য অ-বৈজ্ঞানিক তথ্যচিত্র দেখবেন না। নিজেকে জিজ্ঞাসা করুন: পিয়ার-পর্যালোচিত বিজ্ঞান কী বলে? আপনি যদি না জানেন, তাহলে খুঁজে বের করুন, প্রতিটি জার্নাল নিবন্ধের শুরুতে এটি সাধারণ ইংরেজিতে লেখা আছে - তাহলে নিজের মতামত তৈরি করুন। পথহোলার৫৪-এর ভিডিও সিরিজটি একটি ভালো সূচনা। অনুগ্রহপূর্বক এটি প্রেরণ করুন।",NONE,2,0.6328352,NONE,2,0.9314368,AGAINST,0,0.8217623,NONE,2,0.5788409,NONE,2,0.58404154,0.27553454,0.26877818,1,0.14562453,0.14718024,0,0.5788409,0.58404154,2,2,2/3 Majority
417,"আমি বর্তমানে উইসকনসিনের আমার গাড়িতে বসে সূর্যের তাপে পোড়াচ্ছি। ফেব্রুয়ারির মাঝামাঝি সময়ে, এটি বছরের সবচেয়ে তুষারপূর্ণ মাস ছিল এবং এখন প্রায় ৮০ ডিগ্রি। কেউ আমাকে বলতে পারবে না যে এই বিষয়টি স্বাভাবিক এবং আমাদের কাছে এটি সংশোধন করার সময় আছে। চল্লিশ বছর আগে এই দিনে আমি আমার গাড়ির চারপাশ থেকে দুই ফুট তুষার সরিয়ে দিতাম।",FAVOR,1,0.8137493,FAVOR,1,0.9218773,FAVOR,1,0.78928804,FAVOR,1,0.84163827,FAVOR,1,0.8423476,0.044415265,0.044709466,0,0.84163827,0.8423476,3,0.113946475,0.11294288,0,3,3/3 Unanimous
418,"এছাড়াও এমন কিছু জিনিস রয়েছে যা মানবজাতি করছে যা জলবায়ু পরিবর্তন ঘটাচ্ছে। কেমট্রেল এবং হারপ। আমি বিজ্ঞানীদের কাছ থেকে কেমট্রেল, হারপ এবং আমাদের আবহাওয়ার উপর তাদের প্রভাবের বাস্তবতা সমর্থন করার জন্য প্রচুর প্রমাণ সরবরাহ করতে পারি।",FAVOR,1,0.99174994,FAVOR,1,0.9160104,FAVOR,1,0.6736043,FAVOR,1,0.86045486,FAVOR,1,0.86272323,0.03109786,0.03129393,0,0.86045486,0.86272323,3,0.10844722,0.105982766,0,3,3/3 Unanimous
419,"আপনাদের মধ্যে যাঁদের কলেজ পর্যায়ে এই তথ্য অধ্যয়ন করেন, তাঁরা বুঝতে পারবেন যে এটি সত্য এবং ঘটছে। মায়ামি শহরকে তাদের রাস্তাগুলি বাড়াতে হয়েছিল কারণ জল রাস্তায় প্লাবিত হতে থাকে। তারা সেখানে যা করেছে তা কেবল ৫০ বছরের জন্য সেই সমস্যাটি সমাধান করবে।যদি বিশ্ব তাপমাত্রা এক ডিগ্রি সেলসিয়াস বৃদ্ধি পায় তবে ফ্লোরিডার দক্ষিণ অংশ জলের নিচে চলে যাবে। আমি এই বিষয়ে আরও অনেক কিছু বলতে পারি। বিশ্ব উষ্ণায়নে বিশ্বাসী আমার মতো মানুষেরা ভুল, এবং এতে আমাদের আরও বেশি সতর্ক থাকা উচিত, কিন্তু এটা বলা যে আমরা যে ক্ষতি করি তা স্থায়ী হবে।",FAVOR,1,0.68577003,AGAINST,0,0.9463999,FAVOR,1,0.8942865,FAVOR,1,0.5400347,FAVOR,1,0.5352833,0.44591728,0.4507661,1,0.5400347,0.5352833,2,0.014047995,0.0139505565,0,2,2/3 Majority
420,"৩৮১টি অপছন্দের ভিডিও জলবায়ু অস্বীকারকারী এবং ধর্মীয় উগ্রপন্থীদের কারণে! আপনার জন্য শুভকামনা রইল, বিল, সচেতনতা অব্যাহত থাকুক।",FAVOR,1,0.826554,FAVOR,1,0.7585693,FAVOR,1,0.96904963,FAVOR,1,0.851391,FAVOR,1,0.84989655,0.03214451,0.032440037,0,0.851391,0.84989655,3,0.116464525,0.117663436,0,3,3/3 Unanimous
421,"জলবায়ু পরিবর্তন আমাদের দোষ হোক বা প্রাকৃতিক, এর প্রভাব একই হবে। খারাপ নিজেকে জিজ্ঞাসা করুন। আমাদের বিশ্ব, এর সমস্ত অধিবাসী এবং তাদের সমস্ত বিনিয়োগ। আবহাওয়া পরিবর্তন করতে দিলে আমরা কি তা থামাতে পারব? উত্তরগুলি ""না"" হওয়া উচিত। কিন্তু যদি জানা যায় যে এটি স্বাভাবিক, তাহলে কী হবে? আমরা কি জিনিসগুলির স্বাভাবিক ক্রমকে চ্যালেঞ্জ জানাবো, কেবল আমাদের জীবনযাত্রাকে ঐতিহ্যগতভাবে যেমন ছিল তেমনই সংরক্ষণ করব? আমি মনে করি আমরা তা করব না। নাহলে আমাদের গ্রহ মঙ্গলের মতো দেখতে না হওয়া পর্যন্ত আমরা চাইব না। কিন্তু আমি এমন কোনো শক্তিশালী দেশকে পরবর্তী অ্যান্টার্কটিকা হতে দেখতে পাচ্ছি না। না, যদি তারা কোনওভাবে এটি থামাতে পারে।",FAVOR,1,0.7610272,FAVOR,1,0.6041552,FAVOR,1,0.9918333,FAVOR,1,0.7856719,FAVOR,1,0.7830318,0.18973537,0.19216341,0,0.7856719,0.7830318,3,0.024592748,0.024804818,0,3,3/3 Unanimous
422,"পৃথিবী ধ্বংস হয়ে যাচ্ছে। আমরা কি এই দ্বিধাদ্বন্দ্বের নতুন উত্তর খুঁজে পাব এবং কিভাবে  উন্নত হব, নাকি আমরা এখানেই থেমে যাব এই বলে যে আমরা আর অগ্রসর হতে পারব না?",FAVOR,1,0.99787295,FAVOR,1,0.97539127,FAVOR,1,0.9952264,FAVOR,1,0.9894969,FAVOR,1,0.98941314,0.003166823,0.0031862976,0,0.9894969,0.98941314,3,0.007336274,0.007400519,0,3,3/3 Unanimous
423,আমি আনন্দিত যে তিনি মাংস কম খাওয়ার কথা উল্লেখ করেছেন। এই শিল্প বিশ্বের সবচেয়ে বড় দূষণকারী। নিরামিষাশী হওয়া বা ভেগান হওয়া পরিবর্তন আনার সর্বোত্তম উপায়।,FAVOR,1,0.96130663,FAVOR,1,0.9765697,FAVOR,1,0.6289144,FAVOR,1,0.85559696,FAVOR,1,0.85841,0.01134891,0.011366806,0,0.85559696,0.85841,3,0.13305414,0.13022311,0,3,3/3 Unanimous
424,"তিনজন জলবায়ু বিজ্ঞানী একটি বারে প্রবেশ করেন। প্রথমটিতে বলা হয়েছে, ""বারটেণ্ডার, আমি -সেক্স অন দ্য বিচ নেব, কিন্তু তা তখনই হবে যদি পুরুষের কারণে সমুদ্রপৃষ্ঠের উচ্চতা বিধ্বংসী সৈকত ক্ষয়ের পর্যায়ে উন্নীত হয়।"" বারটেণ্ডার বলে ""উউউউহ্‌ কে""। দ্বিতীয় সিএস বলে ""আমি একটি হোয়াইট রাশিয়ান নেব, যতক্ষণ না কোনও ইউরোপীয়-আমেরিকান আমাদের নির্বাচনকে পরিবর্তন করার জন্য রাশিয়ানদের সাথে ষড়যন্ত্র করেছে।"" বারটেণ্ডারটি বউনি-এর দিকে হাসিমুখে তাকিয়ে বললেন, ""আর আমি টম কলিন্স পান করব, যতদিন না মি. কলিন্স জলবায়ু অস্বীকারকারী নন এবং সরকারকে ছোট করার চেষ্টা করছেন না।",NONE,2,0.9857578,NONE,2,0.9866268,NONE,2,0.9534132,NONE,2,0.975266,NONE,2,0.97553676,0.005123175,0.0051210728,0,0.01961087,0.019342124,0,0.975266,0.97553676,3,3,3/3 Unanimous
425,"খুব দেরি না হওয়া পর্যন্ত পরিস্থিতির কোনও উন্নতি হবে না, ইতিমধ্যেই হয়তো অনেক দেরি হয়ে গেছে।",FAVOR,1,0.9906997,FAVOR,1,0.9654589,FAVOR,1,0.99576426,FAVOR,1,0.9839743,FAVOR,1,0.983814,0.0040661856,0.0041175657,0,0.9839743,0.983814,3,0.011959483,0.012068376,0,3,3/3 Unanimous
426,মহাসাগরের অম্লীকরণ (কার্বন ডাই অক্সাইড থেকে) এবং বন্যপ্রাণীর বিলুপ্তির গতি বৃদ্ধি (প্রাকৃতিক হারের ১০০০ গুণ)।,FAVOR,1,0.9962825,FAVOR,1,0.9120712,NONE,2,0.95611185,FAVOR,1,0.65025395,FAVOR,1,0.65772575,0.002776128,0.0027959733,0,0.65025395,0.65772575,2,0.34697,0.33947822,1,2,2/3 Majority
427,আপনি গ্রহকে বাঁচাতে সাহায্য করতে পারেন কারণ ফেস ব্লাঙ্কটগুলি পুনর্ব্যবহৃত পপ বোতল থেকে তৈরি করা হয়।,NONE,2,0.9489209,NONE,2,0.9840644,NONE,2,0.72557175,NONE,2,0.88618565,NONE,2,0.8881928,0.014016346,0.0139238285,0,0.09979799,0.0978834,0,0.88618565,0.8881928,3,3,3/3 Unanimous
428,তাই মূলত আমরা সেই প্রজন্ম যারা পৃথিবীকে হত্যা করেছে।সুন্দর,NONE,2,0.95799756,NONE,2,0.9696237,NONE,2,0.99670595,NONE,2,0.97477573,NONE,2,0.974511,0.016887756,0.017078057,0,0.008336541,0.00841091,0,0.97477573,0.974511,3,3,3/3 Unanimous
429,"বিল নাইস যেমন বলবেন, আপনি চিরকাল তথ্য উপেক্ষা করতে পারবেন না। যদি জলবায়ু পরিবর্তন অস্বীকারকারীরা আমাদের বর্তমান ঘটনাবলী সম্পর্কে এতটাই সঠিক হয়, পরিবেশ বিজ্ঞান নিয়ে গবেষণা গোপন করার জন্য তাদের এতদূর যেতে হবে না এবং প্রকৃত পরিবেশ বিজ্ঞানীরা ভুল বলে দাবি করার জন্য তারা যতটা চেষ্টা করছে, তা করবে না। (গ্রাফ এবং কাগজপত্র যা নিজেদের বিরোধিতা করে এবং একটি যথাযথ কাঠামোর উপর ভিত্তি করে নয় যা একটি যথাযথ কাঠামোতে সম্পাদিত হয়) একাডেমিক প্রবন্ধ)। আপনারা হয়তো এটা পছন্দ করবেন না, কিন্তু ২১০০ সালের মধ্যে বিশ্বের বেশিরভাগ মানুষ জীবাশ্ম জ্বালানিকে পরিত্যাগ করবে, যদিও সম্পূর্ণরূপে নাও হতে পারে। চীন এবং সৌদি আরব সৌর শক্তির ক্ষেত্রে ইতিমধ্যেই অগ্রণী ভূমিকা পালন করছে। আগামী ৪০ বছর পর অনেক মানুষ সৌরশক্তির শেয়ারে বিনিয়োগ করবেন এবং পারমাণবিক শক্তি তার জায়গা হারায়ের সঙ্গে পুনর্নবীকরণযোগ্য শক্তিতে সরে আসবেন। মার্কিন যুক্তরাষ্ট্র কি পথ দেখাবে তা সম্পূর্ণরূপে তাদের উপর নির্ভর করবে।",FAVOR,1,0.92137945,FAVOR,1,0.9742498,FAVOR,1,0.8944709,FAVOR,1,0.9300334,FAVOR,1,0.9305035,0.01919732,0.019194683,0,0.9300334,0.9305035,3,0.050769288,0.050301775,0,3,3/3 Unanimous
430,আমি বুঝতে পারছি না কেন লোকেরা এই বিষয়গুলোতে বিশ্বাস করে না। বিশেষত যেহেতু আমরা ট্রাম্পকে ভোট দিয়েছিলাম বলে আমরা যৌনসঙ্গমে লিপ্ত হলাম।,NONE,2,0.80463487,FAVOR,1,0.8831716,FAVOR,1,0.8884522,FAVOR,1,0.6522268,FAVOR,1,0.6497029,0.012761372,0.01273981,0,0.6522268,0.6497029,2,0.3350118,0.33755723,1,2,2/3 Majority
431,"আমি যাতে আরও ভালোভাবে বুঝতে পারি, কম মাংস এবং স্থানীয়ভাবে উৎপাদিত শাকসব্জি খাওয়া কীভাবে পরিবেশের উপকার করে?",FAVOR,1,0.99630994,FAVOR,1,0.9838034,FAVOR,1,0.89701056,FAVOR,1,0.9590413,FAVOR,1,0.95980155,0.0024865102,0.0025004395,0,0.9590413,0.95980155,3,0.038472187,0.037697986,0,3,3/3 Unanimous
432,মাংস হচ্ছে সংখ্যা। একটি কারণ। আপনারা কি অন্ধ?,NONE,2,0.58345157,NONE,2,0.9013084,AGAINST,0,0.6841599,NONE,2,0.5975111,NONE,2,0.6012771,0.3018354,0.29700854,1,0.10065347,0.10171433,0,0.5975111,0.6012771,2,2,2/3 Majority
433,"উষ্ণায়ন বন্ধ করতে আমাদের ভূ-প্রকৌশল শুরু করতে হবে। মহাসাগরগুলিতে সার দেওয়া হয়ে আরও প্লাঙ্কটন উৎপাদিত হয়, যা কার্বন শোষণ করে নেবে, অথবা সূর্যকে মহাকাশে প্রতিফলিত করার জন্য আরও সাদা মেঘ তৈরি করতে আকাশকে ছোট ছোট জলের ফোঁটায় ছেড়ে দেওয়া হয়। হ্যাঁ, আমি একজন ব্যক্তির লেখা একটি বই পড়েছিলাম। পৃথিবী অনেক শক্তিশালী মানুষে পরিপূর্ণ যারা এই গ্রহকে ধ্বংস করে এমন কোম্পানিগুলি চালাচ্ছে। আমরা ভোক্তারাও আমাদের আচরণ পরিবর্তন করব না। আমরা, যারা সংস্থাগুলিকে পৃথিবীকে ধ্বংস করার কারণ দেয়। আমাদের ভূ-প্রকৌশল শুরু করতে হবে।",NONE,2,0.3929923,NONE,2,0.95127946,FAVOR,1,0.48504522,NONE,2,0.5327673,NONE,2,0.5365344,0.2032008,0.20230108,0,0.2640319,0.2611644,1,0.5327673,0.5365344,2,2,2/3 Majority
434,"এটা অত্যন্ত হতাশাজনক। আমাদের বড়রা আমাদের খুব একটা সাহায্য করছেন না। ""আমরা আমাদের সন্তানদের কাছ থেকে পৃথিবী ধার করি"" এই কথাটি সত্য। অনেক বিজ্ঞানী ভবিষ্যদ্বাণী করেছেন যে আজ জন্মগ্রহণ করা একটি শিশু বিশ্বের শেষ দেখতে পাবে। অনেক দেরি হয়ে গেছে, তাই এ ব্যাপারে কিছু একটা করুন।",FAVOR,1,0.951733,FAVOR,1,0.9701709,FAVOR,1,0.99557185,FAVOR,1,0.9724919,FAVOR,1,0.97221684,0.0043916954,0.0044463924,0,0.9724919,0.97221684,3,0.023116373,0.023336682,0,3,3/3 Unanimous
435,"বেশিরভাগ জলবায়ু পরিবর্তন অস্বীকারকারীরা গড়ের সংজ্ঞা জানেন না এবং জলবায়ু ও আবহাওয়ার মধ্যে পার্থক্য জানেন না। তারা আরও মনে করে যে মহাসাগরের সমস্ত জলের উপর ০.৩ ডিগ্রি ফারেনহাইট তুচ্ছ। সব মিলিয়ে, এটি মাত্র ৭০% পৃষ্ঠতল।",FAVOR,1,0.79769313,FAVOR,1,0.9771088,FAVOR,1,0.98428476,FAVOR,1,0.91969556,FAVOR,1,0.91899884,0.0036927927,0.0037067598,0,0.91969556,0.91899884,3,0.07661167,0.07729432,0,3,3/3 Unanimous
436,"পাথুরে এবং মনসহী পর্বতমালায় বসবাসের ফলে বহু বছর ধরে সেখানে বিদ্যমান হিমবাহগুলি গলে যাওয়ায় জলবায়ু পরিবর্তন লক্ষ্য করতে পারেন। মানুষ বুঝতে পারে না যে, আমাদের পানীয় জলের অধিকাংশই সেখান থেকে আসে।",FAVOR,1,0.55978817,FAVOR,1,0.98335326,FAVOR,1,0.99714226,FAVOR,1,0.8467612,FAVOR,1,0.8451426,0.010599571,0.010717437,0,0.8467612,0.8451426,3,0.14263922,0.14413993,0,3,3/3 Unanimous
437,"দেখুন, আমাদের কোম্পানি প্রকৃতপক্ষে জলবায়ু পরিবর্তনের বিরুদ্ধে কিছু করছে। আমরা ২৪ দিনের মধ্যে আইওএস/অ্যান্ড্রয়েডের জন্য আমাদের অ্যাপ্লিকেশন চালু করছি এবং জনগণের জন্য প্রথম সৌরবিদ্যুৎ গ্রিড স্থাপন করব। আসুন আমরা ১% থেকে আমাদের ক্ষমতা ফিরিয়ে নিই এবং টেকসই ভবিষ্যতের দিকে এগিয়ে চলি! https://powur.com/with/greg.dubela",FAVOR,1,0.997468,FAVOR,1,0.9859847,FAVOR,1,0.9925281,FAVOR,1,0.9919936,FAVOR,1,0.9919804,0.0033181722,0.0033338005,0,0.9919936,0.9919804,3,0.004688216,0.0046857568,0,3,3/3 Unanimous
438,জলবায়ু পরিবর্তন একটি গুরুতর বিষয় এবং মানুষ এটিকে কীভাবে একটি কৌতুক হিসেবে গ্রহণ করছে তা আমাকে বিস্মিত করেছে। আমাদের কিছু না কিছু ব্যবস্থা গ্রহণ করা শুরু করতে হবে কারণ আমরা যদি ব্যবস্থা গ্রহণ না করি তাহলে ভবিষ্যৎ থাকবে না। এটা দেখা গেছে যে পরিস্থিতি আরও খারাপ হচ্ছে এবং এটি গুরুতর হওয়ায় আসুন আমরা একসাথে কাজ করে জলবায়ু পরিবর্তন রোধ করি যাতে আমাদের সন্তানদের জন্য একটি উন্নত ভবিষ্যৎ গড়ে তুলতে পারি।,FAVOR,1,0.9997172,FAVOR,1,0.9852893,FAVOR,1,0.9985998,FAVOR,1,0.99453545,FAVOR,1,0.9944769,0.0033545631,0.0033963602,0,0.99453545,0.9944769,3,0.0021099916,0.0021267151,0,3,3/3 Unanimous
439,"আমি একজন ভূতত্ত্ববিদ এবং পরিবেশ বিজ্ঞানী; এবং পাথরগুলি থেকে বোঝা যায় যে জলবায়ু ক্রমাগত পরিবর্তিত হচ্ছে। তদন্ত পরিচালনা করার সময় আমি প্রাচীন গ্রন্থসমূহ পাঠ করি এবং পুনরায় ইতিহাসে জলবায়ু পরিবর্তনের প্রমাণ পাওয়া যায়। তবে, আপনি যখন বিগত ৫০ বছরের তথ্য দেখেন, তখন প্রাকৃতিক কারণের পূর্বাভাস ব্যতীত স্বাভাবিক অগ্রগতির থেকে বিচ্যুতি লক্ষ্য করেন, এবং বায়ুমণ্ডলে কার্বন ডাই অক্সাইডের বৃদ্ধি লক্ষ্য করেন। এর মধ্যে কিছু প্রকৃতির থেকে আসতে পারে; কিন্তু এই বৃদ্ধিতে মানব উপাদানও অবদান রেখেছে। মনে রাখবেন যে সি.এফ.সি কিভাবে ওজোন স্তরকে প্রভাবিত করেছিল। এবং মনে রাখবেন কিভাবে গ্যাসোলিনের ব্যবহার পরিবেশকে প্রভাবিত করেছিল। এবং ডিডিটি-কে আমরা ভুললে চলবে না।",NONE,2,0.80023813,FAVOR,1,0.9040527,AGAINST,0,0.6898443,FAVOR,1,0.39670148,FAVOR,1,0.4004044,0.27062988,0.26546103,1,0.39670148,0.4004044,1,0.3326686,0.33413458,1,1,1/3 Weak/Plurality
440,বনভূমিও হ্রাস পাচ্ছে - তারা অক্সিজেন উৎপাদন করার সময় কার্বন সঞ্চয় করে...,FAVOR,1,0.7834869,FAVOR,1,0.77936,NONE,2,0.8850858,FAVOR,1,0.5548001,FAVOR,1,0.5604051,0.03233803,0.032570533,0,0.5548001,0.5604051,2,0.41286185,0.40702435,1,2,2/3 Majority
441,"আজ আমার পৃথিবী বিজ্ঞান অধ্যাপক ব্যাখ্যা করছিলেন কিভাবে আমরা যদি জীবাশ্ম জ্বালানী থেকে মুক্তি পাই, তাহলে আমাদের বিদ্যুৎ বিল অত্যধিক বৃদ্ধি পাবে; আমি একমত যে এটি সত্য, কিন্তু আমার মনে হয় আমাদের গ্রহের ভবিষ্যৎ কিছুটা অধিক গুরুত্বপূর্ণ। দাম বৃদ্ধি, জলবায়ু পরিবর্তনের প্রভাবের তুলনায় কিছুই নয়। এটি একটি গুরুতর সমস্যা এবং খুব বেশি দেরি হওয়ার আগে আমাদের এখনই কিছু করা উচিত।",FAVOR,1,0.9965019,FAVOR,1,0.92995983,AGAINST,0,0.6403287,FAVOR,1,0.73328465,FAVOR,1,0.7389362,0.22944683,0.22438844,1,0.73328465,0.7389362,2,0.0372685,0.03667532,0,2,2/3 Majority
442,সবচেয়ে খারাপ পরিস্থিতি: কোটি কোটি মানুষ মারা যেতে পারে।,FAVOR,1,0.99805284,FAVOR,1,0.95968133,FAVOR,1,0.99799675,FAVOR,1,0.9852436,FAVOR,1,0.9850639,0.004667648,0.004729265,0,0.9852436,0.9850639,3,0.010088739,0.010206809,0,3,3/3 Unanimous
443,"এমন অনেক লোক আছে যারা মনে করে জলবায়ু পরিবর্তন (হা) একটি মজা, যা আসলে কিছুটা দুঃখজনক। আমি নিউ ইয়র্ক-এর মতো স্থানে বসবাসকালে যখন একদল বন্যা তাদের বাড়িতে আঘাত করে অথবা তাপপ্রবাহ তাদের মুখের উপর আঘাত করে, তখন তাদের মুখ দেখতে চাই। হ্যাঁ, এটি সত্য যে পৃথিবীর জলবায়ু শুরু থেকেই পরিবর্তিত এবং বিকশিত হয়ে চলেছে। কিন্তু আমাদের কারণে এটি পরিবর্তন হওয়া উচিত নয়। এবং আমাদের কারণে, শিল্পোদ্যোগের বিকাশের পর থেকে পৃথিবীর জলবায়ু এত দ্রুত পরিবর্তিত হচ্ছে যে আমরা সম্ভবত নিজেদের বিলুপ্তির দিকে চালিত করছি। আর চিন্তা করবেন না, যারা জলবায়ু পরিবর্তনকে একটি কৌতুক হিসেবে দেখেন, কারণ জলবায়ু পরিবর্তন নিয়ে ব্যবস্থা গ্রহণের জন্য অনেক দেরি হয়ে গেছে, কারণ আমাদের ঠিক পাশেই আরেকটি পৃথিবী রয়েছে।",FAVOR,1,0.99805105,FAVOR,1,0.7646611,FAVOR,1,0.9862199,FAVOR,1,0.9163106,FAVOR,1,0.91531247,0.060702816,0.061517,0,0.9163106,0.91531247,3,0.022986516,0.023170477,0,3,3/3 Unanimous
444,"জলবায়ু পরিবর্তন কী কারণে হচ্ছে তা সবাই বলে, কিন্তু কেউই এর বিরুদ্ধে কিছু করছে না। - এত সন্তান জন্ম দেওয়া বন্ধ করুন। সবুজ শক্তির উৎসগুলিতে বিনিয়োগ করুন। মাংস কম খাওয়া আরও দক্ষ গাড়ি তৈরি করুন বা পুনর্নবীকরণযোগ্য শক্তি উৎসে চলন্ত গাড়ি তৈরি করুন। পুনর্ব্যবহারযোগ্য প্লাস্টিক তৈরিতে বিনিয়োগ করুন। মহাসাগর থেকে প্লাস্টিক পরিষ্কার করার জন্য বিনিয়োগ করুন। আমরা এটা করতে পারব।",FAVOR,1,0.9985543,FAVOR,1,0.7204964,FAVOR,1,0.9847097,FAVOR,1,0.90125346,FAVOR,1,0.9000622,0.09091079,0.0920867,0,0.90125346,0.9000622,3,0.007835709,0.007851061,0,3,3/3 Unanimous
445,কৃষি দূষণ এবং জলবায়ু পরিবর্তনের জন্য অনেক সমস্যা সৃষ্টি করে।,FAVOR,1,0.9363024,FAVOR,1,0.98488796,FAVOR,1,0.98668367,FAVOR,1,0.9692914,FAVOR,1,0.96910393,0.0050742757,0.005129997,0,0.9692914,0.96910393,3,0.025634363,0.02576607,0,3,3/3 Unanimous
446,"জলবায়ু পরিবর্তন সম্পর্কে কথা বলার পরিবর্তে আপনি কি আসলেই এর বিরুদ্ধে কিছু করেন? আমি বিশ্বাস করি যে আমাদের এই গ্রহকে সংরক্ষণ এবং রক্ষা করার প্রয়োজন আছে, কিন্তু তিনি ক্রমাগত এই বিষয়ে কথা বলেন এবং জলবায়ু পরিবর্তনের সুসমাচার প্রচার করার মাধ্যমে আপনি কেবল এতদূর যেতে পারেন। কাজই শব্দের চেয়ে জোরে কথা বলে।",AGAINST,0,0.5791239,AGAINST,0,0.8457859,FAVOR,1,0.9251184,FAVOR,1,0.4863797,AGAINST,0,0.4896725,0.48386422,0.4896725,2,0.4863797,0.48079973,1,0.029756054,0.029527692,0,2,2/3 Majority
447,"সংশয়বাদীদের জন্য প্রমাণ: http://climate.nasa.gov/evidence/ yes. এটিই প্রকৃত নাসা ওয়েবসাইট। আপনি যদি মনে না করেন যে জলবায়ু পরিবর্তন বাস্তব, তাহলে আপনি নাসার কাছে সেটি নিয়ে বিতর্ক করতে পারেন। অথবা আপনি জানেন, ডিগ্রি অর্জন করুন এবং প্রমাণ করুন যে জলবায়ু পরিবর্তন লক্ষ লক্ষ বছর ধরে বিদ্যমান নেই।",FAVOR,1,0.9382968,AGAINST,0,0.9718694,FAVOR,1,0.8966496,FAVOR,1,0.61901873,FAVOR,1,0.6150608,0.35515594,0.35952446,1,0.61901873,0.6150608,2,0.025825346,0.025414687,0,2,2/3 Majority
448,"এই সমস্ত বিজ্ঞানীরা কার্বন ডাই অক্সাইড নির্গমনের বৃদ্ধির কারণে জলবায়ু পরিবর্তনে অবদান রাখছেন। যে বিষয়টি আমি কখনও লক্ষ্য করিনি, সেই বিষয়টি হলো হাতি, যেটি এই ঘরটিতে রয়েছে, এবং যে পরিমাণ গাছ কাটা হয়েছে এবং যে পরিমাণ আমাজন জঙ্গল ধ্বংস হয়েছে। এই গাছপালা এবং গাছগুলি কার্বন ডাই অক্সাইড গ্রহণ করে এবং অক্সিজেন উৎপাদন করে। গ্রহগুলির কার্বন ডাই অক্সাইডকে অক্সিজেনে রূপান্তরিত করার ক্ষমতা উল্লেখযোগ্যভাবে হ্রাস পেয়েছে।",AGAINST,0,0.9741732,FAVOR,1,0.589241,NONE,2,0.92350787,NONE,2,0.448431,NONE,2,0.4427669,0.33955026,0.3428131,1,0.21201886,0.21442002,1,0.448431,0.4427669,1,1,1/3 Weak/Plurality
449,"জলবায়ু পরিবর্তন বিদ্যমান বলে বিশ্বাস না করেন এমন মানুষের সংখ্যা দেখে দুঃখ হয়। এটি করা হোক বা না হোক, আমাদের সকলের কি এই বিষয়ে একমত হওয়া উচিত নয় যে আমাদের পরিবেশের প্রতি আরও বেশি যত্নবান হওয়া উচিত যাতে আমরা আমাদের ভবিষ্যৎ আরও টেকসই করতে পারি? অনেক মানুষ, ব্যবসা, শহর, রাজ্য এবং দেশ অবশেষে উদ্যোগ নিতে শুরু করেছে। বিল নাইসিকে মানুষ পছন্দ করুক বা না করুক, আমার কোনও আপত্তি নেই, কারণ তিনি অত্যন্ত গুরুত্বপূর্ণ বিষয়ে কথা বলছেন।",FAVOR,1,0.99951696,FAVOR,1,0.98631674,FAVOR,1,0.99805045,FAVOR,1,0.994628,FAVOR,1,0.9945782,0.0025736862,0.0026055665,0,0.994628,0.9945782,3,0.0027982814,0.0028162778,0,3,3/3 Unanimous
450,"আমি কাঁদছি। আমি কেবল আমার ভবিষ্যৎ নয়, আমার কন্যা, নাতি-নাতনি, প্রপৌত্র-প্রপৌত্রী, প্রতিটি শিশুর ভবিষ্যৎ নিয়েই ভয় পাচ্ছি! তারা পরবর্তী প্রজন্ম যারা আসবে এবং তাদের কাছে কিছুই থাকবে না। ðŸ'"" অথবা আমাদের প্রজাতি মারা যাবে এবং আর অস্তিত্ব থাকবে না।",FAVOR,1,0.8861927,FAVOR,1,0.9681349,FAVOR,1,0.92353785,FAVOR,1,0.9259551,FAVOR,1,0.92603177,0.0057879817,0.0058623157,0,0.9259551,0.92603177,3,0.06825686,0.06810583,0,3,3/3 Unanimous
451,"আমরা যতটা চাই পুনর্ব্যবহার করতে পারি, কিন্তু বড় কর্পোরেশনগুলি যদি তাদের কার্বন নিঃসরণ হ্রাস করার জন্য কাজ না করে তবে আমরা যেভাবেই হোক ধ্বংস হয়ে যাব।",FAVOR,1,0.9971994,FAVOR,1,0.9840014,FAVOR,1,0.99285114,FAVOR,1,0.99135065,FAVOR,1,0.99132454,0.0025038077,0.002533004,0,0.99135065,0.99132454,3,0.0061455574,0.00614246,0,3,3/3 Unanimous
452,"পৃথিবী মৃদুস্বরে সত্য বলে, এত মৃদু, এত স্পষ্ট, আমরা তার হৃদয়কে পুড়িয়ে ফেলেছি, এখন সে এক ফোঁটা অশ্রু ফেলছে। প্রকৃতির হাতে, একটি শিক্ষা রয়েছে- তাঁর প্রজ্ঞার জন্য আকাশের নীচে অপেক্ষা করা। এত গভীর ক্ষত আমরা নিরাময় করেছি। যেখানে নদীগুলি ঘুমায় সেখানে আমাদের ফিরে যেতে হবে। পৃথিবীর কোলে, আমাদের আত্মা একাত্ম হয়, কারণ তিনিই নিরাময়, এবং আমরা ঐশ্বরিক।",NONE,2,0.94733375,NONE,2,0.9276184,NONE,2,0.9519473,NONE,2,0.9422998,NONE,2,0.94216913,0.035482865,0.03555461,0,0.022217365,0.022276228,0,0.9422998,0.94216913,3,3,3/3 Unanimous
453,২০২৪ সাল এবং আমি বলতে পারি যে জলবায়ু পরিবর্তন ১.২ ডিগ্রি সেলসিয়াসে বৃদ্ধি পেয়েছে যা ১.৫ ডিগ্রি সেলসিয়াসের সীমার কাছাকাছি। আমরা যদি এখনই থামতে না পারি তাহলে আমাদের মানুষ এবং প্রকৃতি মারা যাবে। এই বিষয়ে সচেতনতা বৃদ্ধি করুন। এটি কোনো ভাঁওতা নয়।,FAVOR,1,0.999537,FAVOR,1,0.98617584,FAVOR,1,0.9975914,FAVOR,1,0.99443465,FAVOR,1,0.9943881,0.002717864,0.002753859,0,0.99443465,0.9943881,3,0.0028474452,0.0028581314,0,3,3/3 Unanimous
454,"ভিডিও অনুসারে ""স্বর্গের জন্য"" প্রতিবেদন! উপগ্রহ উৎক্ষেপণের জন্য পারমাণবিক শক্তি ব্যবহার করা হচ্ছে, যা পৃথিবীতে অবৈধ হবে, কিন্তু যেহেতু মহাকাশ নিয়ন্ত্রিত নয় এই কর্পোরেশনগুলি এই ছিদ্রটি ব্যবহার করছে যা ওজোন স্তরকে ক্ষতি করছে এবং জলবায়ু পরিবর্তনকে ত্বরান্বিত করছে।",FAVOR,1,0.71462107,FAVOR,1,0.9549121,FAVOR,1,0.73800814,FAVOR,1,0.8025138,FAVOR,1,0.803449,0.043823462,0.044001628,0,0.8025138,0.803449,3,0.15366274,0.15254934,0,3,3/3 Unanimous
455,এটা দেখে আমি আনন্দিত। আমি পৃথিবীর জন্য যেকোনো কিছু চেষ্টা করতে ইচ্ছুক!,NONE,2,0.55027103,FAVOR,1,0.7238452,NONE,2,0.8192048,NONE,2,0.5221254,NONE,2,0.51824826,0.0323011,0.03266266,0,0.44557348,0.44908905,1,0.5221254,0.51824826,2,2,2/3 Majority
456,"মানুষ প্রকৃতির ক্ষতি করে কারণ তারা জীবাশ্ম জ্বালানী, কবরস্থ এবং তেল, ভুলভাবে ব্যবহার করে। প্রাকৃতিক প্রকৃতির মধ্যে পাওয়া অন্য একটি বিশুদ্ধ উপাদানের সঙ্গে মিশ্রিত হওয়ার পরে জীবাশ্ম জ্বালানী প্রকৃতির ক্ষতি না করে ব্যবহার করা যেতে পারে, এটি সম্পূর্ণরূপে পরিবেশ বান্ধব। এই অজ্ঞতার কারণেই মানুষ মাটিতে উৎপাদিত ক্ষতিকারক গ্যাসগুলিকে সমাহিত করে বা জীবাশ্ম জ্বালানী থেকে মুক্তি পেতে এই পণ্যগুলি ব্যবহার করে না।",FAVOR,1,0.39581686,FAVOR,1,0.6121879,FAVOR,1,0.98918545,FAVOR,1,0.66573006,FAVOR,1,0.661852,0.11169944,0.11289306,0,0.66573006,0.661852,3,0.22257046,0.22525492,0,3,3/3 Unanimous
457,"বিশ্ব উষ্ণায়ন শ্বাসযন্ত্রের সমস্যা, তাপ-সম্পর্কিত অসুস্থতা এবং সংক্রামক রোগের বিস্তার সহ স্বাস্থ্যগত সমস্যাগুলিকে আরও বাড়িয়ে তুলতে পারে।",FAVOR,1,0.99934536,FAVOR,1,0.98539656,FAVOR,1,0.9983942,FAVOR,1,0.99437875,FAVOR,1,0.99432105,0.0032291564,0.0032728463,0,0.99437875,0.99432105,3,0.0023921346,0.0024060865,0,3,3/3 Unanimous
458,"আমরা প্রযুক্তি, শিল্প এবং যা প্রকৃতির বিরোধী, তা চাই না, এবং আমরা এমন উন্নয়নও চাই না যা অপ্রয়োজনীয় এবং যা আমাদের গ্রহকে ধ্বংস করছে।",FAVOR,1,0.9744407,FAVOR,1,0.9837505,FAVOR,1,0.5807844,FAVOR,1,0.84632516,FAVOR,1,0.8496156,0.12781411,0.12492793,0,0.84632516,0.8496156,3,0.025860699,0.02545642,0,3,3/3 Unanimous
459,"জনসংখ্যা বৃদ্ধি প্রধান কারণ: সবুজ গৃহ প্রভাব: গ্যাসগুলি হল সিও২, এইচ২০, এন২ও নাইট্রাস অক্সাইড, মিথেন, সিএফসি> আরও গ্যাস = আরও তাপ আটকায় = পৃথিবী Δθεινόν মানব ক্রিয়াকলাপ: শিল্প বিপ্লবের পর থেকে জীবাশ্ম জ্বালানী পোড়ানোর ফলে CO২ এর পরিমাণ ১/৩rd বৃদ্ধি পেয়েছে। উচ্চতর যেহেতু ১,০০,০০০ বছরেরও বেশি সময় ধরে জলবায়ু পরিবর্তনের পরিণাম: মহাসমুদ্র বরফের চাদর গলে যাওয়ার ফলে সমুদ্রপৃষ্ঠের উচ্চতা বৃদ্ধি পায়, যার ফলে উপকূলীয় অঞ্চল প্লাবিত হয়। আবহাওয়া: বড় ঝড় বড় তুষারপাতের জন্য দীর্ঘতর তুষারপাত এবং ঘন ঘন খরা সৃষ্টি করে। ৩) খাদ্য: ফসল সহজে জন্মায় না, বাসস্থান পরিবর্তিত হয়েছে, জলের সরবরাহ হ্রাস পেয়েছে। স্বাস্থ্য ধোঁয়া এবং বৃদ্ধি করে ধোঁয়াশা (ওজোন কণা থাকে) â¬†ï¸ যখন তাপমাত্রা â¬†ï¸ ধোঁয়াশার সংস্পর্শে আসা = হাঁপানি, হৃদরোগ ও ফুসফুসের ক্যান্সার সমাধান: জীবাশ্ম জ্বালানির পরিবর্তে পুনর্নবীকরণযোগ্য শক্তি (সূর্য ও বায়ু) ব্যবহার করা।",FAVOR,1,0.99110717,FAVOR,1,0.9227198,FAVOR,1,0.9710802,FAVOR,1,0.96163577,FAVOR,1,0.9614798,0.0066863927,0.006775624,0,0.96163577,0.9614798,3,0.031677872,0.031744532,0,3,3/3 Unanimous
460,"টিপ্পনীয়া!!!â¤ দূষণ ও অতিরিক্ত জনসংখ্যা = জলবায়ু পরিবর্তন প্রধান কারণ: সবুজ গৃহ প্রভাব: গ্যাসগুলি হল সিও২, এইচ২০, এন২ও, নাইট্রাস অক্সাইড, মিথেন, সিএফসি> আরও গ্যাস= আরও তাপ আটকায়= পৃথিবী Δθεινόν মানব ক্রিয়াকলাপ: শিল্প বিপ্লবের পর থেকে জীবাশ্ম জ্বালানী পোড়ানোর ফলে CO২ এর পরিমাণ ১/৩rd বৃদ্ধি পেয়েছে। উচ্চতর যেহেতু ১,০০,০০০ বছরেরও বেশি সময় ধরে জলবায়ু পরিবর্তনের পরিণাম: মহাসমুদ্র বরফের চাদর গলে যাওয়ার ফলে সমুদ্রপৃষ্ঠের উচ্চতা বৃদ্ধি পায়, যার ফলে উপকূলীয় অঞ্চল প্লাবিত হয়। আবহাওয়া: বড় ঝড়, বন্যা, ভারী তুষারপাত, দীর্ঘস্থায়ী ও ঘন ঘন খরা। ৩) খাদ্য: ফসল সহজে জন্মায় না, বাসস্থান পরিবর্তিত হয়েছে, জলের সরবরাহ কমে গেছে। স্বাস্থ্য ধোঁয়া এবং বৃদ্ধি করে দূষণ (ওজোন কণা সম্বলিত) â¬†ï¸ যখন তাপমাত্রা â¬†ï¸ ধোঁয়াশার সংস্পর্শে আসা = হাঁপানি, হৃদরোগ ও ফুসফুসের ক্যান্সার সমাধান: জীবাশ্ম জ্বালানীর পরিবর্তে পুনর্নবীকরণযোগ্য শক্তি (সূর্য ও বায়ু) ব্যবহার করা।",FAVOR,1,0.9859351,FAVOR,1,0.94903266,FAVOR,1,0.9946919,FAVOR,1,0.9765532,FAVOR,1,0.97630775,0.005963547,0.006043685,0,0.9765532,0.97630775,3,0.01748321,0.017648548,0,3,3/3 Unanimous
461,"আমি এখনই বুঝতে পেরেছি, বায়ুমণ্ডলে ১ ট্রিলিয়ন টন কার্বন ডাই অক্সাইড যোগ করলে কেবল জেট স্ট্রিমগুলি পরিবর্তন হবে না, এটি সম্ভবত আকাশের বৈদ্যুতিক ক্রিয়াকলাপকে ব্যাহত করবে, কারণ কার্বন সম্ভবত একটি খারাপ পরিবাহী, যেখানে জল এবং আর্দ্র বায়ু ভাল, তাই এটি একটি সার্কিটে ৩০% শক্তিশালী প্রতিরোধক বা ক্যাপাসিটর যোগ করার মতো, ক্যাপাসিটর, উচ্চ আকাশ, অবশেষে মুক্ত হলে একটি বড় চার্জ তৈরি করে। এইভাবে সম্ভবত আরও সহিংস আবহাওয়া।",FAVOR,1,0.94904274,FAVOR,1,0.75385493,FAVOR,1,0.8134346,FAVOR,1,0.83877736,FAVOR,1,0.8389795,0.0046992726,0.0047432403,0,0.83877736,0.8389795,3,0.1565233,0.15627725,0,3,3/3 Unanimous
462,"যখন পশু কৃষি জলবায়ু পরিবর্তনের পিছনে #১ কারণ বলে প্রমাণিত হয়েছে, তখন এটি এখানে উল্লেখ করা হয়নি কেন?",FAVOR,1,0.9979672,FAVOR,1,0.98536956,FAVOR,1,0.9812355,FAVOR,1,0.9881907,FAVOR,1,0.98826957,0.005121658,0.005113514,0,0.9881907,0.98826957,3,0.00668758,0.0066168704,0,3,3/3 Unanimous
463,"আমার মা ডি.সি-তে আমাদের পৃথিবীকে আরও ক্ষতি থেকে রক্ষা করতে বিল পেতে লবিং করেছিলেন, আমি এই ভিডিওটি খুব আকর্ষণীয় বলে মনে করি।",FAVOR,1,0.7360669,NONE,2,0.8971882,NONE,2,0.9838792,NONE,2,0.7145067,NONE,2,0.7115365,0.0019117094,0.0019289636,0,0.2835816,0.28653446,1,0.7145067,0.7115365,2,2,2/3 Majority
464,সম্প্রদায় এবং ক্ষেত্র জুড়ে জলবায়ু পরিবর্তনের তাৎপর্য এবং জরুরিতা ক্রমবর্ধমানভাবে স্বীকৃত হওয়ার সঙ্গে সঙ্গে বিশ্বব্যাপী জলবায়ু পরিবর্তনের প্রতি মনোভাব বিকশিত হচ্ছে।,FAVOR,1,0.9928889,FAVOR,1,0.818338,FAVOR,1,0.77629155,FAVOR,1,0.86250615,FAVOR,1,0.86347306,0.013927873,0.013632012,0,0.86250615,0.86347306,3,0.12356595,0.12289488,0,3,3/3 Unanimous
465,২০২৪ সাল এবং বিশ্ব জলবায়ু দ্রুত তীব্র হয়ে উঠছে। চাহিদা মেটাতে বিশ্ব কেবল অন্যান্য স্থানে চলে যায় এবং নির্মাণ করে। স্থানচ্যুতি অর্থ উপার্জনের প্রয়োজন থেকেও মুদ্রাস্ফীতি বৃদ্ধি করে। মানুষ টাকা তৈরি করে এবং টাকা পৃথিবীকে ধ্বংস করে দেয়। অর্থ ও রাজনৈতিক বিশৃঙ্খলার কারণে মানব জাতি আত্মহত্যা করছে। আমরা যে পৃথিবীতে বাস করি এবং দ্রুত পরিবর্তন ও আমাদের ভুল থেকে শেখা ছাড়া জীবন আমাদের কাছে শেষ হয়ে গেছে।,FAVOR,1,0.9972256,FAVOR,1,0.9535774,FAVOR,1,0.99804235,FAVOR,1,0.9829485,FAVOR,1,0.98273677,0.0017055338,0.0017269518,0,0.9829485,0.98273677,3,0.015345992,0.015536232,0,3,3/3 Unanimous
466,"জলবায়ু পরিবর্তন সমস্ত জীবজন্তুর ক্ষতি করে। যেহেতু এটি আমাদের মহাসাগর, জমি, খাবার, আবহাওয়া এবং স্বাস্থ্যের উপর খারাপ প্রভাব ফেলে।",FAVOR,1,0.9990088,FAVOR,1,0.98112166,FAVOR,1,0.9951911,FAVOR,1,0.99177384,FAVOR,1,0.9917213,0.005687297,0.0057346914,0,0.99177384,0.9917213,3,0.0025388824,0.0025439784,0,3,3/3 Unanimous
467,"এখানে ২০২৪ সাল, আমি দক্ষিণ ক্যালিফোর্নিয়ায় বাস করি এবং গত দুই দিনে ১২ ইঞ্চি বৃষ্টিপাত সহ লাস ইতিহাসের মধ্যে সবচেয়ে আর্দ্র ফেব্রুয়ারী অভিজ্ঞতা করেছি। হুম। মানুষ এর জন্য দায়ী কিনা, তা নির্বিশেষে আমাদের এখনই জীবাশ্ম জ্বালানি পোড়ানো বন্ধ করতে হবে।",FAVOR,1,0.9989496,FAVOR,1,0.9762464,FAVOR,1,0.9632887,FAVOR,1,0.97949487,FAVOR,1,0.97968245,0.011656217,0.011482429,0,0.97949487,0.97968245,3,0.008848951,0.008835207,0,3,3/3 Unanimous
468,এই সংকট রোধ করার জন্য আমরা আমাদের সর্বোচ্চ চেষ্টা করব।,FAVOR,1,0.7020714,FAVOR,1,0.9855376,FAVOR,1,0.99116665,FAVOR,1,0.8929252,FAVOR,1,0.8918717,0.0027413312,0.0027711873,0,0.8929252,0.8918717,3,0.10433344,0.105357125,0,3,3/3 Unanimous
469,এই সমস্যাটি সমাধান করা যেতে পারে যদি বিশ্বজুড়ে সমস্ত দেশ সহযোগিতা এবং পরিবেশগত ইতিবাচক পদক্ষেপ নেয়।,FAVOR,1,0.9985734,FAVOR,1,0.98620206,FAVOR,1,0.99563473,FAVOR,1,0.99347013,FAVOR,1,0.9934362,0.0023223513,0.0023526663,0,0.99347013,0.9934362,3,0.004207552,0.004211081,0,3,3/3 Unanimous
470,"আমি স্বীকার করছি যে জলবায়ু পরিবর্তন একটি উদ্বেগের বিষয়, কিন্তু আসুন এমন সমাধান খুঁজে বের করি যা শিল্প এবং কর্মসংস্থানকে ক্ষতিগ্রস্ত না করে।",FAVOR,1,0.9995383,FAVOR,1,0.9823599,FAVOR,1,0.99674183,FAVOR,1,0.99288005,FAVOR,1,0.9928224,0.0044068545,0.004458986,0,0.99288005,0.9928224,3,0.0027131492,0.0027186018,0,3,3/3 Unanimous
471,"জলবায়ু পরিবর্তনের তীব্রতা বরফের চাদরের বিপজ্জনক গলন দ্বারা তুলে ধরা হয়েছে, যার ফলে বিশ্বব্যাপী সমুদ্রপৃষ্ঠের উচ্চতা বৃদ্ধি পেয়েছে এবং চরম আবহাওয়ার ঘটনা বৃদ্ধি পেয়েছে।",FAVOR,1,0.99955267,FAVOR,1,0.98590314,FAVOR,1,0.998458,FAVOR,1,0.99463797,FAVOR,1,0.9945829,0.002684362,0.0027201567,0,0.99463797,0.9945829,3,0.002677696,0.002696955,0,3,3/3 Unanimous
472,জলবায়ু পরিবর্তন একটি গুরুত্বপূর্ণ সমস্যা। আমরা জীবিত থাকাকালীন তাপ কমাতে এবং আমরা ম্যাকরোনের মতো রান্না করতে শিখব।,FAVOR,1,0.9990458,FAVOR,1,0.9862895,FAVOR,1,0.9743518,FAVOR,1,0.98656243,FAVOR,1,0.98670614,0.007267918,0.007187249,0,0.98656243,0.98670614,3,0.006169714,0.0061066034,0,3,3/3 Unanimous
473,আমি আশা করি জলবায়ু পরিবর্তন কমাতে পুনর্নবীকরণযোগ্য শক্তি দ্রুত বিকাশ করা যেতে পারে।,FAVOR,1,0.9982937,FAVOR,1,0.98435915,FAVOR,1,0.98450917,FAVOR,1,0.989054,FAVOR,1,0.98910224,0.0021549435,0.0021771002,0,0.989054,0.98910224,3,0.008791077,0.00872065,0,3,3/3 Unanimous
474,আমার মনে হয় আমাদের গ্রিনহাউজ প্রভাব কমাতে হবে যা বিশ্ব উষ্ণায়নের কারণ।,FAVOR,1,0.504224,NONE,2,0.9656271,NONE,2,0.6675624,NONE,2,0.7085777,NONE,2,0.70935524,0.02953354,0.029162321,0,0.26188877,0.26148242,1,0.7085777,0.70935524,2,2,2/3 Majority
475,"সাম্প্রতিক দশকগুলিতে গ্রিনহাউস গ্যাস পরিবেশের উপর তাদের উল্লেখযোগ্য প্রভাব এবং পরবর্তীতে মানব স্বাস্থ্য, আবহাওয়ার ধরণ এবং আমাদের বিশ্বের অন্যান্য গুরুত্বপূর্ণ দিকগুলির জন্য ফলস্বরূপ একটি জরুরি উদ্বেগের বিষয় হয়ে দাঁড়িয়েছে।",FAVOR,1,0.9984119,FAVOR,1,0.98088133,AGAINST,0,0.73946077,FAVOR,1,0.7175293,FAVOR,1,0.7242523,0.24841855,0.24234666,1,0.7175293,0.7242523,2,0.034052115,0.033400998,0,2,2/3 Majority
476,"আমি জলবায়ু পরিবর্তনের কারণ এবং তীব্রতা সম্পর্কে অবগত ছিলাম, যা উপরের ভিডিওটির বিষয়বস্তু। আমি ভেবেছিলাম যে এটি আরও গুরুতর হয়ে ওঠা থেকে বিরত থাকার জন্য আমি যা করতে পারি তা করব।",FAVOR,1,0.999516,FAVOR,1,0.98559093,FAVOR,1,0.9969285,FAVOR,1,0.9940118,FAVOR,1,0.9939678,0.002921856,0.0029533943,0,0.9940118,0.9939678,3,0.0030663528,0.0030788493,0,3,3/3 Unanimous
477,আমি আশা করি মানুষ এর গুরুত্ব বুঝতে পারবে এবং বিশ্ব উষ্ণায়ন প্রশমনের চেষ্টা করবে।,FAVOR,1,0.9950901,FAVOR,1,0.97513473,FAVOR,1,0.995669,FAVOR,1,0.98863125,FAVOR,1,0.9885328,0.0015657992,0.0015820095,0,0.98863125,0.9885328,3,0.009802918,0.00988517,0,3,3/3 Unanimous
478,শিল্প বিপ্লবের পর থেকে কার্বন ডাই অক্সাইড নির্গমন ক্রমাগত বৃদ্ধি পাচ্ছে। কার্বন ডাই অক্সাইড উৎপাদনকারী শক্তির বিকল্প খুঁজে বের করতে হবে আমাদের।,FAVOR,1,0.92315966,FAVOR,1,0.8484915,FAVOR,1,0.96147317,FAVOR,1,0.91104144,FAVOR,1,0.9103749,0.004755126,0.004811694,0,0.91104144,0.9103749,3,0.084203415,0.08481339,0,3,3/3 Unanimous
479,"গুরুতর জলবায়ু পরিবর্তন রোধ করতে, আমাদের জীবাশ্ম জ্বালানীর পরিবর্তে পুনর্নবীকরণযোগ্য শক্তি উৎস ব্যবহার করার চেষ্টা করা উচিত।",FAVOR,1,0.9985299,FAVOR,1,0.98604685,FAVOR,1,0.9981748,FAVOR,1,0.9942505,FAVOR,1,0.9941948,0.0028946183,0.0029306356,0,0.9942505,0.9941948,3,0.002854868,0.0028745283,0,3,3/3 Unanimous
480,এখন আমি জলবায়ু পরিবর্তনের গুরুত্ব বুঝতে পারছি। অনেক ধন্যবাদ!,FAVOR,1,0.952845,FAVOR,1,0.9737081,FAVOR,1,0.8186844,FAVOR,1,0.9150791,FAVOR,1,0.91628355,0.003404998,0.00343648,0,0.9150791,0.91628355,3,0.081515856,0.08027991,0,3,3/3 Unanimous
481,আমি মনে করি আমাদের যত শীঘ্র সম্ভব জলবায়ু পরিবর্তনকে ধীর করতে এবং বিশ্বজুড়ে দেশগুলিকে এটি বাস্তবায়িত করতে সক্ষম হওয়ার জন্য সম্ভাব্য পদক্ষেপ গ্রহণ করা প্রয়োজন।,FAVOR,1,0.99966,FAVOR,1,0.98565334,FAVOR,1,0.998307,FAVOR,1,0.99454015,FAVOR,1,0.9944855,0.0029226942,0.0029598724,0,0.99454015,0.9944855,3,0.0025371884,0.0025546094,0,3,3/3 Unanimous
482,"ওহ না, মহাসাগরগুলি বৃদ্ধি পাচ্ছে, তাই সকলের জল শেষ হয়ে যাবে। কি",AGAINST,0,0.7013857,AGAINST,0,0.7574744,FAVOR,1,0.49613976,AGAINST,0,0.5792137,AGAINST,0,0.5829625,0.5792137,0.5829625,2,0.1915047,0.18776867,1,0.22928159,0.22926874,0,2,2/3 Majority
483,"আমি কেবল এটুকু বলতে চাই যে তিনি যা বলেন তা অত্যন্ত সত্য, এই ভিডিওটি তৈরি হওয়ার পাঁচ বছর পরেও খুব বেশি কিছু পরিবর্তন হয়নি, আমাদের পৃথিবী ধীরে ধীরে শেষ হয়ে আসছে, এবং কখনও কখনও আমাদের জীবনে সামান্য পরিবর্তনই গ্রহকে প্রভাবিত করা বন্ধ করতে যথেষ্ট। জলবায়ু পরিবর্তন বছরের পর বছর ধরে মারাত্মকভাবে পরিবর্তিত হয়েছে এবং আরও উদ্বেগজনক হয়ে উঠছে।",FAVOR,1,0.9939896,NONE,2,0.7374403,FAVOR,1,0.79873705,FAVOR,1,0.66202945,FAVOR,1,0.659881,0.08302489,0.081895955,0,0.66202945,0.659881,2,0.25494573,0.2582231,1,2,2/3 Majority
484,"সাম্প্রতিক দশকগুলিতে গ্রিনহাউস গ্যাস পরিবেশের উপর তাদের উল্লেখযোগ্য প্রভাব এবং পরবর্তী মানব স্বাস্থ্য, আবহাওয়ার ধরণ এবং আমাদের বিশ্বের অন্যান্য গুরুত্বপূর্ণ দিকগুলির জন্য ফলস্বরূপ একটি জরুরি উদ্বেগের বিষয় হয়ে দাঁড়িয়েছে। কার্বন ডাই অক্সাইড (কো২), মিথেন (সিএইচ৪), নাইট্রাস অক্সাইড (এন২ও) এবং অন্যান্য গ্যাস সহ এই গ্যাসগুলি বায়ুমণ্ডলে তাপ আটকে রেখে পৃথিবীর তাপমাত্রা নিয়ন্ত্রণে গুরুত্বপূর্ণ ভূমিকা পালন করে। যাইহোক, গ্রিনহাউস গ্যাসের অতিরিক্ত নির্গমন, প্রাথমিকভাবে জীবাশ্ম জ্বালানি পোড়ানো, বন উজাড় এবং শিল্প প্রক্রিয়াগুলির মতো মানব ক্রিয়াকলাপের কারণে, দূর-দূরান্তে প্রভাব সহ একটি ভারসাম্যহীনতার ফলস্বরূপ হয়েছে, গ্রিনহাউস গ্যাস এবং তাদের পরিণতি আমাদের স্বাস্থ্য, আবহাওয়া ব্যবস্থা এবং বাস্তুতন্ত্রের জন্য উল্লেখযোগ্য চ্যালেঞ্জ সৃষ্টি করেছে।",FAVOR,1,0.9964502,FAVOR,1,0.9850855,FAVOR,1,0.9836469,FAVOR,1,0.9883942,FAVOR,1,0.9884464,0.0032113574,0.0032239673,0,0.9883942,0.9884464,3,0.008394413,0.008329561,0,3,3/3 Unanimous
485,"আমরা জানি যে জলবায়ু পরিবর্তন একটি গুরুতর বিষয় যা বর্তমানে আমাদের সকলের জন্য ক্ষতিকারক, যদি আমরা প্লেলিস্টে গানের পরিবর্তন করতে পারি তবে আমরা উচ্চ প্রচেষ্টায় জলবায়ু পরিবর্তন পরিবর্তন করতে পারব, কিন্তু সত্যিকার অর্থে আমরা সকলেই এখন এই বিষয়টি উপলব্ধি করছি যে কেউ এই বিষয়ে উদ্বিগ্ন নয়, তাই এই বিশ্বকে এমন অবস্থায় দেখে আমার দুঃখ হয়। সিয়া",FAVOR,1,0.998877,FAVOR,1,0.9839553,FAVOR,1,0.9956435,FAVOR,1,0.99282527,FAVOR,1,0.9927819,0.0035938134,0.0036134794,0,0.99282527,0.9927819,3,0.0035809204,0.00360464,0,3,3/3 Unanimous
486,কারখানার চাষ জলবায়ু পরিবর্তনের প্রধান কারণ। এখন উদ্ভিদভোজী হওয়া আগের চেয়ে সহজ।,FAVOR,1,0.82359684,FAVOR,1,0.9858969,FAVOR,1,0.9948138,FAVOR,1,0.93476915,FAVOR,1,0.934119,0.011258383,0.011383133,0,0.93476915,0.934119,3,0.053972453,0.05449787,0,3,3/3 Unanimous
487,আমি চাই আর্কটিক এবং অ্যান্টার্কটিক অঞ্চলগুলি ২০৩৫ সালে পুনরায় হিমায়িত হয়ে পৃথিবীকে শীতল রাখতে পারে।,FAVOR,1,0.69225997,NONE,2,0.889511,NONE,2,0.8673001,NONE,2,0.6858723,NONE,2,0.68396395,0.049577266,0.049655627,0,0.2645504,0.26638043,1,0.6858723,0.68396395,2,2,2/3 Majority
488,"বাঁশকে একটি টেকসই উপাদান হিসাবে লক্ষ্য করা হয় কারণ এটি বৃদ্ধি পেতে মাত্র পাঁচ থেকে সাত বছর সময় নেয়। চীনা মসুর বাঁশ একদিনে এক মিটার পর্যন্ত লম্বা হতে পারে। সম্ভবত বাঁশের সর্বোত্তম গুণ হল যে এটি কাটা হলে তা তোলার জন্য তা কেটে ফেলতে হয় না। বাঁশ ৫ গুণ বেশি গ্রিনহাউস গ্যাস শোষণ করে এবং সমপরিমাণ গাছের তুলনায় ৩৫% বেশি অক্সিজেন উৎপাদন করে! এর একটি অত্যন্ত গুরুত্বপূর্ণ কার্বন ধারণ ক্ষমতা রয়েছে কারণ এক হেক্টর বাঁশের বাগান প্রতি বছর ৬০ টন কার্বন ধারণ করতে পারে। একটি সমীক্ষা অনুমান করেছে যে, এক হেক্টর (২. ৪৭ একর) বাঁশ এবং এর পণ্যগুলির একটি বাগান ৬০ বছরে ৩০৬ টন কার্বন সঞ্চয় করতে পারে। আমাদের hybrid প্রয়োজন।",NONE,2,0.9939856,NONE,2,0.9905861,NONE,2,0.98021346,NONE,2,0.9882617,NONE,2,0.98835933,0.0020498466,0.0020453148,0,0.0096884845,0.009595388,0,0.9882617,0.98835933,3,3,3/3 Unanimous
489,"আমাদের ভাগ্য আমাদের তাপমাত্রা নিয়ন্ত্রণের ক্ষেত্রে আমাদের গ্রহের জন্য গ্রিনহাউস প্রভাবের দ্বারা কী করে তা স্বেচ্ছায় বোঝার ক্ষমতার উপর নির্ভর করে। আমরা এর শক্তি কতটা কম বলে মনে করতে পারি না, এবং কার্বন ডাই অক্সাইড, মিথেন, নাইট্রাস অক্সাইড ইত্যাদির দ্বারা এর বর্ধিত প্রশস্ততার প্রভাবগুলি কতটা মারাত্মক হবে। আরও তথ্যের জন্য, আপনার প্রিয় অনুসন্ধান ইঞ্জিনে অনুসন্ধানের পরামিতি হিসাবে উপরেরটি কেবল কপি এবং পেস্ট করুন।",FAVOR,1,0.98876625,FAVOR,1,0.97351915,NONE,2,0.93933916,FAVOR,1,0.67332846,FAVOR,1,0.680936,0.0039339634,0.0039504534,0,0.67332846,0.680936,2,0.32273751,0.31511346,1,2,2/3 Majority
490,"জলবায়ু পরিবর্তন ইতিমধ্যেই ঘটছে কিন্তু এখনও পর্যন্ত তা গুরুতর নয়। আপনি কি আবহাওয়ার পরিবর্তন লক্ষ্য করছেন? যেমন সকালে বৃষ্টি হবে এবং বিকেলে বৃষ্টি হবে না এবং আগামী দিনে সকালে বৃষ্টি হবে না এবং বিকেলে বৃষ্টি হবে, এবং আপনি কি লক্ষ্য করেছেন যে আমাদের ঋতুগুলি বিলুপ্ত হয়ে যাচ্ছে? আমার দেশে বর্ষাকাল গরম হতে পারে এবং গ্রীষ্মকাল বৃষ্টিময় অথবা শীতল হতে পারে এবং এখানে সর্বদা শীতলতা বিদ্যমান, যেমন সর্বদা বড়দিনে। তাহলে আমরা আমাদের গ্রহ এবং নিজেদেরকে ধীরে ধীরে হত্যা করছি।",FAVOR,1,0.97848296,FAVOR,1,0.93996114,AGAINST,0,0.5194958,FAVOR,1,0.759137,FAVOR,1,0.7640656,0.19586623,0.19187964,1,0.759137,0.7640656,2,0.04499678,0.044054635,0,2,2/3 Majority
491,"জাতীয় ভূগোলকে ধন্যবাদ। আপনি আয়নাটি দেখিয়েছেন, কিন্তু প্রশ্নটি হল কর্তৃপক্ষ আয়নার মধ্য দিয়ে দেখবেন কিনা অথবা আমাদের আগামী প্রজন্মের কী অবশিষ্ট থাকবে তা না জেনেই তারা বিষয়টি উপেক্ষা করবেন কিনা? শুভকামনা। খাজা রাম।",FAVOR,1,0.99305916,NONE,2,0.647036,FAVOR,1,0.9575833,FAVOR,1,0.7662237,FAVOR,1,0.76348794,0.001974685,0.0019934524,0,0.7662237,0.76348794,2,0.23180158,0.23451854,1,2,2/3 Majority
492,"আমরা এই সমস্যাটিকে উপেক্ষা করতে পারি না, কারণ এটি ২১শ শতাব্দী জুড়ে অব্যাহত রয়েছে। আমাদের দ্রুত পদক্ষেপ নিতে হবে, আমাদের প্রকৃতি ও পরিবেশ রক্ষা করতে হবে, আমাদের কৃষি উৎপাদনশীলতা নিশ্চিত করতে হবে এবং আমাদের জীবাশ্ম জ্বালানি ব্যবহার প্রতিরোধ করতে হবে।",FAVOR,1,0.99966943,FAVOR,1,0.98576677,FAVOR,1,0.99701726,FAVOR,1,0.9941511,FAVOR,1,0.9941077,0.0032689804,0.0032925534,0,0.9941511,0.9941077,3,0.0025798657,0.0025996885,0,3,3/3 Unanimous
493,কিছু একটা করতে হবে! অত্যন্ত দুঃখিত হয়েছিল।,NONE,2,0.75806403,AGAINST,0,0.7631226,NONE,2,0.8668551,NONE,2,0.6043689,NONE,2,0.6007962,0.32108578,0.32456252,1,0.074545205,0.0746412,0,0.6043689,0.6007962,2,2,2/3 Majority
494,আমাদের বিশ্বে বৃক্ষরোপণ করতে হবে।,FAVOR,1,0.9992939,FAVOR,1,0.98521787,FAVOR,1,0.86209327,FAVOR,1,0.94886833,FAVOR,1,0.94993377,0.010645566,0.010463749,0,0.94886833,0.94993377,3,0.04048608,0.03960239,0,3,3/3 Unanimous
495,মহামারী যেমন কোভিড ইবোলা...ইত্যাদি জলবায়ু পরিবর্তনের দীর্ঘমেয়াদী প্রভাব...জলবায়ু পরিবর্তন বিশ্বের মধ্যে নতুন ভাইরাসের উৎপত্তির কারণ,FAVOR,1,0.99901676,FAVOR,1,0.9858198,FAVOR,1,0.99616134,FAVOR,1,0.993666,FAVOR,1,0.99362755,0.0026819373,0.0027149543,0,0.993666,0.99362755,3,0.003652051,0.0036574411,0,3,3/3 Unanimous
496,"আমি মনে করি না পর্যাপ্ত সংখ্যক মানুষ জানেন যে প্রাণী চাষ জীবাশ্ম জ্বালানি পোড়ানোর চেয়ে বেশি গ্রিনহাউস গ্যাস সৃষ্টি করে। মাংস শিল্পের প্রচার কতটা সফল, এটা দুঃখজনক।",AGAINST,0,0.41526315,FAVOR,1,0.8208707,AGAINST,0,0.8858605,AGAINST,0,0.4775064,AGAINST,0,0.47229233,0.4775064,0.47229233,2,0.34233496,0.34674108,1,0.18015869,0.18096656,0,2,2/3 Majority
497,"বর্তমান অনুমান হল যে, গ্রিনহাউস গ্যাসের জমা হওয়ার কারণে বিশ্ব উষ্ণায়ন ঘটে, যা সূর্যের তাপকে বায়ুমণ্ডলে একমুখী ভালভের মতো পৃথিবীতে তাপ রাখে। বিজ্ঞানীরা একমত হন যে বাতাসে একমুখী ভালভের মতো কিছু আছে। যাই হোক, এই অনুমানের ভিত্তিতে, গ্রিনহাউস গ্যাসের পরিমাণ হ্রাস পাওয়ার পরেই পৃথিবীর তাপমাত্রা হ্রাস পায়, অর্থাৎ কার্বন নিরপেক্ষতা অর্জন না হওয়া পর্যন্ত তাপমাত্রা বৃদ্ধি অব্যাহত থাকে, যা এই শতাব্দীর মাঝামাঝি সময়ে।",AGAINST,0,0.96013576,AGAINST,0,0.865873,NONE,2,0.8460638,AGAINST,0,0.65034086,AGAINST,0,0.6567861,0.65034086,0.6567861,2,0.023420535,0.023364427,0,0.32623863,0.31984946,1,2,2/3 Majority
498,"ভোগবাদ এই গ্রহকে হত্যা করবে... আমি বলছি, mark! consumerism.. আপনাদের যা কিছু আছে, তার সবই আমাদের গ্রহকে ধ্বংস করার দামে এসেছে...আপনার কাছে যে পণ্যটি আছে, সেটি আপনার পছন্দ নয়। এটি কোথা থেকে আসে ðŸ'm..কি মূল্যে..বোকা মানুষেরা।আপনার শেষ সময় শীঘ্রই আসবে।আশা করি এই গ্রহটি শীঘ্রই বন্ধ হয়ে যাবে।আমরা এই সুন্দর পৃথিবীর যোগ্য নই। শিল্পপতিরা এবং আমরা এই গ্রহের শত্রু।রক্তপিপাসু মানুষ",AGAINST,0,0.9141703,AGAINST,0,0.978088,NONE,2,0.75825036,AGAINST,0,0.6317269,AGAINST,0,0.63954264,0.6317269,0.63954264,2,0.09034287,0.08849733,0,0.2779302,0.27195996,1,2,2/3 Majority
499,"তিনি কেবল সমস্যাটির সমাধান বলেছিলেন, এটি আমার মতামত এবং আমি কীভাবে এটি বুঝতে পারি, ""সমস্যাটি ছিল সেই স্তরগুলির (মিথেন, কার্বন ইত্যাদি) ভিতরে আটকে থাকা তাপ।"" বরফ গলে যায়, তারপর... যদি আমরা এমন গ্যাস উৎপাদন করতে পারি যা আটকে থাকা তাপকে মুক্ত করার জন্য সেই গ্যাসগুলিকে হ্রাস করতে পারে, অথবা আপনার কাছ থেকে কোনও পরামর্শ... এবং তারপর শেষ সমস্যাটি এবং সম্ভবত সবচেয়ে কঠিন বিষয় হল কীভাবে অভিনয় করতে হয়। আমাদের এখনই এটি সমাধান করতে হবে নতুবা পরিস্থিতি আরও খারাপ হবে। আমার মনই একমাত্র জিনিস যা আমি অবদান রাখতে পারি।",FAVOR,1,0.98259026,NONE,2,0.98778915,NONE,2,0.96239805,NONE,2,0.65559155,NONE,2,0.6523504,0.0012869952,0.001294334,0,0.3431214,0.34635517,1,0.65559155,0.6523504,2,2,2/3 Majority
500,"আমি আনন্দিত যে জাতীয় ভূগোলের মতো সংস্থা রয়েছে যা আমাদের বিশ্বে কী ঘটছে তা না জানা সাধারণ মানুষকে শিক্ষিত করে। আমরা যে সমস্যাগুলির সম্মুখীন হচ্ছি সেগুলি সম্পর্কে যথেষ্ট আলোচনা করা হয় না এবং এই বিষয়ে মানুষের যথেষ্ট শিক্ষিত হওয়া প্রয়োজন যাতে তারা একটি বুদ্ধিদীপ্ত কথোপকথন পরিচালনা করতে পারে। আমি বলব জলবায়ু পরিবর্তন নিয়ে আলোচনা করার সময় আমাদের বিশ্বের অন্যতম বড় সমস্যা হল যে, এই বিষয়ে বুদ্ধিমান আলোচনা করার মতো যথেষ্ট জ্ঞান মানুষের নেই। আমি আরও বলব যে কিছু গোষ্ঠী দ্বারা প্রচুর ভুল তথ্য প্রচারিত হচ্ছে যার ফলে মানুষ সোশ্যাল মিডিয়ায় প্রতারিত হচ্ছে। আমি আনন্দিত যে জাতীয় ভূগোলের মতো একটি নির্ভরযোগ্য উৎস রয়েছে যা জনসাধারণকে জলবায়ু পরিবর্তন সম্পর্কে তথ্য প্রদান করে।",FAVOR,1,0.6422942,FAVOR,1,0.81226003,FAVOR,1,0.950393,FAVOR,1,0.8016491,FAVOR,1,0.79990596,0.006757276,0.0066836267,0,0.8016491,0.79990596,3,0.19159363,0.19341043,0,3,3/3 Unanimous
