ID,COMMENT,Model1_Prediction,Model1_Prediction_ID,Model1_Confidence,Model3_Prediction,Model3_Prediction_ID,Model3_Confidence,Model5_Prediction,Model5_Prediction_ID,Model5_Confidence,Final_Ensemble_Label,Final_Ensemble_Label_ID,Final_Confidence,Weighted_Ensemble_Label,Weighted_Ensemble_Label_ID,Weighted_Confidence,AGAINST_Probability,Weighted_AGAINST_Probability,AGAINST_Votes,FAVOR_Probability,Weighted_FAVOR_Probability,FAVOR_Votes,NONE_Probability,Weighted_NONE_Probability,NONE_Votes,Agreement,Agreement_Type
1,बिल नाई एक वैज्ञानिक नहीं हैं। वह एक यांत्रिक अभियंता हैं। याद रखिएगा।,AGAINST,0,0.9926944,AGAINST,0,0.5929523,AGAINST,0,0.9757725,AGAINST,0,0.8538063,AGAINST,0,0.85206926,0.8538063,0.85206926,3,0.074167415,0.075199924,0,0.07202619,0.07273084,0,3,3/3 Unanimous
2,ऑनलाइन कक्षाओं के लिए और कौन उपस्थित है?,NONE,2,0.99782264,NONE,2,0.99406993,NONE,2,0.99691224,NONE,2,0.9962683,NONE,2,0.99625814,0.0017828246,0.001787348,0,0.0019488968,0.0019544833,0,0.9962683,0.99625814,3,3,3/3 Unanimous
3,शाकाहारियों को इतना परेशान करने वाला क्यों होता है?,NONE,2,0.8933467,NONE,2,0.71687824,NONE,2,0.67424893,NONE,2,0.7614913,NONE,2,0.7624698,0.16054899,0.15966019,0,0.07795972,0.07786995,0,0.7614913,0.7624698,3,3,3/3 Unanimous
4,विवरण में बिल न्ये मर्च लिंक।,NONE,2,0.9978542,NONE,2,0.98723584,NONE,2,0.9901731,NONE,2,0.99175435,NONE,2,0.9917679,0.005251204,0.0052696927,0,0.0029944135,0.0029624235,0,0.99175435,0.9917679,3,3,3/3 Unanimous
5,"बिल के प्रति इतना घृणा क्यों है? मुझे समझ नहीं आया, कृपया बता दीजिए। कोई घृणा नहीं",AGAINST,0,0.9786397,AGAINST,0,0.85278076,AGAINST,0,0.6471502,AGAINST,0,0.82619023,AGAINST,0,0.8283334,0.82619023,0.8283334,3,0.011434239,0.011458933,0,0.16237555,0.16020773,0,3,3/3 Unanimous
6,क्या मैं साक्ष्य के स्रोत प्राप्त कर सकता हूँ? इससे अन्य छात्र शोधकर्ताओं को उनके शोध पत्रों में सहायता प्राप्त होगी।,NONE,2,0.9986754,NONE,2,0.9927826,AGAINST,0,0.81214654,NONE,2,0.72520536,NONE,2,0.73189557,0.27224442,0.26556647,1,0.0025502064,0.0025379248,0,0.72520536,0.73189557,2,2,2/3 Majority
7,यह ऑनलाइन स्कूल के गृहकार्य के लिए कौन देख रहा है?,NONE,2,0.9833892,NONE,2,0.99351305,NONE,2,0.99596524,NONE,2,0.9909558,NONE,2,0.99089956,0.0033015597,0.0033168807,0,0.00574263,0.005783502,0,0.9909558,0.99089956,3,3,3/3 Unanimous
8,मैं इस वीडियो को ५ में से ५ सितारे देता हूँ।,NONE,2,0.9984964,NONE,2,0.97359335,NONE,2,0.9967476,NONE,2,0.9896124,NONE,2,0.98950994,0.007902834,0.00798325,0,0.002484712,0.002506788,0,0.9896124,0.98950994,3,3,3/3 Unanimous
9,"हाहाहा, टिप्पणियों में और कौन छिपा हुआ है क्योंकि उनके शिक्षक ने उन्हें आज ऑनलाइन कक्षा के लिए इसे देखने के लिए कहा था।",NONE,2,0.95728993,NONE,2,0.9870178,NONE,2,0.9584697,NONE,2,0.9675925,NONE,2,0.9677223,0.019845394,0.01980271,0,0.012562151,0.012474999,0,0.9675925,0.9677223,3,3,3/3 Unanimous
10,"बिल नाई बिल नाई बिल बिल नाई शास्त्र बिल नाई जड़ता पदार्थ की एक विशेषता है। बिल, बिल, बिल, bill, bill, bill बिल नाई बिल (-सात सेकंड) बिल, बिल, बिल, bill, bill, bill, bill बिल नाई, विज्ञान के आदमी।",NONE,2,0.99712974,NONE,2,0.94912726,NONE,2,0.9950447,NONE,2,0.98043394,NONE,2,0.9802257,0.018188609,0.018381817,0,0.0013774442,0.0013924018,0,0.98043394,0.9802257,3,3,3/3 Unanimous
11,विज्ञान कक्षा के लिए इस वीडियो के दौरान मेरा मस्तिष्क: bill bill bill,NONE,2,0.99935514,NONE,2,0.9949503,NONE,2,0.99707055,NONE,2,0.9971253,NONE,2,0.9971235,0.0011123867,0.0011227998,0,0.001762332,0.001753757,0,0.9971253,0.9971235,3,3,3/3 Unanimous
12,मुझे इस बात पर आपत्ति है कि तापमान परिवर्तन को मापने के लिए फ़ारेनहाइट का उपयोग किया गया था।,AGAINST,0,0.92890507,AGAINST,0,0.95373863,NONE,2,0.72418296,AGAINST,0,0.69203043,AGAINST,0,0.6982128,0.69203043,0.6982128,2,0.029418105,0.028765004,0,0.27855152,0.2730222,1,2,2/3 Majority
13,स्कूल के कारण यहाँ और कौन है?,NONE,2,0.9027284,NONE,2,0.98665255,NONE,2,0.51119775,NONE,2,0.8001929,NONE,2,0.80381614,0.191386,0.18768577,0,0.008421052,0.008498059,0,0.8001929,0.80381614,3,3,3/3 Unanimous
14,पागल बिल कहता है कि आसमान गिर रहा है।,NONE,2,0.89382285,AGAINST,0,0.795073,AGAINST,0,0.86211735,AGAINST,0,0.58741194,AGAINST,0,0.58440745,0.58741194,0.58440745,2,0.0061333235,0.006169399,0,0.40645477,0.40942317,1,2,2/3 Majority
15,"१:३७ बजे, मेरे जैसे छात्रों को एक चीज़ खोजते हुए भी वह नहीं मिलती, तो क्या होगा?",NONE,2,0.9924561,NONE,2,0.9415786,NONE,2,0.9963154,NONE,2,0.97678334,NONE,2,0.9765127,0.0032621613,0.0033007644,0,0.019954473,0.02018656,0,0.97678334,0.9765127,3,3,3/3 Unanimous
16,"क्या वास्तव में ऐसा होगा यदि उस सब बर्फ पिघल जाए?,...",NONE,2,0.99528706,NONE,2,0.94188935,NONE,2,0.7786508,NONE,2,0.90527576,NONE,2,0.9068117,0.061743904,0.060950067,0,0.032980353,0.032238133,0,0.90527576,0.9068117,3,3,3/3 Unanimous
17,मैं यहाँ केवल इसलिए हूँ क्योंकि मेरे शिक्षक ने इस लिंक को भेजा था,NONE,2,0.9973794,NONE,2,0.99381,NONE,2,0.99888057,NONE,2,0.99669003,NONE,2,0.9966608,0.0022561883,0.0022749514,0,0.0010538254,0.0010642016,0,0.99669003,0.9966608,3,3,3/3 Unanimous
18,"जो अभी भी बिल बाय को याद रखता है, आपकी माँ एक आदमी है बिल बिल बिल",NONE,2,0.99855775,NONE,2,0.9862223,NONE,2,0.9936259,NONE,2,0.99280196,NONE,2,0.99278474,0.005279022,0.0052778884,0,0.0019189856,0.0019373557,0,0.99280196,0.99278474,3,3,3/3 Unanimous
19,"वाह, मैंने बिल को बहुत समय से नहीं देखा-",NONE,2,0.5133719,NONE,2,0.9832428,NONE,2,0.72507715,NONE,2,0.7405639,NONE,2,0.7410238,0.25425088,0.25381193,0,0.005185189,0.005164245,0,0.7405639,0.7410238,3,3,3/3 Unanimous
20,वह मेरे ६०+ वर्षीय जिम शिक्षक की तरह दिखता है।,NONE,2,0.984177,NONE,2,0.9384769,NONE,2,0.99234855,NONE,2,0.97166747,NONE,2,0.97138554,0.022492034,0.022726838,0,0.005840479,0.005887627,0,0.97166747,0.97138554,3,3,3/3 Unanimous
21,"ठीक है, लेकिन मेरा प्रश्न यह है कि बिल नाई कौन हैं, मैंने बहुत से लोगों को उनके बारे में बात करते हुए सुना है, लेकिन मैंने अभी तक उनके बारे में कुछ भी नहीं देखा है......",NONE,2,0.9521954,NONE,2,0.99354964,NONE,2,0.99808854,NONE,2,0.9812779,NONE,2,0.98109347,0.008853405,0.008943271,0,0.009868738,0.009963232,0,0.9812779,0.98109347,3,3,3/3 Unanimous
22,मुझे यह देखना होगा। और उसने इस वीडियो को फिल्माने के लिए एक उपकरण का भी उपयोग नहीं किया और उसने शायद इसे खरीदने के लिए दुकान तक गाड़ी चलाई और शायद वह विमान से बहुत सारी यात्राएं करता है।,NONE,2,0.98702896,NONE,2,0.9892434,NONE,2,0.984467,NONE,2,0.98691314,NONE,2,0.98694456,0.009017722,0.00897651,0,0.0040691844,0.0040788692,0,0.98691314,0.98694456,3,3,3/3 Unanimous
23,क्या यहाँ कोई ऑनलाइन स्कूल के लिए है?,NONE,2,0.9429189,NONE,2,0.9921933,NONE,2,0.9978331,NONE,2,0.97764844,NONE,2,0.9774269,0.0054553575,0.005500443,0,0.01689625,0.017072743,0,0.97764844,0.9774269,3,3,3/3 Unanimous
24,कोरोना वायरस यहाँ है तो और कौन है? ðŸ¦,NONE,2,0.95349395,NONE,2,0.89551127,AGAINST,0,0.94430536,NONE,2,0.633636,NONE,2,0.6407998,0.36072358,0.35353047,1,0.005640421,0.005669685,0,0.633636,0.6407998,2,2,2/3 Majority
25,गूगल क्लासरूम मुझे परेशान कर रहा है।,NONE,2,0.99819666,NONE,2,0.97204036,NONE,2,0.9839573,NONE,2,0.98473144,NONE,2,0.9847261,0.011311927,0.011288051,0,0.00395669,0.0039859246,0,0.98473144,0.9847261,3,3,3/3 Unanimous
26,कोई: हर किसी को अपने जीवन में किसी न किसी समय:  बिल  बिल नाई,NONE,2,0.9963201,NONE,2,0.9935649,NONE,2,0.9993561,NONE,2,0.9964137,NONE,2,0.9963757,0.002180616,0.002205347,0,0.0014056378,0.0014188824,0,0.9964137,0.9963757,3,3,3/3 Unanimous
27,कौन कौन से हैं जो नापसंद करते हैं? ðŸ¤¨,NONE,2,0.992029,NONE,2,0.9906702,NONE,2,0.9950177,NONE,2,0.9925723,NONE,2,0.9925412,0.0048038084,0.0048187547,0,0.0026238586,0.0026399412,0,0.9925723,0.9925412,3,3,3/3 Unanimous
28,यह बिल न्ये द साइंस गाइ का वयस्क संस्करण है।,NONE,2,0.99440867,NONE,2,0.9904607,NONE,2,0.9988231,NONE,2,0.9945641,NONE,2,0.99450916,0.002910271,0.002942418,0,0.0025254933,0.0025482902,0,0.9945641,0.99450916,3,3,3/3 Unanimous
29,worksheet के उत्तर मुझे भेजे जा सकते हैं?,NONE,2,0.9994048,NONE,2,0.9949285,NONE,2,0.999191,NONE,2,0.9978414,NONE,2,0.99782217,0.0011296003,0.0011376644,0,0.0010290657,0.0010402536,0,0.9978414,0.99782217,3,3,3/3 Unanimous
30,मुझे श्रीमान जी से प्रेम है।न्यू के वैज्ञानिक तथ्य। उन्होंने मेरा बचपन शानदार ढंग से शिक्षित किया।,NONE,2,0.88902843,NONE,2,0.6704764,NONE,2,0.52457535,NONE,2,0.6946934,NONE,2,0.6966732,0.29325444,0.29125434,0,0.012052182,0.012072448,0,0.6946934,0.6966732,3,3,3/3 Unanimous
31,"ओह हाँ बिल नाई, मैंने आपको टिकटॉक पर देखा था।",NONE,2,0.9869459,NONE,2,0.94694,NONE,2,0.9257304,NONE,2,0.9532054,NONE,2,0.95352244,0.038803216,0.038575888,0,0.00799138,0.007901647,0,0.9532054,0.95352244,3,3,3/3 Unanimous
32,बिल मैंने असामान्य मात्रा में यू.एफ.ओ. भी देखे हैं आज,NONE,2,0.9988218,NONE,2,0.832155,NONE,2,0.8586975,NONE,2,0.89655805,NONE,2,0.8969313,0.039971214,0.039905503,0,0.06347073,0.063163206,0,0.89655805,0.8969313,3,3,3/3 Unanimous
33,क्या यहाँ ऑनलाइन स्कूल के लिए कोई है?,NONE,2,0.9321517,NONE,2,0.9919551,NONE,2,0.99477416,NONE,2,0.9729603,NONE,2,0.97272456,0.00632833,0.0063557765,0,0.020711377,0.020919653,0,0.9729603,0.97272456,3,3,3/3 Unanimous
34,बिली बॉय एक क्लाउन फैक्ट्री से अस्वीकार किया गया है।,NONE,2,0.9983992,NONE,2,0.9703241,NONE,2,0.97000736,NONE,2,0.9795769,NONE,2,0.97967917,0.017568542,0.017465483,0,0.0028545393,0.0028552364,0,0.9795769,0.97967917,3,3,3/3 Unanimous
35,"मैं कोई वास्तविक वैज्ञानिक नहीं हूँ, लेकिन मैं टीवी पर एक वैज्ञानिक की भूमिका निभाता हूँ।",AGAINST,0,0.7045824,NONE,2,0.9459744,NONE,2,0.8733421,NONE,2,0.70453477,NONE,2,0.70281845,0.29241958,0.2940988,1,0.003045621,0.0030827152,0,0.70453477,0.70281845,2,2,2/3 Majority
36,आश्चर्यजनक है कि चीजें कितनी जल्दी बदल जाती हैं।,NONE,2,0.97193265,NONE,2,0.43792868,NONE,2,0.89088285,NONE,2,0.76691467,NONE,2,0.76507616,0.1158308,0.1166939,0,0.11725444,0.11822993,0,0.76691467,0.76507616,3,3,3/3 Unanimous
37,बिल न्ये एक इंजीनियर हैं और वैज्ञानिक होने का झूठ बोल रहे हैं।,AGAINST,0,0.98858774,AGAINST,0,0.95258194,AGAINST,0,0.9738434,AGAINST,0,0.97167104,AGAINST,0,0.9716236,0.97167104,0.9716236,3,0.009761973,0.009864815,0,0.018566968,0.018511562,0,3,3/3 Unanimous
38,"भगवान ने डायनासोरों को क्यों मारा? डायनासोर ने समुद्र को नहीं मारा, डायनासोर से पहले के राक्षसों ने भी नहीं।",AGAINST,0,0.8535847,AGAINST,0,0.60717034,AGAINST,0,0.98912126,AGAINST,0,0.8166254,AGAINST,0,0.81435066,0.8166254,0.81435066,3,0.003535865,0.003580495,0,0.17983867,0.1820688,0,3,3/3 Unanimous
39,भाग्यशाली इम्प वीगन और लैक्टोज असहिष्णु,NONE,2,0.83873564,NONE,2,0.9926353,NONE,2,0.9854974,NONE,2,0.9389561,NONE,2,0.9384682,0.030457914,0.030755397,0,0.03058596,0.030776383,0,0.9389561,0.9384682,3,3,3/3 Unanimous
40,मुझे बिल नाई के विज्ञान के वीडियो याद आ रहे हैं।,AGAINST,0,0.72647554,NONE,2,0.64074427,NONE,2,0.89646935,NONE,2,0.59693414,NONE,2,0.59344953,0.38102245,0.38428083,1,0.022043383,0.022269605,0,0.59693414,0.59344953,2,2,2/3 Majority
41,कोई: मिडिल स्कूलर: बिल नाई आपकी माँ एक पुरुष हैं,NONE,2,0.99591345,NONE,2,0.9945998,NONE,2,0.9987999,NONE,2,0.9964377,NONE,2,0.9964076,0.0014797406,0.0014948089,0,0.0020825395,0.0020974448,0,0.9964377,0.9964076,3,3,3/3 Unanimous
42,"यह ""बिल नाई द साइंस"" वाला आदमी है, बिल: जीओ गाइ ने दिया",AGAINST,0,0.96004266,AGAINST,0,0.79978424,NONE,2,0.94269687,AGAINST,0,0.6046941,AGAINST,0,0.61141235,0.6046941,0.61141235,2,0.003923952,0.0039389604,0,0.3913819,0.38464862,1,2,2/3 Majority
43,"मुझे इस बात की परवाह नहीं है कि बिल नाई एक बूढ़ा आदमी है, वह एक अच्छा व्यक्ति है।",NONE,2,0.66874576,AGAINST,0,0.6759457,NONE,2,0.99074805,NONE,2,0.65738463,NONE,2,0.6530571,0.33509684,0.3393626,1,0.0075185504,0.0075803027,0,0.65738463,0.6530571,2,2,2/3 Majority
44,बिल नाई को मादक पदार्थों की तस्करी और मादक पदार्थों के निर्माण के लिए गिरफ्तार किया गया था,NONE,2,0.97713405,NONE,2,0.9444577,NONE,2,0.99059546,NONE,2,0.97072905,NONE,2,0.9704646,0.021211334,0.021476146,0,0.008059632,0.008059255,0,0.97072905,0.9704646,3,3,3/3 Unanimous
45,कोई और इसे बिल नाई द साइंस गाइ नहीं कहेंगे?,AGAINST,0,0.89113677,AGAINST,0,0.6191974,NONE,2,0.9949551,AGAINST,0,0.50480944,AGAINST,0,0.5108487,0.50480944,0.5108487,2,0.0049476437,0.005003438,0,0.49024296,0.48414782,1,2,2/3 Majority
46,"ठीक है, यह वीडियो बहुत अच्छा है। लेकिन उन्हें उस वूश ध्वनि प्रभाव को बंद करना होगा।",NONE,2,0.8425018,AGAINST,0,0.485889,FAVOR,1,0.8476131,NONE,2,0.46719265,NONE,2,0.4716285,0.21732384,0.21947473,1,0.31548348,0.30889675,1,0.46719265,0.4716285,1,1,1/3 Weak/Plurality
47,वे अधिक बुद्धिमान दिखने के लिए धनुष टाई धारण करते हैं। यह तो स्पष्ट है कि बी.एस. आने वाला है।,NONE,2,0.99419445,NONE,2,0.9578661,NONE,2,0.7226535,NONE,2,0.89157134,NONE,2,0.89364034,0.07807271,0.07662326,0,0.030355928,0.029736346,0,0.89157134,0.89364034,3,3,3/3 Unanimous
48,वास्तविक प्रश्न: वह सूट क्या है!*,NONE,2,0.9883555,NONE,2,0.90221137,NONE,2,0.94626254,NONE,2,0.9456098,NONE,2,0.94555247,0.042386163,0.042470925,0,0.012004033,0.0119765345,0,0.9456098,0.94555247,3,3,3/3 Unanimous
49,"उनके पास विज्ञान से संबंधित कोई डिग्री नहीं है, केवल वाणिज्य में स्नातक की डिग्री है।",NONE,2,0.9262214,NONE,2,0.98383313,NONE,2,0.9769587,NONE,2,0.96233773,NONE,2,0.96218973,0.033456072,0.033558134,0,0.004206196,0.0042521185,0,0.96233773,0.96218973,3,3,3/3 Unanimous
50,महासागर हमें ऑक्सीजन कैसे प्रदान करते हैं?,NONE,2,0.99734145,FAVOR,1,0.5129132,NONE,2,0.8289774,NONE,2,0.7641401,NONE,2,0.7630347,0.06281296,0.06154217,0,0.1730469,0.17542318,1,0.7641401,0.7630347,2,2,2/3 Majority
51,"अगर बिल नाई का कहना है कि लाखों लिंग हैं, तो मैं इस विषय में उनके कथन पर कैसे विश्वास कर सकता हूँ?",AGAINST,0,0.99836904,NONE,2,0.9519909,NONE,2,0.89063966,NONE,2,0.61460906,NONE,2,0.611737,0.3802271,0.38313496,1,0.0051638037,0.0051279934,0,0.61460906,0.611737,2,2,2/3 Majority
52,ध्रुवीय भालुओं के बारे में क्या? क्या वे सभी मर चुके हैं?,NONE,2,0.85356987,NONE,2,0.76762354,NONE,2,0.94334894,NONE,2,0.85484743,NONE,2,0.8537035,0.08368298,0.08417602,0,0.06146954,0.062120475,0,0.85484743,0.8537035,3,3,3/3 Unanimous
53,क्या कोई मेरे लिए इस वीडियो का सारांश दे सकता है?,NONE,2,0.9697815,NONE,2,0.98060364,NONE,2,0.99018365,NONE,2,0.98018956,NONE,2,0.98007214,0.0061083734,0.0061027547,0,0.0137020545,0.013825135,0,0.98018956,0.98007214,3,3,3/3 Unanimous
54,मुझे लगता है कि उस बोल टाई में कुछ संदिग्ध लग रहा है...,NONE,2,0.9974343,NONE,2,0.9729138,NONE,2,0.9802957,NONE,2,0.9835479,NONE,2,0.98357415,0.012437402,0.012452192,0,0.004014639,0.003973615,0,0.9835479,0.98357415,3,3,3/3 Unanimous
55,मुझे नहीं पता था कि बिल बाय ने नेशनल ज्योग्राफिक में है,NONE,2,0.98059183,NONE,2,0.99003357,NONE,2,0.9951958,NONE,2,0.9886071,NONE,2,0.98853093,0.0075205523,0.0075586885,0,0.003872336,0.003910321,0,0.9886071,0.98853093,3,3,3/3 Unanimous
56,"ध्यान रखें, टिप्पणियों में बूमर हैं।",NONE,2,0.93312263,AGAINST,0,0.87115395,NONE,2,0.8461702,NONE,2,0.63339275,NONE,2,0.6302966,0.34516296,0.34840748,1,0.021444313,0.021295931,0,0.63339275,0.6302966,2,2,2/3 Majority
57,अब आप एक पूर्ण व्यर्थ व्यक्ति के रूप में देखे जाते हैं। मूर्ख झूठा। आपकी बात तो बकवास है...,AGAINST,0,0.9685845,AGAINST,0,0.9556437,AGAINST,0,0.9832759,AGAINST,0,0.969168,AGAINST,0,0.96898603,0.969168,0.96898603,3,0.011598679,0.01172371,0,0.01923328,0.019290173,0,3,3/3 Unanimous
58,क्या किसी के पास वैश्विक तापमान वृद्धि अनुसंधान के लिए अच्छे स्रोत हैं जिन पर मैं गौर कर सकता हूँ?,NONE,2,0.99793744,NONE,2,0.99220604,NONE,2,0.91383106,NONE,2,0.96799153,NONE,2,0.96865827,0.021555446,0.02108293,0,0.010453087,0.010258827,0,0.96799153,0.96865827,3,3,3/3 Unanimous
59,"बिल में कहा गया है कि मैं एक वास्तविक वैज्ञानिक नहीं हूं, लेकिन मैं टीवी पर एक वैज्ञानिक की भूमिका निभाता हूं।",NONE,2,0.5828848,NONE,2,0.98780525,NONE,2,0.98998,NONE,2,0.85355663,NONE,2,0.85210013,0.1444911,0.14594005,0,0.0019522412,0.0019598505,0,0.85355663,0.85210013,3,3,3/3 Unanimous
60,बिल नाई चाहता है कि वह एक विज्ञान प्रेमी होता।,AGAINST,0,0.9076549,NONE,2,0.9695626,AGAINST,0,0.7059404,AGAINST,0,0.5421204,AGAINST,0,0.53958267,0.5421204,0.53958267,2,0.0079613,0.008008424,0,0.44991836,0.45240888,1,2,2/3 Majority
61,मुझे यह ज्ञात नहीं था कि बिल नाई एक पारिस्थितिकीविद् या एक वैज्ञानिक हैं।??,NONE,2,0.5509478,NONE,2,0.99211955,NONE,2,0.9987993,NONE,2,0.8472889,NONE,2,0.8456664,0.14878029,0.15035741,0,0.0039307773,0.003976169,0,0.8472889,0.8456664,3,3,3/3 Unanimous
62,आपका उद्धृत स्रोत विधेयक कहाँ है?,NONE,2,0.9363067,NONE,2,0.9796016,AGAINST,0,0.6459563,NONE,2,0.7518797,NONE,2,0.75700337,0.2246881,0.21947803,1,0.023432197,0.02351863,0,0.7518797,0.75700337,2,2,2/3 Majority
63,यह आदमी वैज्ञानिक नहीं है।,AGAINST,0,0.9796866,AGAINST,0,0.9626583,AGAINST,0,0.9933988,AGAINST,0,0.97858125,AGAINST,0,0.97838813,0.97858125,0.97838813,3,0.0025156823,0.0025420499,0,0.018903015,0.019069687,0,3,3/3 Unanimous
64,"आपने डिफ्लेट गेट का समर्थन किया था, इसलिए। मैं आपके कहने पर कुछ भी विश्वास नहीं करूँगा! ðŸ˜Œ",AGAINST,0,0.9476518,AGAINST,0,0.5491139,AGAINST,0,0.5458346,AGAINST,0,0.6808668,AGAINST,0,0.68230975,0.6808668,0.68230975,3,0.017621992,0.017679088,0,0.3015112,0.3000111,0,3,3/3 Unanimous
65,"बिल नाई एक वास्तविक वैज्ञानिक नहीं हैं, यह नहीं कहते कि जानकारी गलत है, बस इतना है कि वह उतने विश्वसनीय नहीं हैं जितना आप सोचते हैं।",AGAINST,0,0.99598074,AGAINST,0,0.6637561,AGAINST,0,0.7445842,AGAINST,0,0.8014404,AGAINST,0,0.80195403,0.8014404,0.80195403,3,0.0068719164,0.0068326527,0,0.19168778,0.19121334,0,3,3/3 Unanimous
66,आपने मुझे यह बताकर जलवायु बदल दी।,NONE,2,0.9695318,NONE,2,0.56194836,NONE,2,0.9184136,NONE,2,0.81663126,NONE,2,0.81513923,0.1797431,0.18120393,0,0.0036256127,0.0036567182,0,0.81663126,0.81513923,3,3,3/3 Unanimous
67,"बिल नाई वैज्ञानिक नहीं हैं। वह एक बी.एस. कलाकार हैं, सर्वश्रेष्ठ तो नहीं। वह वास्तव में एक यांत्रिक अभियंता हैं। वैज्ञानिक होने से बहुत अलग।",AGAINST,0,0.95242125,AGAINST,0,0.7858942,NONE,2,0.72111285,AGAINST,0,0.66581756,AGAINST,0,0.6707538,0.66581756,0.6707538,2,0.032482784,0.032680325,0,0.30169958,0.29656586,1,2,2/3 Majority
68,क्या आप इस घिनौने व्यक्ति से इस्तेमाल की गई कार खरीदेंगे?,NONE,2,0.7132664,NONE,2,0.55151683,NONE,2,0.48828718,NONE,2,0.5843568,NONE,2,0.5854529,0.39526415,0.3943022,0,0.020379037,0.020244792,0,0.5843568,0.5854529,3,3,3/3 Unanimous
69,उसे एक दाढ़ी दें और ए.बी. लिंकन वापस आ गए हैं।,AGAINST,0,0.9255684,AGAINST,0,0.8226547,NONE,2,0.93582594,AGAINST,0,0.6035787,AGAINST,0,0.61021376,0.6035787,0.61021376,2,0.0043367767,0.0043752487,0,0.39208448,0.38541096,1,2,2/3 Majority
70,"बिल झूठ, खरीदा और भुगतान किया गया!....",AGAINST,0,0.93984354,AGAINST,0,0.9642906,AGAINST,0,0.97917145,AGAINST,0,0.96110183,AGAINST,0,0.9608922,0.96110183,0.9608922,3,0.0033948424,0.003425831,0,0.035503246,0.035681844,0,3,3/3 Unanimous
71,लेकिन क्या बिल ने वहाँ जाने के लिए सार्वजनिक परिवहन का उपयोग किया था?,NONE,2,0.8606479,NONE,2,0.9663679,NONE,2,0.9767289,NONE,2,0.9345816,NONE,2,0.9341205,0.0568378,0.057216328,0,0.008580609,0.008663148,0,0.9345816,0.9341205,3,3,3/3 Unanimous
72,हम तो केवल टिकटॉक बना रहे हैं।,NONE,2,0.9907828,AGAINST,0,0.55545384,NONE,2,0.79243076,NONE,2,0.7371991,NONE,2,0.73619473,0.25215194,0.25318784,1,0.010648887,0.010617417,0,0.7371991,0.73619473,2,2,2/3 Majority
73,मैं जब बड़ा हो जाऊँ तो इस बारे में एक फिल्म बनाना चाहता हूँ।,NONE,2,0.9652727,NONE,2,0.928754,NONE,2,0.9993144,NONE,2,0.964447,NONE,2,0.9639948,0.0028461646,0.0028763136,0,0.03270678,0.033128846,0,0.964447,0.9639948,3,3,3/3 Unanimous
74,काश इसमें प्रत्येक भाषा के लिए उपशीर्षक होते ताकि मैं इसे अपने अन्य देशों के मित्रों तक पहुँचा सकूँ।,NONE,2,0.99524504,NONE,2,0.99173534,NONE,2,0.9883139,NONE,2,0.9917648,NONE,2,0.99180543,0.0026639234,0.0026354517,0,0.0055712773,0.00555906,0,0.9917648,0.99180543,3,3,3/3 Unanimous
75,"जब उन्होंने कहा ""जब आप उनका उपयोग नहीं कर रहे हों तो अपने इलेक्ट्रॉनिक उपकरणों को बंद कर दें"" तो मैंने देखा कि मेरे पास एक दीपक था जो चालू था। मुझे एहसास हुआ कि मुझे इसकी आवश्यकता नहीं है और मैं पर्दे खोलकर धूप अंदर आने दे सकता हूँ।",NONE,2,0.976856,NONE,2,0.98663574,NONE,2,0.9952173,NONE,2,0.98623633,NONE,2,0.9861308,0.0052765347,0.005309506,0,0.008487154,0.008559706,0,0.98623633,0.9861308,3,3,3/3 Unanimous
76,"इससे पहले एक स्ट्रॉ वाला विज्ञापन था, मुझे स्ट्रॉ तब तक नहीं दिया जाता जब तक कि मुझे दिया न जाए। मुझे निराशा होती है।",NONE,2,0.99522096,NONE,2,0.9929213,NONE,2,0.9934778,NONE,2,0.99387336,NONE,2,0.99387693,0.0038461871,0.0038271283,0,0.0022804223,0.0022959,0,0.99387336,0.99387693,3,3,3/3 Unanimous
77,आपके सहयोग और समर्थन के लिए धन्यवाद।,NONE,2,0.9895405,NONE,2,0.69422305,NONE,2,0.9656253,NONE,2,0.8831296,NONE,2,0.88194036,0.04894647,0.049340155,0,0.067923985,0.068719506,0,0.8831296,0.88194036,3,3,3/3 Unanimous
78,"क्या हुआ है आपको, बिल? आप बिल न्ये द साइंस गाइ के बाद से क्या बदल गए हैं?",NONE,2,0.9734222,NONE,2,0.64724445,NONE,2,0.9985801,NONE,2,0.87308234,NONE,2,0.8713434,0.1205459,0.12220752,0,0.006371824,0.006449053,0,0.87308234,0.8713434,3,3,3/3 Unanimous
79,यह किस जटिल एम्फीथिएटर में सभी दर्शक देख रहे हैं? प्रतीत होता है कि इसमें कभी वामपंथी विंग का निर्माण नहीं हुआ था।,NONE,2,0.9086648,NONE,2,0.85932994,AGAINST,0,0.969355,NONE,2,0.5987346,NONE,2,0.6057647,0.39431298,0.38721883,1,0.006952416,0.0070164273,0,0.5987346,0.6057647,2,2,2/3 Majority
80,क्या हमें विभिन्न भाषाओं में उपशीर्षक मिल सकते हैं? आसान साझा करना,NONE,2,0.99673694,NONE,2,0.97552717,NONE,2,0.99686396,NONE,2,0.9897094,NONE,2,0.9896087,0.0012828103,0.0012847522,0,0.009007843,0.009106523,0,0.9897094,0.9896087,3,3,3/3 Unanimous
81,"ब्रुह, मुझे लगा कि यही वह जगह है जहाँ वह गालियाँ दे रहा है।",NONE,2,0.9740824,AGAINST,0,0.9550313,NONE,2,0.9303264,NONE,2,0.64805204,NONE,2,0.6440264,0.34349188,0.3474766,1,0.008456061,0.008496966,0,0.64805204,0.6440264,2,2,2/3 Majority
82,क्या किसी को पता है कि पियानो का पृष्ठभूमि संगीत क्या है?,NONE,2,0.9987418,NONE,2,0.99202335,NONE,2,0.99881965,NONE,2,0.9965282,NONE,2,0.9964961,0.001568671,0.0015804626,0,0.0019031079,0.0019235001,0,0.9965282,0.9964961,3,3,3/3 Unanimous
83,यदि पृथ्वी गर्म होती जा रही है तो क्या पानी अधिक वाष्पित हो रहा होगा?,NONE,2,0.72400427,NONE,2,0.81497735,AGAINST,0,0.6213721,NONE,2,0.63788706,NONE,2,0.6411952,0.3509191,0.34750813,1,0.0111938855,0.0112966355,0,0.63788706,0.6411952,2,2,2/3 Majority
84,इस वीडियो को ७ अरब व्यूज़ चाहिए!,NONE,2,0.99884343,NONE,2,0.7722566,NONE,2,0.96821254,NONE,2,0.91310424,NONE,2,0.91229296,0.060347114,0.06086648,0,0.026548686,0.026840474,0,0.91310424,0.91229296,3,3,3/3 Unanimous
85,"आसमान गिर रहा है, अधिक धन भेजें।",NONE,2,0.5850433,AGAINST,0,0.93948257,AGAINST,0,0.83447963,AGAINST,0,0.7264033,AGAINST,0,0.72537124,0.7264033,0.72537124,2,0.010812614,0.010934115,0,0.26278412,0.2636946,1,2,2/3 Majority
86,वीडियो ðŸ'ðŸ'ðŸ'ðŸ',NONE,2,0.997479,NONE,2,0.9944507,NONE,2,0.98441523,NONE,2,0.992115,NONE,2,0.9922085,0.0061045345,0.0060207616,0,0.0017804705,0.0017707145,0,0.992115,0.9922085,3,3,3/3 Unanimous
87,"ऑस्ट्रेलिया से १२,००० लोगों ने वीडियो पसंद किया।",NONE,2,0.9983267,NONE,2,0.9902082,NONE,2,0.9985844,NONE,2,0.9957064,NONE,2,0.99566615,0.0023308266,0.0023501986,0,0.0019627502,0.0019836195,0,0.9957064,0.99566615,3,3,3/3 Unanimous
88,आपको इस वीडियो पर विश्वास करने के ५ कारण हैं। बिल नाई बिल नाई बिल नाई बिल नीला,NONE,2,0.95997137,NONE,2,0.9892106,NONE,2,0.9985998,NONE,2,0.98259395,NONE,2,0.9824126,0.014071054,0.0142194275,0,0.0033350072,0.0033679558,0,0.98259395,0.9824126,3,3,3/3 Unanimous
89,"यह दुखद है क्योंकि बिल नाई, विज्ञान के आदमी, का परिचय नहीं चल सका।",FAVOR,1,0.83312976,FAVOR,1,0.6259757,AGAINST,0,0.53886265,FAVOR,1,0.500465,FAVOR,1,0.506015,0.2339974,0.23019505,1,0.500465,0.506015,2,0.2655376,0.26378983,0,2,2/3 Majority
90,"मुझे बिल नाई बहुत पसंद है। जब भी मैं उसे देखता हूँ तो मुझे अपने बचपन की याद आ जाती है, स्कूल में उसे देखते हुए। मुझे आश्चर्य होता है कि क्या आज के समय के बच्चों के पास विज्ञान और विस्मय के विषय में समान रूप से अंतर्दृष्टि प्रदान करने वाला कोई स्रोत है?",NONE,2,0.7511878,NONE,2,0.991924,NONE,2,0.9956441,NONE,2,0.9129186,NONE,2,0.9120326,0.0022620556,0.0022720315,0,0.08481929,0.0856953,0,0.9129186,0.9120326,3,3,3/3 Unanimous
91,मैं यहाँ एक मूर्ख गृहकार्य कार्य के कारण हूँ,NONE,2,0.9971782,NONE,2,0.99217963,NONE,2,0.9990752,NONE,2,0.9961443,NONE,2,0.9961052,0.002557018,0.002582854,0,0.0012986194,0.0013118959,0,0.9961443,0.9961052,3,3,3/3 Unanimous
92,किसी को इस वीडियो को ट्रंप को भेजना चाहिए।,NONE,2,0.94577277,NONE,2,0.89878815,NONE,2,0.76314825,NONE,2,0.8692364,NONE,2,0.870522,0.09374698,0.092348054,0,0.037016634,0.037129916,0,0.8692364,0.870522,3,3,3/3 Unanimous
93,ओम्फ़ग याय बिल बाय़े फ़ीसद मैं उस शो को पसंद करता हूँ बिल न्ये द साइंस गाइ बिल बिल,NONE,2,0.9997061,NONE,2,0.99469864,NONE,2,0.9994779,NONE,2,0.99796087,NONE,2,0.9979392,0.0012745672,0.0012883721,0,0.00076460885,0.0007724307,0,0.99796087,0.9979392,3,3,3/3 Unanimous
94,यह आदमी दिन भर की तरह मूर्ख है,NONE,2,0.9782939,NONE,2,0.6908642,NONE,2,0.9793767,NONE,2,0.8828449,NONE,2,0.88148654,0.10331777,0.10450394,0,0.013837318,0.014009517,0,0.8828449,0.88148654,3,3,3/3 Unanimous
95,"हाँ, मैंने कल बस में अल गोर को देखा था।",AGAINST,0,0.9644693,AGAINST,0,0.89229053,NONE,2,0.6137986,AGAINST,0,0.74708015,AGAINST,0,0.7515248,0.74708015,0.7515248,2,0.0025445432,0.0025577093,0,0.25037524,0.24591736,1,2,2/3 Majority
96,यहाँ कई तार्किक भ्रांतियाँ हैं,AGAINST,0,0.9317591,AGAINST,0,0.65643597,NONE,2,0.9029919,AGAINST,0,0.5573818,AGAINST,0,0.5630816,0.5573818,0.5630816,2,0.01600648,0.016058024,0,0.4266117,0.4208603,1,2,2/3 Majority
97,प्राकृतिक जलवायु परिवर्तन के लिए गति सीमा क्या है?,NONE,2,0.8114284,NONE,2,0.9585103,NONE,2,0.8418353,NONE,2,0.87059134,NONE,2,0.87103105,0.10586971,0.10537058,0,0.023538902,0.023598284,0,0.87059134,0.87103105,3,3,3/3 Unanimous
98,बिल नाई द साइंस गाइ बिल नाई द साइंस गाइ,NONE,2,0.89448994,NONE,2,0.993298,NONE,2,0.9981171,NONE,2,0.96196836,NONE,2,0.96157753,0.037133917,0.03751772,0,0.00089777383,0.000904768,0,0.96196836,0.96157753,3,3,3/3 Unanimous
99,इस बिल न्ये दोस्त अब्राहम लिंकन के रंगीन फोटो संस्करण की तरह दिखता है।,NONE,2,0.9985967,NONE,2,0.9793577,NONE,2,0.9605291,NONE,2,0.9794945,NONE,2,0.9797181,0.008834686,0.008787008,0,0.0116708465,0.011494879,0,0.9794945,0.9797181,3,3,3/3 Unanimous
100,दो प्रश्न: क्या आप अब्राहम लिंकन के एक पुनर्नर्तक हैं? क्या प्रागरू के लोगों ने यह वीडियो बनाया था?,NONE,2,0.99742943,NONE,2,0.9910081,NONE,2,0.9951683,NONE,2,0.99453527,NONE,2,0.99452376,0.0034878876,0.0035033012,0,0.0019767776,0.0019728611,0,0.99453527,0.99452376,3,3,3/3 Unanimous
101,हम भूल नहीं सकते कि हमारे पास कई हिमनद युग रहे हैं और पृथ्वी स्वयं ही गर्म हो गई और हम वहाँ प्रदूषण पंप करने के लिए नहीं थे हवा से इसे किया जा सकता है। दिलचस्प है कि जो लोग ग्लोबल वार्मिंग में विश्वास करते हैं मुझे यह तथ्य ज्ञात नहीं है। सूर्य का पृथ्वी पर एक अद्भुत प्रभाव पड़ता है और फिर भी वे केवल उनके पैसे छीनने वाले जलवायु परिवर्तन को देखना चाहते हैं लोगों को नियंत्रित करने की योजना अंततः यह तय करती है कि आप और मैं कितनी ऊर्जा का उपयोग करेंगे संचालकों द्वारा संचालित कारों में हमारे घरों को गर्म करने के लिए ऊष्मा का उपयोग किया जाना चाहिए। यह पैसों और नियंत्रण।,AGAINST,0,0.99248356,AGAINST,0,0.8058423,AGAINST,0,0.9860817,AGAINST,0,0.9281359,AGAINST,0,0.9273124,0.9281359,0.9273124,3,0.02255653,0.02285884,0,0.04930761,0.049828753,0,3,3/3 Unanimous
102,"मैं खुले विचारों वाला हूँ, लेकिन मुझे आँकड़े चाहिए। आपका प्रमाण कहाँ है? बर्फ विश्व स्तर पर पिघल नहीं रही है और अंटार्कटिका में अब तक के सबसे अधिक बर्फ है। अतीत में यह सभी बर्फ से मुक्त महाद्वीप था। पानी नहीं बढ़ रहा है लेकिन समुद्र से द्वीप उभर रहे हैं। तो यदि कहीं पानी पहले से अधिक हो तो यह पुनः स्थानीय समस्या होगी और पानी की समस्या नहीं है, बल्कि संभवतः द्वीप डूब रहा है। बिल नाई एक अभिनेता और जाने माने व्यक्ति हो सकते हैं लेकिन वैज्ञानिक उनसे सहमत नहीं होंगे। अम्लता के होने का कोई प्रमाण नहीं है और जलवायु पर कार्बन डाइऑक्साइड के प्रभाव का कोई प्रमाण नहीं है। इसके विपरीत तापमान में गिरावट कार्बन डाइऑक्साइड में कमी के बाद हुई, न कि इसके विपरीत।",AGAINST,0,0.9977696,AGAINST,0,0.9672122,AGAINST,0,0.9951068,AGAINST,0,0.98669624,AGAINST,0,0.98657465,0.98669624,0.98657465,3,0.0026166213,0.0026508241,0,0.010687206,0.0107745025,0,3,3/3 Unanimous
103,"मैं ग्लोबल वार्मिंग में विश्वास करता था, लेकिन २० साल बाद मैंने कभी किसी को वास्तविक संख्या का उपयोग करते हुए नहीं सुना है। डेटा सेट कहाँ है? वह केवल उदारवादी विचारधारा का समर्थन करते हैं, वास्तव में, कम मांस खाएं। लगभग २५,००० फीट की ऊँचाई पर तापमान लगभग ० डिग्री फारेनहाइट के करीब है, (आपसे लगभग ५ मील दूर), ४०,००० फीट की ऊँचाई पर यह लगभग -६० डिग्री फारेनहाइट के करीब है (आपसे लगभग ८ मील दूर)। गर्मी बढ़ती है, वहाँ ठंड होती है। समस्या का समाधान हो गया। यदि ग्लोबल वार्मिंग एक समस्या थी, तो पेरिस समझौता मदद करने के लिए कुछ नहीं करेगा। अगर चीन हमारे संसार को नष्ट कर रहा है, तो हमें इसे रोकने के लिए युद्ध करना होगा।",AGAINST,0,0.8314157,AGAINST,0,0.907771,AGAINST,0,0.98972833,AGAINST,0,0.9096384,AGAINST,0,0.90869105,0.9096384,0.90869105,3,0.03794483,0.038354542,0,0.052416828,0.052954353,0,3,3/3 Unanimous
104,पूर्ण बी.एस.! पिछले ३ दशकों में भू-इंजीनियरिंग (सौर विकिरण प्रबंधन) समस्या है।,FAVOR,1,0.99399626,NONE,2,0.46034995,FAVOR,1,0.7622101,FAVOR,1,0.72101974,FAVOR,1,0.7201749,0.048840854,0.04935802,0,0.72101974,0.7201749,2,0.23013939,0.23046708,1,2,2/3 Majority
105,"यह आदमी एक झूठा है, सरल है। उन्होंने जो कुछ भी कहा, उनमें से कोई भी सच नहीं है। वे पृथ्वी के तापमान को भी माप नहीं सकते। कितनी मूर्ख और हास्यास्पद है!",AGAINST,0,0.99650013,AGAINST,0,0.9593274,AGAINST,0,0.9906282,AGAINST,0,0.9821519,AGAINST,0,0.98202574,0.9821519,0.98202574,3,0.010214886,0.010345307,0,0.007633209,0.0076288786,0,3,3/3 Unanimous
106,कार्बन डाइऑक्साइड उत्सर्जन और वैश्विक तापमान के बीच कोई संबंध नहीं है।,AGAINST,0,0.9900393,AGAINST,0,0.9851089,AGAINST,0,0.9943212,AGAINST,0,0.98982316,AGAINST,0,0.9897647,0.98982316,0.9897647,3,0.00244639,0.0024782673,0,0.007730435,0.007757021,0,3,3/3 Unanimous
107,"हमारे ग्रह के इतिहास में उस समय जब कार्बन डाइऑक्साइड का स्तर सबसे अधिक था, तब वनस्पति जीवन सबसे अधिक फलता-फूलता था। कैटटेल १०० फुट तक लंबे हो गए, ड्रैगनफ्लाइ के दो फुट के पंख थे। जानवर डायनासोर के आकार के हो गए। यह विचार कि बढ़ा हुआ कार्बन डाइऑक्साइड दुनिया को नष्ट कर देगा, हास्यास्पद है।",FAVOR,1,0.51183933,AGAINST,0,0.88333297,AGAINST,0,0.983905,AGAINST,0,0.749248,AGAINST,0,0.746632,0.749248,0.746632,2,0.17803001,0.17992532,1,0.072721966,0.07344261,0,2,2/3 Majority
108,आप उनके द्वारा कही गई लगभग हर बात को गूगल कर सकते हैं और देख सकते हैं कि यह महासागरों के अम्लीकरण के अलावा कुछ नहीं है। वह अभी भी उस ९७% के खंडन किए गए नंबर का उपयोग कर रहा है। स्मी.,AGAINST,0,0.998408,AGAINST,0,0.9829253,AGAINST,0,0.98788995,AGAINST,0,0.9897411,AGAINST,0,0.98975515,0.9897411,0.98975515,3,0.0021929727,0.0022150811,0,0.008065921,0.008029752,0,3,3/3 Unanimous
109,"नमस्ते, मेरा नाम जेफ है, मेरे पास स्नातक उपाधि है और मैं कार्य निर्माण में कार्यरत हूँ। मेरे गाढ़े मूंछें हैं और मैं ०२ फोर्ड ट्रक चलाता हूँ। मैंने कभी अश्वेत लोगों की परवाह नहीं की और मैंने नज़रअंदाज़ होकर ट्रम्प को वोट दिया। मुझे लगता है कि जलवायु परिवर्तन एक छलावा है क्योंकि फॉक्स न्यूज ने मुझे ऐसा बताया था। इसे चूसें, गार्ड! मागा",FAVOR,1,0.5260509,AGAINST,0,0.6768223,AGAINST,0,0.5768246,AGAINST,0,0.5328939,AGAINST,0,0.53253984,0.5328939,0.53253984,2,0.24793924,0.25081024,1,0.21916687,0.21664992,0,2,2/3 Majority
110,न्यू एकदम सही है..जलवायु परिवर्तन वास्तव में एक झूठ है!,AGAINST,0,0.9899204,AGAINST,0,0.97815245,AGAINST,0,0.9821639,AGAINST,0,0.98341227,AGAINST,0,0.98342097,0.98341227,0.98342097,3,0.0067307055,0.0067116194,0,0.009857086,0.009867448,0,3,3/3 Unanimous
111,यह कितना मज़ेदार है कि समाचार मीडिया आपको कैसे मस्तिष्क-धोखा दे सकता है। यह बकवास कहने के लिए बिल नाई को भुगतान किया जा रहा है! आप स्वयं क्यों नहीं देख लेते? सभी प्रमाण आपके अंगूठे की नोक पर हैं! यह सब बकवास है। और विज्ञान इस बारे में नहीं है कि कितने लोग सहमत हैं! यह इस बात पर निर्भर है कि हम क्या साबित कर सकते हैं। =ग्लोबल वार्मिंग लोगों पर कर लगाने के लिए एक घोटाला है। यदि आप देखना चाहते हैं तो प्रमाण वहाँ उपलब्ध है। कृपया इसे देखिए और सच्चाई का पता लगाइए।,AGAINST,0,0.99947697,AGAINST,0,0.9838743,AGAINST,0,0.99708897,AGAINST,0,0.99348,AGAINST,0,0.9934265,0.99348,0.9934265,3,0.0026967358,0.0027294476,0,0.0038231863,0.0038440311,0,3,3/3 Unanimous
112,"यह कितना अहंकारी है कि मनुष्य यह सोचते हैं कि जलवायु परिवर्तन के लिए अधिक आबादी वाला पृथ्वी जिम्मेदार है। हम इस विशाल दुनिया में एक कण मात्र हैं। जलवायु परिवर्तन कार्यस्थल पर दुनिया का एक हिस्सा है। मनुष्यों का इससे कोई लेना-देना नहीं है, जैसे हम पृथ्वी की ओर बढ़ रहे उल्कापिंड के मार्ग को नहीं बदल सकते। पृथ्वी अंततः मनुष्यों को उसी तरह निगल जाएगी जैसे उसने डायनासोर को निगल लिया था। हम लगभग २० वर्षों से एक अधिक पर्यावरण अनुकूल ग्रह पर कार्य कर रहे हैं और १६ वर्षों में हमारे १.७% के रिकॉर्ड इतिहास वाले १० वर्ष हो चुके हैं। क्या? यह मुझे बताता है कि यह सच है तो हमारे पैसे बर्बाद हो रहे हैं।",AGAINST,0,0.8178086,AGAINST,0,0.9095096,AGAINST,0,0.7236282,AGAINST,0,0.8169822,AGAINST,0,0.8181894,0.8169822,0.8181894,3,0.14062645,0.13978669,0,0.042391386,0.042023852,0,3,3/3 Unanimous
113,जलवायु परिवर्तन एक झूठ है पिताजी ट्रम्प हमेशा सही हैं,AGAINST,0,0.9995815,AGAINST,0,0.9636046,AGAINST,0,0.9926318,AGAINST,0,0.98527265,AGAINST,0,0.98516107,0.98527265,0.98516107,3,0.007301387,0.0073720887,0,0.007425919,0.0074668042,0,3,3/3 Unanimous
114,"ध्यान दें कि वे जो ग्रीन हाउस गैसों का पाई चार्ट दिखाते हैं वह वायुमंडल की समग्र संरचना को नहीं दिखाता है - केवल ""वैज्ञानिकों"" द्वारा ""ग्रीन हाउस गैसों"" के रूप में समूहीकृत किया गया है।वायुमंडल की संपूर्ण संरचना में कार्बन डाइऑक्साइड केवल ०.०४% है।पाई चार्ट से ऐसा लगता है कि कार्बन डाइऑक्साइड वायुमंडल का एक बड़ा हिस्सा है, जबकि वास्तव में यह वायुमंडल का एक अत्यंत, अत्यंत, अत्यंत छोटा हिस्सा है।मुझे इस बिक्री की बात का ऑप्टिक्स बहुत पसंद आया।",AGAINST,0,0.9456772,AGAINST,0,0.9417703,NONE,2,0.69471586,AGAINST,0,0.7295282,AGAINST,0,0.7348258,0.7295282,0.7348258,2,0.0036656081,0.003662736,0,0.26680624,0.2615115,1,2,2/3 Majority
115,"यह मानना मुश्किल है कि इस साल की शुरुआत में, जलवायु परिवर्तन व्यवसाय पत्रिका ने गणना की थी कि ग्लोबल वार्मिंग उद्योग का वार्षिक व्यय १.५ ट्रिलियन डॉलर है। यह करदाता द्वारा वित्त पोषित १.५ ट्रिलियन डॉलर प्रति वर्ष है जो सैद्धांतिक रूप से २०३० तक वैश्विक तापमान वृद्धि को ०.०४८ डिग्री सेल्सियस तक कम करेगा। वह एक डिग्री सेल्सियस का २० प्रतिशत है। सरकारों और संयुक्त राष्ट्र द्वारा उन सरकारी वित्त पोषित शोधकर्ताओं और वैज्ञानिकों के नेतृत्व में उन्माद के कारण एक भयानक $१,५००,०००,०००,०००,००० का एक वर्ष बर्बाद हो गया था जो मूल रूप से बेरोजगार हैं जब यह घोटाला अंततः सामने आता है। यदि आप २००८ के दुर्घटना के बाद अमेरिकी बैंकों को बचाने के लिए ७०० अरब डॉलर खर्च करने से डर गए थे - और यूरोपीय केंद्रीय बैंक द्वारा यूरो को जीवित रखने के लिए इसी राशि को पंप किया गया था - तो आप सही होंगे। लेकिन ये कम से कम एक बार होने वाली लागतें थीं जबकि जलवायु अपव्यय वार्षिक है। धन-प्रवाह का अनुसरण करें",AGAINST,0,0.9851024,AGAINST,0,0.98168725,AGAINST,0,0.8660902,AGAINST,0,0.9442933,AGAINST,0,0.94525874,0.9442933,0.94525874,3,0.0019559867,0.0019773953,0,0.05375068,0.052763727,0,3,3/3 Unanimous
116,"वे ग्रह को टेराफॉर्म करने की कोशिश कर रहे हैं और जलवायु परिवर्तन का बहाना बना रहे हैं। पूरे सौर मंडल के जागने का कारण यह है कि यह सूर्य है, कार्बन नहीं!!! (आवश्यकता पड़ने पर नासा से पुष्टि करें)",AGAINST,0,0.999482,AGAINST,0,0.9818049,AGAINST,0,0.9951918,AGAINST,0,0.99215955,AGAINST,0,0.9921119,0.99215955,0.9921119,3,0.0034176076,0.003459738,0,0.0044227964,0.0044282726,0,3,3/3 Unanimous
117,"जलवायु परिवर्तन के सभी प्रचार के पीछे पैसा ही मुख्य प्रेरक है, वे मूल रूप से एक ऐसे उद्योग को हमारे ऊपर थोपने की कोशिश कर रहे हैं जिसकी हमें आवश्यकता नहीं है ताकि हम बहुत सारा पैसा कमा सकें, शायद एक स्वच्छ ऊर्जा उद्योग। अगर कोई ध्यान दे रहा है तो यह हमेशा पैसे के बारे में है। वे कहते हैं, ""विज्ञान कहता है, और विज्ञान राजा है!"". ना, पैसा कहता है, और पैसा ही राजा है। वे विज्ञान शब्द का उपयोग इस तरह करते हैं मानो इसका मतलब १००% निर्विवादित हो और एक बार जब आप ""विज्ञान"" शब्द कह देते हैं तो इसका मतलब चर्चा का अंत होता है। नहीं, वे केवल डेटा लेते हैं, उसे काटते हैं और आपको दिखाते हैं कि सबसे अधिक लाभदायक क्या है।",AGAINST,0,0.9995449,AGAINST,0,0.98133206,AGAINST,0,0.99548256,AGAINST,0,0.9921198,AGAINST,0,0.9920678,0.9921198,0.9920678,3,0.0019691181,0.0019922885,0,0.0059110504,0.0059398813,0,3,3/3 Unanimous
118,"इस विकृत विधेयक के साथ इस प्रचार को आगे बढ़ाने के लिए राष्ट्रीय भूगोल पर यौन संबंध बनाओ और यदि केमट्रेल बंद हो जाएँ तो वातावरण ठंडा हो सकता है, आकाश से कंबल निकालें, यह सरल है!!!!",AGAINST,0,0.9906233,AGAINST,0,0.9634681,AGAINST,0,0.98262066,AGAINST,0,0.978904,AGAINST,0,0.9788425,0.978904,0.9788425,3,0.0018655239,0.0018810084,0,0.01923051,0.01927651,0,3,3/3 Unanimous
119,"९८% जलवायु वैज्ञानिक सहमत हैं (जलवायु वैज्ञानिकों की आबादी के साथ सहमत होने वाले वैज्ञानिकों की पूरी सूची अभी तक नहीं दी है), पिछली शताब्दी में तापमान में वृद्धि हुई है (सच है, अब ग्राफ को ० b. तक ज़ूम करें)।c. जहाँ हम पूरे समय समान स्पाइक्स देखते हैं (time के साथ) बिल",NONE,2,0.5109238,AGAINST,0,0.8910874,AGAINST,0,0.9764847,AGAINST,0,0.7686949,AGAINST,0,0.76638263,0.7686949,0.76638263,2,0.022008171,0.022253003,0,0.2092969,0.21136431,1,2,2/3 Majority
120,"हक़्तियारता जलवायु परिवर्तन पर मनुष्यों का कोई प्रभाव नहीं है। जलवायु परिवर्तन एक प्राकृतिक घटना है। कोई भी इसके अस्तित्व से इनकार नहीं कर रहा है। यह बस हो जाता है, जैसे कि गुरुत्वाकर्षण, ज्वार और प्राकृतिक आपदाओं पर आपका कोई नियंत्रण नहीं है। आपके पास जलवायु परिवर्तन पर कोई नियंत्रण नहीं है। यदि आपके पास जलवायु परिवर्तन पर कोई नियंत्रण नहीं है, तो आप कैसे दावा कर सकते हैं कि इसका प्रभाव आप पर पड़ा है। विनम्र रहें। मानव गतिविधि बहुत अधिक नहीं है। आप जलवायु पर कोई अधिकार नहीं रखते, झूठ और गलत सूचनाओं का प्रसार करना बंद करें। बिल नाई, आप शर्म करो।",AGAINST,0,0.99907815,AGAINST,0,0.8007986,AGAINST,0,0.99703574,AGAINST,0,0.93230414,AGAINST,0,0.9313901,0.93230414,0.9313901,3,0.061634656,0.062495977,0,0.0060612285,0.0061139483,0,3,3/3 Unanimous
121,"शुभकामनाएँ। आप एक और अनजान व्यक्ति हैं जो ग्लोबल वार्मिंग आदि पर कई सरकारी वित्त पोषित विभागों द्वारा आपको दिए गए बी.एस. पर विश्वास करते हैं। ग्लोबल वार्मिंग एक घोटाला है जो ६० के दशक में रोजर रेवेल द्वारा शुरू किया गया था और अल गोर द्वारा उस पर कार्रवाई की गई थी। मौरिस स्ट्रॉन्ग के तहत अन ने इसमें शामिल हो गए और आई.पी.सी.सी. का गठन किया गया और वहाँ से यह छलावा बढ़ता गया। अब, वैश्विक तापमान वृद्धि संयुक्त राज्य अमेरिका में केवल ४.७ अरब डॉलर का उद्योग है। यदि कोई भी ""जलवायु परिवर्तन"" या (मानव निर्मित ग्लोबल वार्मिंग) के बारे में सच्चाई खोजने के बारे में गंभीर है, तो उन्हें इंटरनेट पर दोनों पक्षों की जानकारी को देखते हुए दर्जनों घंटे के निष्पक्ष शोध करने और इस मुद्दे पर एक सूचित निर्णय लेने के लिए तैयार रहना चाहिए। १ या २ वेबसाइटों को पढ़ने से आपको इस जटिल बहस को वास्तव में समझने के लिए आवश्यक जानकारी नहीं मिलेगी।",AGAINST,0,0.99932456,AGAINST,0,0.98458153,AGAINST,0,0.9981875,AGAINST,0,0.9940312,AGAINST,0,0.99397135,0.9940312,0.99397135,3,0.0019743221,0.0019995996,0,0.0039944984,0.00402906,0,3,3/3 Unanimous
122,"स्थिरता जलवायु परिवर्तन का खंडन करती है। कार्बन डाइऑक्साइड वनस्पति को बढ़ाता है जिससे अधिक ऑक्सीजन का उत्पादन होता है। कार्बन डाइऑक्साइड अच्छी है, बुरी नहीं।",AGAINST,0,0.91317844,AGAINST,0,0.9706659,AGAINST,0,0.9817478,AGAINST,0,0.9551974,AGAINST,0,0.9549017,0.9551974,0.9549017,3,0.023978166,0.024162585,0,0.020824414,0.02093564,0,3,3/3 Unanimous
123,फ्रीमेसन कठपुतली मैं इस बकवास में नहीं पड़ रहा हूँ। जलवायु परिवर्तन ने हमको धीरे-धीरे मार डाला है और हम खुद को और पृथ्वी को दोषी ठहराते हैं जब दोष लेने वाले गोल्फ खेल रहे हैं और हवाई में बच्चों और कुत्तों के साथ अपनी छुट्टियाँ बिता रहे हैं।,FAVOR,1,0.7355516,AGAINST,0,0.85542214,FAVOR,1,0.9617783,FAVOR,1,0.58080024,FAVOR,1,0.57569265,0.3260374,0.3302088,1,0.58080024,0.57569265,2,0.09316233,0.094098434,0,2,2/3 Majority
124,"जलवायु परिवर्तन एक स्वाभाविक रूप से घटित होने वाला चक्र है। इन ग्लोबल वार्मिंग के मूर्खों के मस्तिष्कभ्रंश में शामिल होना केवल उन भोले लोगों को बड़े प्रदूषकों (सैन्य, परमाणु, उद्योग आदि) के बारे में चिंता करने से विचलित करता है जो छोटे लोगों को छोटी समस्याओं के बारे में चिंतित करते हैं और उन्हें बड़ी समस्याओं पर ध्यान नहीं देते हैं। भेड़ों को नाक से निर्देशित किया जा सकता है। आज्ञा दीजिये! जैसा आपको बताया जाता है वैसा ही विचार करें। बुद्धिमान हस्तियों और अन्य कॉर्पोरेट धोखेबाजों को सुनो!",AGAINST,0,0.99967515,AGAINST,0,0.9852846,AGAINST,0,0.9980715,AGAINST,0,0.99434376,AGAINST,0,0.9942894,0.99434376,0.9942894,3,0.0031329112,0.0031735618,0,0.0025233657,0.0025370494,0,3,3/3 Unanimous
125,"अगर हर कोई जलवायु परिवर्तन के बारे में ""विशेषज्ञों"" को मान ले और विश्वास कर ले तो हम इस बात पर सहमत हो सकते हैं कि कारों को छोड़ना और घोड़ों पर सवारी करना अधिक समझदारी है!",FAVOR,1,0.8910067,AGAINST,0,0.9461814,FAVOR,1,0.56044054,FAVOR,1,0.49685273,FAVOR,1,0.49557954,0.44048217,0.44245887,1,0.49685273,0.49557954,2,0.062665105,0.06196152,0,2,2/3 Majority
126,जलवायु परिवर्तन का चलन इतना २००-और-बाद का है। जैसा कि बिल नाई,AGAINST,0,0.996152,AGAINST,0,0.97982866,AGAINST,0,0.8428604,AGAINST,0,0.93961364,AGAINST,0,0.9408014,0.93961364,0.9408014,3,0.0022919078,0.00229922,0,0.058094367,0.056899387,0,3,3/3 Unanimous
127,"तो बिल नाई ने कूल एड पी थी? यह सिद्ध हुआ है कि जलवायु परिवर्तन के कारण सिंधु घाटी सभ्यता का पतन हुआ था। जिससे नदियों का मार्ग बदल गया।और बड़ी नदियाँ सहायक नदियों में विभाजित हो जाती हैं। इसलिए एक बड़ी नदी के बगल में एक बड़े शहरी केंद्र के बजाय, छोटी सहायक नदियों के बगल में छोटे गाँव उभर कर सामने आए। मेरा तात्पर्य यह है कि सिंधु घाटी सभ्यता ४५०० वर्ष पूर्व अस्तित्व में आई थी, वहाँ कारखाने और १८ पहियों वाले वाहन कहाँ थे जो इस अचानक परिवर्तन का कारण बने? जलवायु परिवर्तन पृथ्वी का एक स्वाभाविक हिस्सा है, जिसे दुर्भाग्य से नटों द्वारा अमीर पर दोषारोपण करने के लिए इस्तेमाल किया जाता है।लोग। धुँध: बुरा और खतरनाक है, लेकिन कार्बन डाइऑक्साइड उत्सर्जन कुल बुरा है।s.यह तथाकथित जलवायु वैज्ञानिकों के लिए एक वेतन-पत्र है जो चुनिंदा तथ्यों का उपयोग करते हैं। पूर्णविराम",AGAINST,0,0.99257725,AGAINST,0,0.8514049,AGAINST,0,0.9348905,AGAINST,0,0.9262909,AGAINST,0,0.9261039,0.9262909,0.9261039,3,0.004802807,0.0048173214,0,0.0689063,0.06907878,0,3,3/3 Unanimous
128,"सूर्य की गतिविधि में परिवर्तन का जलवायु परिवर्तन पर कोई प्रभाव नहीं पड़ता है? हे भगवान, अगर वह सर्वश्रेष्ठ है तो हम निश्चित रूप से बर्बाद हो जाएँगे। वास्तव में मुझे लगता है कि हमें इस बकवास पर विश्वास करने के लिए पूरी तरह से नष्ट कर दिया जाना चाहिए",AGAINST,0,0.9947178,AGAINST,0,0.9851215,AGAINST,0,0.99534106,AGAINST,0,0.9917268,AGAINST,0,0.99167657,0.9917268,0.99167657,3,0.0030647747,0.0031018597,0,0.0052084443,0.0052215527,0,3,3/3 Unanimous
129,"सुनिए, हम फिर से आगे बढ़ रहे हैं, सभी लोग जलवायु परिवर्तन से डरते हैं, क्योंकि यह आपके परपोते-पोतों को थोड़ा प्रभावित कर सकता है, इसलिए कृपया प्रेम करने वाली और वफादार सरकार हमें अधिक धन दे, हमारे अर्थव्यवस्थाओं और जीवन स्तर को और खराब करे। जैसे कि लोग कितने मस्तिष्कहीन हो गए हैं, क्या आप वास्तव में मानते हैं कि १००+ वर्षों में लोग हमारे २१वीं सदी के शहरों की परवाह करेंगे? तब तक हमारे पास गुरुत्वाकर्षण रहित उड़ाने वाली शहरें या कुछ ऐसा होगा। लोग इस बारे में चिंतित होने को कैसे उचित समझते हैं, यह मुझे आश्चर्यचकित करता है। इससे कोई मदद नहीं मिलती कि हमारी सरकारें इसे बढ़ावा देती हैं और एक तरह से हमें इसकी पूजा करने के लिए प्रेरित करती हैं, वही सरकारें जो कभी भी पर्याप्त कर आय प्राप्त करने में सक्षम नहीं होती हैं और इसे व्यय करने में अत्यंत खराब हैं। आप किसी नशीली दवाओं के आदी को नशीली दवाएँ क्यों देंगे? लेकिन आप सरकार को और अधिक धन क्यों देंगे जो इसे व्यय करने में अत्यंत कुशाग्र है?",AGAINST,0,0.88158786,FAVOR,1,0.54773045,AGAINST,0,0.9726716,AGAINST,0,0.7545634,AGAINST,0,0.75159544,0.7545634,0.75159544,2,0.2213214,0.22424346,1,0.0241152,0.024161052,0,2,2/3 Majority
130,"जलवायु परिवर्तन असत्य है। यह कोई संकट नहीं है। वह अस्तित्व में नहीं है। बताइए। जलवायु परिवर्तन के कारण कितने लोग मारे गए हैं? शून्य और ""कोई भी बड़ा तूफान"" वाली बी.एस. लाइन न दें। किसी भी समाचार माध्यम पर इसकी कभी भी मृत्यु की सूचना नहीं दी गई है। जलवायु परिवर्तन के कारण। जलवायु परिवर्तन के कारण भोजन की कमी कहाँ है? जलवायु परिवर्तन के कारण जानवरों में गिरावट कहाँ है? यह सब अस्तित्वहीन है। आप लोग इससे काफ़ी डरते हैं लेकिन साम्यवाद और समाजवाद के कारण मारे गए १००,०००,००० लोग आपको बिलकुल भी डराते नहीं हैं। आपको इस बात की चिंता करनी चाहिए।",AGAINST,0,0.998892,AGAINST,0,0.98590696,AGAINST,0,0.9977343,AGAINST,0,0.99417776,AGAINST,0,0.9941263,0.99417776,0.9941263,3,0.0023072148,0.002337409,0,0.0035150752,0.0035362963,0,3,3/3 Unanimous
131,"ना जलवायु परिवर्तन एक छलावा है, जाहिर है कि कार्बन उत्सर्जन का कोई प्रभाव नहीं पड़ता है। कठोरता।",AGAINST,0,0.8933454,AGAINST,0,0.97439134,NONE,2,0.6959268,AGAINST,0,0.69905305,AGAINST,0,0.7049093,0.69905305,0.7049093,2,0.036019634,0.035536338,0,0.26492733,0.2595543,1,2,2/3 Majority
132,"यदि यह बढ़ता है।२ हर १०० साल में ५०० वर्षों में यह एक पूर्ण डिग्री तक बढ़ सकता है! हमें इस पर अभी काम करने की आवश्यकता है ताकि मेरे महान महान महान पोते-पोतियों को शॉर्ट्स नहीं पहनना पड़े! व्यंग्य। जलवायु परिवर्तन अभी गंभीर नहीं है। उपभोक्तावाद पर्यावरण के लिए बेहतर होता जा रहा है। जल्द ही हम पेट्रोल या कोयला अब इस्तेमाल नहीं करेंगे क्योंकि बैटरी अधिक कुशल हैं। प्लस, जलवायु परिवर्तन को हम कैसे रोकेंगे? क्या हम परिवहन पर प्रतिबंध लगाएँगे और पर्यावरण का अनादर करने वालों को कैद करेंगे? वैज्ञानिकों को यह साबित करने की कोशिश छोड़ देनी चाहिए कि इसका अस्तित्व है और सस्ती बैटरी विकसित करना शुरू कर देना चाहिए। वे हवा को फ़िल्टर करने वाली धुँआ प्रणाली भी विकसित कर सकते थे। या वे बच्चों द्वारा यूट्यूब पर की गई टिप्पणियों को गलत साबित करके दुनिया के लिए बेकार होने के लिए वापस जा सकते हैं। जैसा कि न्यू ने कहा, यह पूरी तरह से बकवास है।",AGAINST,0,0.9421236,FAVOR,1,0.908671,FAVOR,1,0.680878,FAVOR,1,0.54347366,FAVOR,1,0.5422692,0.37693253,0.37899968,1,0.54347366,0.5422692,2,0.07959386,0.07873111,0,2,2/3 Majority
133,"इस वार्मिंग का कारण मनुष्य हैं, इसका प्रमाण कहाँ है?",AGAINST,0,0.91641426,AGAINST,0,0.9610131,AGAINST,0,0.9948684,AGAINST,0,0.957432,AGAINST,0,0.9569942,0.957432,0.9569942,3,0.003986966,0.004030715,0,0.03858115,0.038975082,0,3,3/3 Unanimous
134,"जलवायु लगभग ४.५ अरब वर्षों से बदल रही है, और अचानक यह ""वास्तविक"", ""खतरनाक"" और ""मनुष्य निर्मित"" है? हम एक हिम युग में रहते हैं और तापमान वृद्धि ही इसका समाधान है। १८१६ में १सी.सी. शीतलन ने हजारों लोगों की जान ले ली, हजारों और लोगों को जलवायु शरणार्थी बना दिया और हमें एक गर्मियों के बिना एक वर्ष दिया। फसलों की बहुत सारी विफलताएँ। और मैरी शेली ने फ्रेंकेंस्टीन लिखा। यही कारण है कि वैश्विक शीतलन इतना भयावह था। और इसमें केवल १ सेंट ठंडा करने में खर्च हुआ। होलोसीन में १० गर्म काल आए हैं और आधुनिक गर्म काल दस में से _सबसे_ ठंडा है। दूसरा सबसे ठंडा काल मध्ययुगीन गर्म काल था और हम अभी भी ग्रीनलैंड में फसलें नहीं उगा सकते जहाँ वाइकिंग्स ने एक समय में फसलें उगाई थीं। बिल नेवी अंधेरे पक्ष की ओर चला गया - सबसे बड़े तेल रॉकफेलर्स और उनके घोटाले।",AGAINST,0,0.9983317,AGAINST,0,0.98223454,AGAINST,0,0.99572843,AGAINST,0,0.9920983,AGAINST,0,0.9920441,0.9920983,0.9920441,3,0.002075473,0.002102465,0,0.0058262697,0.00585338,0,3,3/3 Unanimous
135,जलवायु परिवर्तन वास्तविक नहीं है।ksh.... कककक,AGAINST,0,0.9985019,AGAINST,0,0.9535897,AGAINST,0,0.996438,AGAINST,0,0.9828432,AGAINST,0,0.9826493,0.9828432,0.9826493,3,0.0019704234,0.00198785,0,0.015186407,0.015362813,0,3,3/3 Unanimous
136,"बिल नाई एक गलत सूचना देने वाला विक्रेता है जिसे मोन्सैंटो और सरकार द्वारा भुगतान किया जाता है। वह बिल्कुल झूठ बोल रहा है। उनके कहने के विपरीत बहुत सारे वैज्ञानिक प्रमाण हैं। कई व्हिसलब्लोअर भी हैं। नेटफ्लिक्स पर प्रसारित होने वाला उनका नया कार्यक्रम इस वसंत में केवल गलत सूचना ही होगा। यही उनके आगामी कार्यक्रम का पूरा उद्देश्य है जहाँ वे कथित तौर पर कुछ नायक हैं। वह इसके विपरीत है। मैं रिपब्लिकन नहीं हूँ। जी हाँ, मैं ईसाई हूँ। मुझे विज्ञान, आलोचनात्मक सोच और यथासंभव वस्तुनिष्ठ होने का प्रयास करने में भी बहुत रुचि है। मैं हमेशा संदेशवाहकों के पीछे के स्रोतों को देखता हूँ और मैं एजेंडों पर शोध करता हूँ। मैंने वास्तव में इन प्रकार की चीज़ों पर शोध करने में हजारों घंटे बिताए हैं। किताबें, वृत्तचित्र, व्याख्यान, आदि।",AGAINST,0,0.9439314,NONE,2,0.9843299,NONE,2,0.9643701,NONE,2,0.6675598,NONE,2,0.664419,0.32947025,0.3326198,1,0.0029699076,0.0029611518,0,0.6675598,0.664419,2,2,2/3 Majority
137,"शुद्ध झूठ है, CO२ से गर्मी महासागरों को गर्म नहीं कर सकती क्योंकि यह ०.००६ सेमी से अधिक प्रवेश नहीं कर सकती है। सभी महासागरों का तापमान बढ़ना सतह पर एस.डब्ल्यू. प्रवाह में अच्छी तरह से प्रलेखित वृद्धि के कारण है।",AGAINST,0,0.9923288,AGAINST,0,0.98096853,AGAINST,0,0.9960846,AGAINST,0,0.98979396,AGAINST,0,0.9897097,0.98979396,0.9897097,3,0.0037707381,0.0038152211,0,0.006435367,0.0064751944,0,3,3/3 Unanimous
138,"lol... बिल नाइ मैं जानता हूँ यह आपका यूट्यूब चैनल नहीं है, लेकिन मुझे बचपन में देखे गए सूचनात्मक वीडियो पसंद आए थे, लेकिन जलवायु परिवर्तन पर आपकी टिप्पणियाँ बहुत अजीब हैं, इसलिए मैं कहना चाहती हूँ कि हर उस वामपंथी को पकड़ें जिसे आप पा सकते हैं और हर कोई बारिश का नृत्य करे, मुझे बताइए कि यह आपके लिए कितना प्रभावी है! यदि आप इसे पूरा कर सकते हैं तो मैं इस मानव निर्मित ग्लोबल वार्मिंग पर ध्यान दूंगा और वास्तव में इस बारे में बात करूंगा कि कारों के उद्योग के शुरू होने से पहले कितने वैश्विक परिवर्तन किए गए थे, इससे पहले कि कार उद्योग ने शुरुआत की, आपकी बहस को समाप्त कर सकता है, आइए हम कारों के बारे में बात करने के बजाय मौसम में बदलाव पर ध्यान दें, ह ह हा, इसका मतलब है कि मौसम पहले से ही बदल चुका है, पहले ही कारें आ चुकी हैं, देखिए एक गिलहरी! ठीक है, फिर मिलते हैं।",NONE,2,0.76674825,AGAINST,0,0.9753143,AGAINST,0,0.5920322,AGAINST,0,0.5724332,AGAINST,0,0.572662,0.5724332,0.572662,2,0.031648662,0.03190886,0,0.39591813,0.39542913,1,2,2/3 Majority
139,यह व्यक्ति एक नकली है। https://wattsupwiththat.com/climate-fail-files/gore-and-bill-nye-fail-at-doing-a-simple-co२-experiment/,NONE,2,0.84836715,AGAINST,0,0.9630202,AGAINST,0,0.8602736,AGAINST,0,0.6564403,AGAINST,0,0.654385,0.6564403,0.654385,2,0.006531406,0.0065374477,0,0.33702826,0.33907747,1,2,2/3 Majority
140,"ओह नहीं, मानव क्रियाकलापों के कारण जलवायु बदल रही है। नमस्ते, मेरे पास एक बहुत अच्छा समाधान है... ऐसे उत्पाद विकसित किए जा सकते हैं जो वास्तव में किफ़ायती हों और जीवाश्म ईंधन की तुलना में सस्ते हों और शायद.... शायद लोग उन्हें खरीदेंगे। तब तक... कार्बन कर और महंगे विनियम जो कृत्रिम रूप से ऊर्जा और सेवाओं की लागत को बढ़ाते हैं और इसके बजाय नए व्यवसायों और प्रौद्योगिकी के विकास के लिए विनियमन को कम करने और करों को कम करने पर ध्यान केंद्रित करते हैं। उसे समझ नहीं आएगा। यह भी स्थिति को बदतर बनाता है कि संघीय वित्त पोषित वैज्ञानिक एन.ओ.ए.ए. को अपनी रिपोर्ट में १९९८ से २०१३ तक संख्या को बढ़ा-चढ़ाकर पेश करते हुए पकड़े गए हैं।",AGAINST,0,0.9835571,AGAINST,0,0.5214998,AGAINST,0,0.78982663,AGAINST,0,0.7649612,AGAINST,0,0.76438963,0.7649612,0.76438963,3,0.07344215,0.07400539,0,0.16159666,0.16160487,0,3,3/3 Unanimous
141,"जलवायु परिवर्तन अटकलबाज़ी है। यह एक धर्म के समान है। ऐसी चीजें हैं जिनके बारे में हम १००% निश्चितता के साथ जानते हैं कि वे पर्यावरण को नष्ट कर रही हैं और हमें विषाक्त कर रही हैं, जैसे कि हमारे जल आपूर्ति में क्लोरीन, प्लास्टिक से अपशिष्ट और वनों की कटाई। वास्तविक पर्यावरणीय खतरों पर ध्यान क्यों नहीं दिया जाता है? simply.. क्योंकि किसी को लाभ नहीं होता!!",AGAINST,0,0.9902064,AGAINST,0,0.5273639,AGAINST,0,0.8773558,AGAINST,0,0.7983087,AGAINST,0,0.79706645,0.7983087,0.79706645,3,0.1879851,0.18946116,0,0.013706155,0.01347232,0,3,3/3 Unanimous
142,"जलवायु परिवर्तन पर अपने विचारों के बारे में खुले मन से विचार करें। जी हाँ, मानव निर्मित प्रदूषण हमारे पृथ्वी को प्रभावित कर रहा है, किंतु वास्तविकता यह है कि संपूर्ण सौर मंडल गर्म हो रहा है। यह एक तथ्य है, इसे गूगल करें। वैश्विक तापमान वृद्धि में प्रमुख मानव योगदान वास्तव में केमट्रेल्स हैं, जो हमारे वातावरण में गर्मी को फंसाते हैं और हमारी सहमति के बिना छिड़काव किया जा रहा है। यदि कांग्रेस ने समीकरण से केमट्रेल्स को हटाने के लिए अपना समय और ऊर्जा लगा दी, तो मैं आपको विश्वास दिलाता हूँ, जलवायु में भारी सुधार होगा। वास्तविकता यह है कि ट्रंप का दृष्टिकोण भी मान्य है। परिवर्तन लाने में प्रत्येक व्यक्ति को अपना योगदान देना चाहिए।",FAVOR,1,0.8213827,FAVOR,1,0.9825341,FAVOR,1,0.6673365,FAVOR,1,0.82375115,FAVOR,1,0.8257782,0.162243,0.16041489,0,0.82375115,0.8257782,3,0.014005929,0.013806914,0,3,3/3 Unanimous
143,"पहले वे इसे ग्लोबल वार्मिंग कहते थे फिर उन्होंने पाया कि तापमान नीचे की ओर जा रहा था तो फिर उन्होंने इसे जलवायु परिवर्तन (क्योंकि स्पष्ट रूप से यह पहले कभी नहीं बदला) कहा फिर वे बर्फ़ीली टोपियाँ पिघल रही हैं यह साबित करने के लिए अंटार्कटिका में अभियान दल भेजते हैं फिर उन्हें पता चला कि वास्तव में वे बहुत बढ़ गए हैं, वे उनमें फंस गए हैं फिर वे चिल्लाए और कहा, ""हम लोगों को और कैसे झूठ बोलेंगे ताकि हम बच्चों और गरीबों को मारकर जनसंख्या को कम और नियंत्रित कर सकें?""",AGAINST,0,0.9855723,NONE,2,0.58527267,AGAINST,0,0.99397635,AGAINST,0,0.79591197,AGAINST,0,0.79313195,0.79591197,0.79313195,2,0.0027617153,0.002794776,0,0.20132627,0.20407325,1,2,2/3 Majority
144,"जलवायु परिवर्तन चक्राकार होता है, आप पागल हो! आप और कैसे समझा सकते हैं कि पिघलते हुए आइसलैंडिक बर्फ के नीचे अंगूर के बाग कैसे दिखाई देते हैं?",AGAINST,0,0.46073255,AGAINST,0,0.9769548,AGAINST,0,0.9076904,AGAINST,0,0.78179264,AGAINST,0,0.7805298,0.78179264,0.7805298,3,0.12698041,0.12818159,0,0.091226995,0.091288574,0,3,3/3 Unanimous
145,"एक वास्तविक प्रश्न, कोई ट्रोल नहीं। क्या समुद्र के तापमान में ०.३ डिग्री की वृद्धि वास्तव में महत्वपूर्ण है? और १९६९ से यह धीमी वृद्धि पौधों और मछलियों को इसके अनुकूल होने दे देगी?",AGAINST,0,0.79545593,AGAINST,0,0.91451913,NONE,2,0.67024255,AGAINST,0,0.5743774,AGAINST,0,0.5813886,0.5743774,0.5813886,2,0.15324308,0.15117644,0,0.27237946,0.26743495,1,2,2/3 Majority
146,"किसी विशेष अवधि के लिए अभिषेक करना एक मानक है जिसे लागतों की परवाह किए बिना हमेशा बनाए रखा जाना चाहिए जो अवैज्ञानिक, बेतुका है और केवल दूसरों को नियंत्रित करने, सरकारी बल के माध्यम से एक मुखर अल्पसंख्यक के राज्यवादी और सामूहिक विचारों को लागू करने का एक बहाना है।",AGAINST,0,0.972439,AGAINST,0,0.6936607,NONE,2,0.70746034,AGAINST,0,0.6522415,AGAINST,0,0.65655607,0.6522415,0.65655607,2,0.032022636,0.032427162,0,0.31573582,0.3110167,1,2,2/3 Majority
147,"विज्ञान में सर्वसम्मति का कोई महत्व नहीं है, वैज्ञानिकों का मानना था कि पृथ्वी ब्रह्मांड का केंद्र है, इसलिए ९७% वैज्ञानिकों का कोई महत्व नहीं है। और बिल नाई हमें यह क्यों बता रहे हैं, वे एक योग्य जलवायु वैज्ञानिक क्यों नहीं हैं?",AGAINST,0,0.9966253,AGAINST,0,0.9114843,AGAINST,0,0.95223904,AGAINST,0,0.95344955,AGAINST,0,0.9534159,0.95344955,0.9534159,3,0.010018774,0.010109181,0,0.036531676,0.036474906,0,3,3/3 Unanimous
148,शब्द निकल गया। कार्बन अच्छा है। ग्लोबल वार्मिंग के बारे में बिल न्ये का कथन असत्य है।,AGAINST,0,0.99261355,AGAINST,0,0.95358217,NONE,2,0.5885918,AGAINST,0,0.75285524,AGAINST,0,0.7582824,0.75285524,0.7582824,2,0.042342972,0.041654598,0,0.20480181,0.20006299,1,2,2/3 Majority
149,"स्नोफ्लेक लॉजिक १०१: जब लोग मुझे 'जलवायु परिवर्तन का नकारकर्ता' कहते हैं तो मैं मुस्कुराता हूँ, क्यों? क्योंकि जलवायु हमेशा बदलती रहती है, यह कभी नहीं रुकती है। मैं इससे इनकार नहीं करता। लेकिन मैं इस विचार को अस्वीकार करता हूँ कि यह मानव निर्मित घटनाओं और कार्यों के कारण परिवर्तित होता है। लेकिन मुझे २००५ के प्राचीन दिनों की भी याद है जब जलवायु परिवर्तन को ग्लोबल वार्मिंग कहा जाता था, और अल गोर ने भविष्यवाणी की थी कि २०१५ तक न्यूयॉर्क शहर पानी में डूब जाएगा। कहीं, पृष्ठt. बारमन बहुत जोर से हंस रहा है। आपसे बात कर रहा हूँ। #climatechange #globalwarming http://www.nowtheendbegins.com/gore-effect-global-warming-protesters-colorado-met-freezing-temps-snow/",AGAINST,0,0.99689084,AGAINST,0,0.9809178,AGAINST,0,0.9937022,AGAINST,0,0.9905036,AGAINST,0,0.9904549,0.9905036,0.9904549,3,0.0026995698,0.002730167,0,0.006796889,0.0068149827,0,3,3/3 Unanimous
150,"१० में से ९ सहमत हैं कि मानव जाति ने पिछली शताब्दी में पृथ्वी के तापमान को बढ़ाया है? , मानव जाति इतने लंबे समय तक तापमान का रिकॉर्ड नहीं रखती थी......इस तथ्य से कोई फर्क नहीं पड़ता कि दस में से नौ को यह कहने के लिए १००,००० डॉलर का भुगतान किया गया था और जलवायु परिवर्तन कार्यक्रम प्रस्तुत किया गया था जिससे अरबों डॉलर और तेल कंपनियों के स्वामित्व वाले कर उत्पन्न होंगे....और कनाडा में यहाँ के उदारवादी, ..... मुझे सभी तथ्य ज्ञात नहीं हैं, किंतु जो कुछ भी आप सुनते हैं, उस पर विश्वास नहीं किया जा सकता, पृथ्वी का तापमान गिर गया है (हिमालय युग) और मानव की सहायता के बिना ही स्वयं इसे बढ़ा दिया है, अतः मैं सभी बातों पर प्रश्न उठाता हूँ, मुझे बिल से बहुत प्रेम है ...लेकिन इसके लिए उन्हें क्या भुगतान किया गया था और क्या हम वास्तव में सभी तथ्यों को जानते हैं क्योंकि हमने इतने लंबे समय से इसका ध्यान नहीं रखा है??? कोई बात नहीं, मैं बहस करने का प्रयास नहीं कर रहा हूँ, बस मेरी राय (हर किसी की अपनी राय होती है) है।",AGAINST,0,0.9974146,AGAINST,0,0.98357326,AGAINST,0,0.99625105,AGAINST,0,0.992413,AGAINST,0,0.99235755,0.992413,0.99235755,3,0.001915312,0.0019396461,0,0.005671703,0.005702755,0,3,3/3 Unanimous
151,"बिल न्ये एक वैज्ञानिक नहीं हैं, वे एक इंजीनियर हैं, जिन्हें जलवायु या मौसम के भौतिकी में कोई अनुभव नहीं है।अभी तक जलवायु और मन्न और हैनसेन के बारे में शेष का अनुमान है, जो जलवायु का १०% बनाते हैं, के बारे में केवल मानव जाति के आधे हिस्से को ही पता है।Â· एक बात है जिसे किसी भी मॉडल ने अपने मॉडलों में नहीं डाला है और वह है सूर्य का चरण जो वैश्विक तापन या शीतलन में सबसे बड़ा कारक है।कोई भी मॉडल अगले वर्ष के मौसम या जलवायु की भविष्यवाणी नहीं कर सकता है, और न ही आने वाले सौ वर्षों में और न ही ५० साल पहले तक किसी भी मॉडल ने ऐसा पूर्वानुमान लगाया है।यदि यह भविष्य की भविष्यवाणी नहीं कर सकता है कि यह अतीत की भविष्यवाणी कैसे कर सकता है।ये लोग अपने-आप को छोड़कर कुछ नहीं कर रहे हैं क्योंकि वे कुछ नहीं जानते हैं और यह साबित करना नहीं चाहते हैं।",AGAINST,0,0.95747524,NONE,2,0.600952,NONE,2,0.79285467,AGAINST,0,0.5144645,AGAINST,0,0.51807517,0.5144645,0.51807517,1,0.006994055,0.0069526294,0,0.47854146,0.47497213,2,2,2/3 Majority
152,"मुझे यह बात समझ में आ रही है कि जलवायु परिवर्तन एक सत्य हो सकता है, लेकिन मुझे इसकी परवाह नहीं है। बड़े भारी मशीनों के लिए मेरा प्यार, मानवता की महिमा बहुत अधिक है। जब भी मैं किसी जहाज़ को लौह अयस्क लदा हुआ देखता हूँ तो मुझे प्रसन्नता का अनुभव होता है। और मुझे ज्ञात है कि उसके बिना सभी उत्पादन बंद हो जाएगा। मुझे कारखानों, इस्पात कारखानों या कोयला बिजली संयंत्रों की चिमनियों से निकलने वाला धुआं पसंद है, यह मुझे पृथ्वी की सतह से कोयला निकालने के लिए उपयोग की जाने वाली विशाल मशीनों की याद दिलाता है। अब मुझे ज्ञात हुआ है कि निर्णय लेना कितना आसान है, और कई लोग मेरे ऐसा कहने पर मुझसे नाराज़ हो जाएँगे। लेकिन मुझे ऐसा लगता है।",FAVOR,1,0.98425204,NONE,2,0.80167186,NONE,2,0.55812997,FAVOR,1,0.5277621,FAVOR,1,0.52841806,0.01498334,0.015124425,0,0.5277621,0.52841806,1,0.45725456,0.4564575,2,2,2/3 Majority
153,"९७ प्रतिशत वैज्ञानिक मानते हैं। विज्ञान में एक तथ्य को साबित करने के लिए अनुमान, सिद्धांत और प्रयोग होते हैं। विश्वास वैज्ञानिक नहीं है १०० प्रतिशत का मानना था कि पृथ्वी सपाट है और मनुष्य उड़ नहीं सकता है, कुछ का मानना था कि भगवान को प्रसन्न करने के लिए मानव बलि की आवश्यकता है लोगों के विश्वास का कितना अंश सच नहीं होता है?",NONE,2,0.9964753,NONE,2,0.98972356,NONE,2,0.96239907,NONE,2,0.982866,NONE,2,0.9831153,0.015386466,0.01512356,0,0.0017475836,0.0017611377,0,0.982866,0.9831153,3,3,3/3 Unanimous
154,मैं बिल नाई को कॉन-मैन ऑफ द ईयर के लिए नामित करता हूँ। जलवायु परिवर्तन/वैश्विक तापन एक छलावा है......यह आपके कर के पैसे की चोरी करने का एक घोटाला है।,AGAINST,0,0.99958664,AGAINST,0,0.9862683,AGAINST,0,0.9978388,AGAINST,0,0.99456453,AGAINST,0,0.9945164,0.99456453,0.9945164,3,0.002244913,0.0022721004,0,0.0031905517,0.0032114757,0,3,3/3 Unanimous
155,"मान लीजिए कि जलवायु परिवर्तन वास्तविक है, पृथ्वी पर जीवन अंततः किसी भी तरह से समाप्त हो जाएगा। जब लोगों (लिब) द्वारा कहे जाने वाली सभी समस्याओं को एक बार में ही हल किया जा सकता है, तो क्या यह अच्छा है कि आपसी झगड़ों को लंबा खींचा जाए? :)",FAVOR,1,0.8964211,AGAINST,0,0.9691542,FAVOR,1,0.7874226,FAVOR,1,0.5649301,FAVOR,1,0.56167185,0.3627133,0.36715406,1,0.5649301,0.56167185,2,0.07235662,0.07117398,0,2,2/3 Majority
156,मैंने सोचा था कि जलवायु परिवर्तन चीनी (गिनेज़) द्वारा रचा गया एक छल है।,FAVOR,1,0.724266,NONE,2,0.68706906,NONE,2,0.3420199,FAVOR,1,0.44979092,FAVOR,1,0.4510781,0.12536998,0.12280601,0,0.44979092,0.4510781,1,0.42483914,0.4261159,2,2,2/3 Majority
157,"९७% वैज्ञानिक सहमत हैं?ðŸ˜‚ कृपया मुझे अभी जीवित प्रत्येक वैज्ञानिक की सूची दिखाएँ, जैसे कि कुछ पुन:पुर्निश्चितता हो कि उनमें से ९७% सहमत हैं। यह वीडियो बकवास है।",AGAINST,0,0.99112743,AGAINST,0,0.98019856,AGAINST,0,0.91772574,AGAINST,0,0.9630172,AGAINST,0,0.9635713,0.9630172,0.9635713,3,0.004892015,0.00484266,0,0.03209077,0.031586036,0,3,3/3 Unanimous
158,"बिल नाई, मूर्ख आदमी। जलवायु परिवर्तन एक मिथक है। इस विषय पर नोबेल पुरस्कार विजेताओं के साथ वीडियो देखने का प्रयास करें।",AGAINST,0,0.99537635,AGAINST,0,0.98353136,AGAINST,0,0.9898694,AGAINST,0,0.9895924,AGAINST,0,0.9895822,0.9895924,0.9895822,3,0.0062723127,0.006301715,0,0.0041353027,0.00411609,0,3,3/3 Unanimous
159,केवल मूर्ख लोग सोचते हैं कि वे मौसम बदल सकते हैं।यह आश्चर्यजनक है कि समाधान यह है कि हम अधिक भुगतान करें।,AGAINST,0,0.9736336,AGAINST,0,0.94153047,AGAINST,0,0.9796547,AGAINST,0,0.9649396,AGAINST,0,0.96473914,0.9649396,0.96473914,3,0.020253764,0.020509887,0,0.014806637,0.014750894,0,3,3/3 Unanimous
160,"यह सब बकवास है, गधा गोबर, बकवास। CO२ पृथ्वी के वायुमंडल से निकलने वाले सूर्य के प्रकाश की मात्रा को कम करता है और इसलिए अनजाने में पृथ्वी के वायुमंडल में प्रवेश करने वाले सूर्य के प्रकाश को उसी मात्रा में कम कर देता है। जी.एच.जी. का कोई शून्य प्रभाव नहीं है। सरल।",AGAINST,0,0.99798006,AGAINST,0,0.9824735,AGAINST,0,0.9870216,AGAINST,0,0.9891584,AGAINST,0,0.9891759,0.9891584,0.9891759,3,0.0036540579,0.003650382,0,0.0071875467,0.0071736416,0,3,3/3 Unanimous
161,"#१ यह कि ९७% वैज्ञानिकों के सहमत होने को पूरी तरह से गलत समझा जाता है। कि ९७% संदर्भ केवल ७० वैज्ञानिकों से सहमत हैं। #२ बर्फ की चादरें १९९८-२००१ से १२० अरब टन प्रति वर्ष बढ़ी हैं और २००३-२००८ से ८० अरब टन बढ़ी हैं। #३ ये भविष्यवाणियाँ कई बार गलत साबित हुई हैं। वैज्ञानिकों ने भविष्यवाणी की थी कि २०१३ में जलवायु परिवर्तन के कारण मनुष्य मरेंगे और जब ऐसा नहीं हुआ तो उन्होंने भविष्यवाणी की कि यह २०१६ में होगा, हम अभी भी यहाँ हैं और काफी अच्छा कर रहे हैं। #४ १९७० के दशक में होने वाली वैश्विक शीतलन के सिद्धांत के साथ क्या हुआ था? आज के वैज्ञानिकों ने उस दावे का खंडन किया। #५ अगर वैज्ञानिक यह भविष्यवाणी नहीं कर सकते कि आज से ३ दिन बाद मौसम और तापमान क्या होगा, तो वे अब से दशकों या सदियों बाद क्या होगा इसकी भविष्यवाणी कैसे कर सकते हैं? प्रकृति की भविष्यवाणी करना अनुचित है।",AGAINST,0,0.9977004,AGAINST,0,0.98202443,AGAINST,0,0.9937509,AGAINST,0,0.99115855,AGAINST,0,0.99111754,0.99115855,0.99111754,3,0.0024149192,0.0024456596,0,0.006426487,0.006436769,0,3,3/3 Unanimous
162,"इतना अधिक कार्बन कि एक का कारण बना।समुद्र के तापमान में ३ डिग्री की वृद्धि। अहा! हम सब मर ही जाएँगे! कार्बन डाइऑक्साइड खलनायक है। सभी कार्बन को रोक दे....wait...क्या पेड़ों और पौधों को भोजन के लिए कार्बन डाइऑक्साइड की आवश्यकता नहीं होती? बहुत बढ़िया। कुत्तों को भूखा रखना। वैसे, ९७% आँकड़ा धोखाधड़ी वाला बताया गया था। उन महान विद्यालय के उम्मीदवारों को डिग्री के लिए कुछ भी कर गुजरना पड़ेगा......",AGAINST,0,0.9951853,AGAINST,0,0.5273925,AGAINST,0,0.8645036,AGAINST,0,0.7956938,AGAINST,0,0.79457545,0.7956938,0.79457545,3,0.015411109,0.01551697,0,0.18889506,0.1899076,0,3,3/3 Unanimous
163,"जलवायु परिवर्तन के एजेंडे के बारे में मेरी एकमात्र समस्या यह है कि इसे स्पष्ट रूप से मौद्रिक रूप दिया गया है क्योंकि यह राजनीतिक हो गया है। अकेले अमेरिका में जलवायु परिवर्तन के खिलाफ लड़ाई में अरबों डॉलर डाले गए हैं। जब राजनीति विज्ञान में शामिल हो जाती है, तो प्रगति रुक जाती है और झूठ और एजेंडा सामने आ जाते हैं। मैं बहस करने में इतना अच्छा नहीं हूँ (मैं तथ्यों को कॉपी और पेस्ट करने के लिए बहुत आलसी हूँ, यद्यपि मैं उन्हें लगातार पढ़ता रहता हूँ), लेकिन मुझे पूरा विश्वास है कि जलवायु परिवर्तन के अस्तित्व की तुलना में किसी को भी कर्मचारियों को नियुक्त करने के अधिकार के अस्तित्व पर बहस करनी चाहिए, विशेष रूप से एक ऐसी शक्ति के रूप में जो अगले १०० वर्षों में दुनिया को बदलने के बजाय एक मिलियन के मुकाबले दुनिया को बदल सकती है।",NONE,2,0.6249978,AGAINST,0,0.9789313,AGAINST,0,0.97131705,AGAINST,0,0.722151,AGAINST,0,0.7195039,0.722151,0.7195039,2,0.055475265,0.05606257,0,0.2223738,0.22443353,1,2,2/3 Majority
164,"जलवायु परिवर्तन... यह भी एक और फ्रिग्गिन घोटाला है जैसे चाँद पर उतरना। और विकास। और यह कि पृथ्वी गोल है। और घास हरी है, और आसमान नीला है।",AGAINST,0,0.9976368,AGAINST,0,0.98266023,AGAINST,0,0.9962352,AGAINST,0,0.9921774,AGAINST,0,0.9921186,0.9921774,0.9921186,3,0.002162888,0.0021767132,0,0.0056596384,0.005704566,0,3,3/3 Unanimous
165,"डब्ल्यू.टी.एफ. अधिक स्थानीय सब्जियाँ खाने का जलवायु परिवर्तन से क्या संबंध है? ""९७% जलवायु वैज्ञानिक सहमत"" का आँकड़ा बनाया गया है, मैं किसी को भी इस बात का समर्थन करने वाला डेटा दिखाने के लिए चुनौती देता हूँ।",AGAINST,0,0.98024404,AGAINST,0,0.9486152,AGAINST,0,0.8345957,AGAINST,0,0.92115164,AGAINST,0,0.9222044,0.92115164,0.9222044,3,0.034393195,0.033828635,0,0.044455126,0.04396691,0,3,3/3 Unanimous
166,"मैं इस बात पर जोर देता हूँ कि हमें इन मूर्खतापूर्ण बातचीत में शामिल होने की आवश्यकता है क्योंकि जलवायु के बारे में जानकार और गुमराह करने वाले लोग आपके अपने काम पर ध्यान नहीं दे सकते हैं और हम पर कर, कठिनाइयाँ और अभिमानी श्रेष्ठता थोपने का प्रयास कर रहे हैं। यहाँ वे प्रथम सिद्धांत हैं जिनका उल्लंघन जलवायु के बारे में जानकार लोग करते हैं: सत्ता बुरी है, राजनीति के निम्नलिखित स्वर्णिम नियम के कारण: ""स्वतंत्रता"" संपत्ति अधिकारों के लिए एक काव्यात्मक शब्द है। इसलिए केवल दो प्रकार के कानून हैं: जो संपत्ति अधिकारों की रक्षा करते हैं, - और जो संपत्ति अधिकारों पर हमला करते हैं। ""शासन को दूसरों के साथ वैसे ही व्यवहार करना चाहिए जैसा आप उनसे व्यवहार चाहते हैं।""",AGAINST,0,0.99611306,AGAINST,0,0.9797616,AGAINST,0,0.44443586,AGAINST,0,0.80677015,AGAINST,0,0.8112434,0.80677015,0.8112434,3,0.11027637,0.107648954,0,0.08295345,0.08110757,0,3,3/3 Unanimous
167,"मैं एक्सॉनमोबिल में अपना ऑडी ए६ भरता हूँ, क्योंकि मैं स्वयं की तरह वे भी जलवायु परिवर्तन को किसी तर्कसंगत वयस्क की तरह ही अस्वीकार करते हैं। अब मुझे पता है कि हाल ही में एक ज्ञापन सामने आया है जिसमें दावा किया गया है कि एक्सॉन को ७० के दशक की शुरुआत में ""जलवायु परिवर्तन"" के बारे में पता था, लेकिन ग्रीनपीस द्वारा दावा किए गए किसी भी दस्तावेज़ को वास्तविक मानने का मतलब है कि यह पूरी तरह से झूठा है और झूठ से भरा हुआ है जैसे जी.एम.ओ. और पीले चावल की बकवास। तो मैं केवल वही तेल कंपनी में शेयर खरीदना जारी रखूँगा जो मेरे विचारों से सहमत हैं।",AGAINST,0,0.99788827,AGAINST,0,0.90281075,AGAINST,0,0.8023133,AGAINST,0,0.90100414,AGAINST,0,0.9021708,0.90100414,0.9021708,3,0.031200951,0.031423002,0,0.06779494,0.06640622,0,3,3/3 Unanimous
168,"मैं देखना चाहता हूँ कि वह कैसे समझाएगा कि अगर पृथ्वी गर्म हो रही है तो हमारे पास सर्दी कैसे है, आप पहले ही साबित कर सकते हैं कि ग्लोबल वार्मिंग एक झूठ है।",AGAINST,0,0.9988955,AGAINST,0,0.97052956,NONE,2,0.63056445,AGAINST,0,0.71183044,AGAINST,0,0.7185662,0.71183044,0.7185662,2,0.072523564,0.070912644,0,0.21564601,0.21052118,1,2,2/3 Majority
169,"यह कोई गंभीर मुद्दा नहीं है, यह केवल प्राकृतिक उतार-चढ़ाव है। झूठ फैलाना बंद करो बिल नाई! उसके सभी आँकड़े पूरी तरह से बेकार हैं। हमारे पास कुछ समय पहले तक केवल सटीक तापमान रीडिंग हैं, इससे पहले हमारे पास केवल अप्रत्यक्ष निम्न रिज़ॉल्यूशन साधन जैसे बर्फ के मूल डेटा थे। बर्फ के मूल डेटा में सामान्य से बाहर तापमान में कोई अचानक परिवर्तन नहीं दिखता है। वर्तमान तापमान में परिवर्तन अभूतपूर्व है, इस दावे का कोई आधार नहीं है। ९७% सहमति एक मनगढ़ंत झूठ है। कुक और अन्य लोगों ने ऐसे शोध पत्र प्रकाशित किए हैं जिनमें दावा किया गया है कि ९७% वैज्ञानिक इस बात से सहमत हैं कि मानव निर्मित वैश्विक तापमान वृद्धि एक बड़ी समस्या है, लेकिन उचित विश्लेषण और प्रत्यक्ष मतदान द्वारा इस बात को गलत साबित किया गया है।",AGAINST,0,0.99931705,AGAINST,0,0.9816481,AGAINST,0,0.99283254,AGAINST,0,0.99126595,AGAINST,0,0.9912363,0.99126595,0.9912363,3,0.0022036799,0.002229096,0,0.0065304134,0.006534469,0,3,3/3 Unanimous
170,"ग्लोबल वार्मिंग एकमात्र ""विज्ञान"" है जहाँ हर एक मॉडल गलत रहा है। ग्लोबल वार्मिंग एकमात्र ""विज्ञान"" है जो इनकार करने वालों को जेल में डालना चाहता है। ग्लोबल वार्मिंग ही एकमात्र ""विज्ञान"" है जो सरकारों से ठीक करने के लिए प्रति वर्ष ट्रिलियन डॉलर कर देने के लिए कह रहा है। ग्लोबल वार्मिंग एक बकवास मजाक है जो हमेशा गलत रहा है।",AGAINST,0,0.99963236,AGAINST,0,0.97738826,AGAINST,0,0.9985153,AGAINST,0,0.9918453,AGAINST,0,0.99175,0.9918453,0.99175,3,0.006098148,0.0061793197,0,0.002056501,0.0020705494,0,3,3/3 Unanimous
171,हम हिम युग से बाहर आ गए हैं! ईश्वर का शुक्र है कि गर्मी बढ़ रही है और ठंड नहीं पड़ रही है!,NONE,2,0.6117345,AGAINST,0,0.9534897,AGAINST,0,0.7125303,AGAINST,0,0.6749795,AGAINST,0,0.6748544,0.6749795,0.6748544,2,0.017407821,0.017424889,0,0.3076127,0.30772066,1,2,2/3 Majority
172,जलवायु परिवर्तन स्वाभाविक है यह पिछले चार अरब वर्षों से हो रहा है और अगले चार से पाँच अरब वर्षों में एक लाल विशालकाय में सोल के फूलने तक जारी रहेगा। पेरिस समझौते बेकार हैं क्योंकि ज्वार को रोकने के लिए सहमति दी गई है। उनके द्वारा किए गए अच्छे कार्यों के लिए।,AGAINST,0,0.988577,AGAINST,0,0.97737336,AGAINST,0,0.95251834,AGAINST,0,0.9728229,AGAINST,0,0.97306764,0.9728229,0.97306764,3,0.012558981,0.012415512,0,0.014618099,0.014516765,0,3,3/3 Unanimous
173,"मुझे लगता है कि इतिहास को नकारने वाला होना बेहतर है, कितने हिम युग आए हैं? फिर पृथ्वी गर्म होने लगी और वहाँ इतना गर्म हो गया कि साइबेरिया में उष्णकटिबंधीय वन बन गए, वहाँ मनुष्य या उद्योग नहीं थे?!!! मूर्ख!",AGAINST,0,0.9926623,AGAINST,0,0.96272147,AGAINST,0,0.9815091,AGAINST,0,0.9789643,AGAINST,0,0.9789157,0.9789643,0.9789157,3,0.0034971389,0.0035314867,0,0.017538544,0.017552776,0,3,3/3 Unanimous
174,ऐसा प्रतीत होता है कि समाधान विज्ञान के आधार पर संरचनात्मक परिवर्तन करने के बजाय केवल मुद्रीकरण करना चाहते हैं। यही मेरे हिस्से में जलवायु परिवर्तन पर संदेह पैदा करता है। ऐसा प्रतीत होता है कि यह एजेंडा संचालित है।,NONE,2,0.78152007,AGAINST,0,0.98311275,NONE,2,0.9108878,NONE,2,0.567805,NONE,2,0.56312054,0.39612687,0.4005959,1,0.036068153,0.03628351,0,0.567805,0.56312054,2,2,2/3 Majority
175,"१:२६ प्रचारक के काम करने का उत्कृष्ट उदाहरण... देखें, ड्राइव-बाय ग्राफ में CO२ ८५% पर है, लेकिन उचित शीर्षक या परिभाषाएँ नहीं हैं... और इसे ई.पी.ए. स्रोत के रूप में प्रमाणित किया गया है।gov... कोई गंभीर व्यक्ति ऐसा कैसे कर सकता है? कोई भी प्रकाशन, एप्लाइड फिजिक्स लेटर्स, जर्नल ऑफ द अमेरिकन केमिकल सोसाइटी, यहाँ तक कि एक छोटी कार्यवाही सम्मेलन पत्र भी उस बी.एस. को बिना किसी संकोच के अस्वीकार कर देगा। आप बहुत ही हास्यास्पद लग रहे हैं बिल नाई!",FAVOR,1,0.5133583,NONE,2,0.9891389,AGAINST,0,0.58359396,NONE,2,0.46157205,NONE,2,0.46442848,0.31769106,0.31419942,1,0.2207369,0.22137213,1,0.46157205,0.46442848,1,1,1/3 Weak/Plurality
176,"देखिए दोस्तों! इस अध्ययन में कहा गया है कि इसका अस्तित्व नहीं है! अच्छा, अब भीड़ की मानसिकता का समय है!",AGAINST,0,0.92417264,AGAINST,0,0.73276156,AGAINST,0,0.9110031,AGAINST,0,0.85597914,AGAINST,0,0.8551891,0.85597914,0.8551891,3,0.07349831,0.07422546,0,0.07052257,0.07058543,0,3,3/3 Unanimous
177,"इस ग्रह पर लाखों या करोड़ों वर्षों से झूठ का बिल बना हुआ है, यह कभी खाली नहीं होता, यह बदलता है, हाँ, लेकिन यह शून्य से कम ब्रह्मांड के सूर्य की तरह अधिक गर्म नहीं होता है, यह हमारे सौर मंडल के तापमान को नियंत्रित करता है, जैसा कि आप जानते हैं कि एक सौर भड़िफ़ायर हमारे चुंबकीय क्षेत्र को क्या कर सकता है यदि सूर्य गर्मी को कम कर देता है तो क्या होगा?वह आपको बताएगा कि क्या होगा, आप अपनी गांड पर जोर लगाओ, बैल को रोको, कोई कार्बन टैक्स न लगे, नौकरी पा लो।",AGAINST,0,0.954759,NONE,2,0.5828032,AGAINST,0,0.973869,AGAINST,0,0.77730995,AGAINST,0,0.7745634,0.77730995,0.7745634,2,0.0054291594,0.0054995962,0,0.21726085,0.21993704,1,2,2/3 Majority
178,http://www.express.co.uk/news/science/६१६९३७/global-cooling-decade-long-ice-age-predicted-as-sun-hibernates वैज्ञानिकों का दावा है कि सूर्य की सौर गतिविधि में ६० प्रतिशत तक की कमी आने से हम एक दशक तक ठंड का सामना करेंगे। अधिक जानकारी,NONE,2,0.60801315,FAVOR,1,0.52175695,FAVOR,1,0.8784916,FAVOR,1,0.5892563,FAVOR,1,0.5857661,0.015752647,0.01593693,0,0.5892563,0.5857661,2,0.39499107,0.398297,1,2,2/3 Majority
179,आप लोग मुख्यधारा के मीडिया द्वारा गुमराह किए गए मूर्खों का एक समूह हैं। जलवायु परिवर्तन एक धोखा है।,AGAINST,0,0.9961415,AGAINST,0,0.9849582,AGAINST,0,0.99691474,AGAINST,0,0.9926715,AGAINST,0,0.99261254,0.9926715,0.99261254,3,0.0043590753,0.004398825,0,0.002969445,0.0029885767,0,3,3/3 Unanimous
180,"अल गोर और कथित वैज्ञानिकों या कम वेतन वाले पेशे में भुगतान की तलाश करने वाले वास्तविक वैज्ञानिकों जैसे मेवे के लिए पैसा कमाने के लिए एक पूर्ण और पूर्ण रूप से झूठा झूठ।मुझे यह पसंद है कि वह ""९०% जलवायु वैज्ञानिक सहमत हैं..."" कैसे कहते हैं।.निश्चित रूप से वे करते हैं क्योंकि सभी का एक ही एजेंडा है और कोई भी स्वतंत्र नहीं है।मुझे पूरा विश्वास है कि केवल अब, एक ऐसे युग में जहाँ हर कोई महत्व के लिए तड़पता है, वामपंथी लोग महसूस करते हैं कि ""उनका"" समय वह समय है जब यह कथित व्यापक परिवर्तन होता है....आप बहुत ही खास हैं।इन सभी कथित तथ्यों को बतौर आधार लेते हुए अन्य कारकों को ध्यान में नहीं रखा गया है जो उन्हें उत्पन्न कर सकते हैं।इसके अलावा, कोई भी प्रदूषण में योगदान के लिए संयुक्त रूप से अन्य सभी देशों की तुलना में चीन द्वारा अधिक प्रदूषण उत्पन्न करने के बावजूद, संयुक्त राज्य अमेरिका पर ध्यान क्यों केंद्रित करेगा!यह सही है क्योंकि आत्म-केंद्रित वामपंथी नागरिक ही एकमात्र ऐसे हैं जो हर बुरी चीज़ के लिए जिम्मेदार हैं क्योंकि यह हमेशा ""उन लोगों"" के बारे में होता है।",AGAINST,0,0.9989434,AGAINST,0,0.98222256,AGAINST,0,0.992195,AGAINST,0,0.99112034,AGAINST,0,0.99109745,0.99112034,0.99109745,3,0.0019490588,0.0019681135,0,0.0069306344,0.006934423,0,3,3/3 Unanimous
181,"यह विज्ञान नहीं है, आपके किसी भी कथन से कुछ सिद्ध नहीं होता। यह तर्क असंबंधित प्रतिकार उदाहरणों, भावनाओं और सबसे घृणापूर्ण तरीके से प्राधिकरण द्वारा दिए गए तर्क से कम नहीं है। १००% वैज्ञानिकों ने न्यूटन से असहमति जताई। और जब आइंस्टीन ने अपना सिद्धांत प्रस्तुत किया तो १००% वैज्ञानिक न्यूटन से सहमत थे। अब हर वैज्ञानिक दोनों से असहमत है। और समाधान!? यदि मानव निर्मित सी.ओ.२ इसका कारण है तो उसके ""समाधान"" इतने पूरी तरह से व्यर्थ हैं कि हर कोई इसमें चावल डालकर महासागरों को भरना आसान होगा। अत्यंत, संपूर्णतः, गंदगी...",AGAINST,0,0.9983771,AGAINST,0,0.9805757,AGAINST,0,0.9661365,AGAINST,0,0.9816964,AGAINST,0,0.98187876,0.9816964,0.98187876,3,0.0030103254,0.003034331,0,0.015293243,0.015086902,0,3,3/3 Unanimous
182,"ठीक है, बिल, आपने इस बारे में थोड़ा उल्लेख किया और फिर पिछले २०० वर्षों में बढ़ते तापमान को दर्शाने वाले ग्राफ़िक पर चले गए। हालाँकि वैश्विक तापमान रोमन काल के साथ-साथ मध्ययुगीन काल में भी उच्च रहा है और लघु हिम युग के समान निम्न रहा है और यह पिछले २००० वर्षों में मोटे तौर पर ऐसा ही रहा है। मुझे लगता है कि प्राकृतिक रूप से समय-समय पर तापमान में बड़े उतार-चढ़ाव आते हैं, मानव हस्तक्षेप के साथ या उसके बिना। यह तथ्य देखते हुए कि हम मूल रूप से छोटे बर्फीले युग से बाहर आ रहे हैं, मुझे चिंतित क्यों होना चाहिए? अब शायद मनुष्य जलवायु परिवर्तन में योगदान दे रहे हैं और तापमान बढ़ रहा है, लेकिन वैश्विक तापमान के वैज्ञानिक इतिहास को देखते हुए ऐसा लगता है कि अगर हम ऐसा कर रहे हैं तो यह बहुत कम स्तर पर है। इतने छोटे स्तर पर कि लगभग महत्वहीन हो।मैं एसिड वर्षा बनाम कार्बन डाइऑक्साइड की तुलना में अधिक चिंतित हूँ।",AGAINST,0,0.48876163,AGAINST,0,0.93540007,NONE,2,0.47961274,AGAINST,0,0.6032432,AGAINST,0,0.60619116,0.6032432,0.60619116,2,0.16878438,0.16900013,0,0.22797246,0.2248087,1,2,2/3 Majority
183,यह बी. का सबसे बड़ा ढेर है।s. मैंने कभी सुना है। कम मांस खाने और अन्य सभी बहाने केवल जनसंख्या पर नए जलवायु करों को लागू करने के लिए एक एजेंडा थे। यह एक नए वैश्विक कर के लिए एक बिक्री प्रस्तुति से अधिक कुछ नहीं है। वैश्विक जलवायु घोटाला संगठनों द्वारा बिल न्ये के जेब में जाने वाले धन का अनुसरण करें। कुल बी.s.,AGAINST,0,0.99943835,AGAINST,0,0.98566496,AGAINST,0,0.96579885,AGAINST,0,0.98363405,AGAINST,0,0.9838468,0.98363405,0.9838468,3,0.0022517678,0.0022749905,0,0.014114197,0.013878189,0,3,3/3 Unanimous
184,"अभी भी उस १९७० के दशक के आने वाले हिम युग की प्रतीक्षा कर रहे हैं, मूर्ख!",AGAINST,0,0.8987478,AGAINST,0,0.9535692,AGAINST,0,0.96723616,AGAINST,0,0.93985105,AGAINST,0,0.93954355,0.93985105,0.93954355,3,0.025552751,0.025829032,0,0.034596216,0.034627423,0,3,3/3 Unanimous
185,अगर यह इतना वास्तविक है तो अमीर लोग इसका समर्थन क्यों नहीं करते हैं और अपने विशाल व्यर्थ घरों और कारों को क्यों नहीं छोड़ देते हैं? बिल नाई,FAVOR,1,0.7658988,FAVOR,1,0.55752146,AGAINST,0,0.6812578,FAVOR,1,0.44602653,FAVOR,1,0.45124418,0.36963,0.3657804,1,0.44602653,0.45124418,2,0.18434341,0.18297535,0,2,2/3 Majority
186,"वह ९७% आँकड़ा गलत है। यह एक दोषपूर्ण चुनाव द्वारा बनाया गया था जिसमें एक व्यंग्यकार जॉन कुक सामने आए। उन्होंने जलवायु परिवर्तन का उल्लेख करने वाले २,००० वैज्ञानिक पत्रों में से प्रत्येक वस्तु की गिनती की, लेकिन वास्तव में केवल ३% पत्रों में कहा गया है कि जलवायु परिवर्तन मनुष्यों द्वारा उत्सर्जित कार्बन डाइऑक्साइड के कारण होता है।",AGAINST,0,0.99654937,AGAINST,0,0.97180486,NONE,2,0.37351698,AGAINST,0,0.77696997,AGAINST,0,0.7820828,0.77696997,0.7820828,2,0.09029902,0.08815412,0,0.13273095,0.12976302,1,2,2/3 Majority
187,उन विरंजन वाले प्रवाल सूर्य-प्रकाशक से मारे गए थे। लेकिन बिल नाई झूठ बोलने वाला व्यक्ति चाहता है कि आप इसे एक प्रकार का मूल पाप मानें। प्रवाल लाखों वर्षों से मौजूद है। इन वर्षों में से अधिकांश अब से अधिक गर्म रहे हैं। और अब की तुलना में अधिक कार्बन डाइऑक्साइड के साथ।,AGAINST,0,0.9987929,AGAINST,0,0.64382356,AGAINST,0,0.9765245,AGAINST,0,0.87304705,AGAINST,0,0.87156403,0.87304705,0.87156403,3,0.11325426,0.11479321,0,0.013698789,0.0136427,0,3,3/3 Unanimous
188,"मुझे पसंद है कि उनके चार्ट में जल वाष्प नहीं था जो सभी ग्रीनहाउस गैसों का ९० प्रतिशत है। कार्बन डाइऑक्साइड केवल १.५% है। -- उन्हें यह भी कहना था कि ""९७% सभी वैज्ञानिकों का मानना है कि मनुष्य ग्लोबल वार्मिंग का कारण बन रहे हैं"", लेकिन यह गलत साबित हो गया है और यह सिर्फ गलत है। ९७% उन समीक्षा किए गए जहाजों की संख्या से आता है जो जलवायु परिवर्तन के पक्ष में या विरोध में हैं और x व्यक्ति के अधीन कोई भी वैज्ञानिक जो अध्ययन करता है, उसे सहमत होने के लिए मजबूर किया जाता है या उन्हें नौकरी से निकाल दिया जाएगा। --यह सब एक अध्ययन के निर्देशन के लिए वित्त पोषण पर निर्भर करता है जिसका अर्थ है कि आप केवल समीक्षा किए गए लेखों को देखकर यह नहीं कह सकते कि ग्लोबल वार्मिंग का कारण कौन/क्या है।",NONE,2,0.5946859,AGAINST,0,0.60009974,NONE,2,0.6437459,NONE,2,0.5418357,NONE,2,0.54045635,0.37056807,0.37151706,1,0.08759623,0.08802655,0,0.5418357,0.54045635,2,2,2/3 Majority
189,तथाकथित ९७% ७९ व्यक्तियों पर आधारित है। अमेरिकी मौसम विज्ञानियों के एक सर्वेक्षण से पता चला है कि यह संख्या ६०% के करीब है। अभी भी बहुमत है लेकिन यह दर्शाता है कि जो संख्याएं अलार्मिस्टों को चिंतित करती हैं उन पर भरोसा नहीं किया जा सकता है।,AGAINST,0,0.84646744,AGAINST,0,0.97990626,AGAINST,0,0.9579995,AGAINST,0,0.9281244,AGAINST,0,0.92783093,0.9281244,0.92783093,3,0.0022599068,0.002287503,0,0.069615714,0.06988152,0,3,3/3 Unanimous
190,ईसा मसीह। ग्लोबल वार्मिंग नया चर्च है। जलवायु परिवर्तन के बारे में एक खंड बनाते समय आप कम से कम नासा के अपने आंकड़ों का उपयोग कर सकते हैं। अंटार्कटिका में प्रति वर्ष ८० अरब टन की दर से द्रव्यमान बढ़ रहा है।,AGAINST,0,0.9892442,AGAINST,0,0.9473557,NONE,2,0.8637784,AGAINST,0,0.6514279,AGAINST,0,0.6592443,0.6514279,0.6592443,2,0.043768506,0.042848997,0,0.3048036,0.29790664,1,2,2/3 Majority
191,जलवायु परिवर्तन का अस्तित्व नहीं है। बिल नाई एक मीडिया उदारवादी और एक मूर्ख है जिसने कभी भी विज्ञान में कोई भागीदारी नहीं की।,AGAINST,0,0.9205362,FAVOR,1,0.8072794,AGAINST,0,0.99804986,AGAINST,0,0.69907516,AGAINST,0,0.6949527,0.69907516,0.6949527,2,0.29094815,0.2949676,1,0.009976714,0.010079646,0,2,2/3 Majority
192,"मैं इस वीडियो से अधिक असहमत नहीं हो सकता और ९७% (जो एक मज़ेदार संख्या है, है ना?).",NONE,2,0.99011314,NONE,2,0.92352283,NONE,2,0.5718234,NONE,2,0.82848644,NONE,2,0.83162373,0.048540037,0.04833778,0,0.12297353,0.120038494,0,0.82848644,0.83162373,3,3,3/3 Unanimous
193,अलार्मिस्ट बकवास। तो क्या फर्क पड़ता है अगर पृथ्वी का तापमान पिछले सौ वर्षों में १.२ डिग्री बढ़ गया है।,AGAINST,0,0.99781454,AGAINST,0,0.9818173,AGAINST,0,0.99789387,AGAINST,0,0.9925086,AGAINST,0,0.9924328,0.9925086,0.9924328,3,0.0019617595,0.0019859644,0,0.0055297073,0.0055812607,0,3,3/3 Unanimous
194,"क्या आपने कभी सोचा है कि ०.०००२ से ०.०००४ तक कार्बन डाइऑक्साइड की सांद्रता में परिवर्तन से इतनी बड़ी आपदा क्यों हो सकती है? प्रतिशत के हिसाब से यह कार्बन डाइऑक्साइड की सांद्रता में ०.०२% से ०.०४% तक की वृद्धि है। बहुत बड़ी बात! प्रति दस लाख में २०० भागों से यह घटकर प्रति दस लाख में ४०० भागों पर आ गया है, और इसने जलवायु पर कोई सिद्ध प्रभाव नहीं डाला है, केवल अनुमान और कथन है, जो अवलोकन द्वारा आसानी से असत्य सिद्ध हो जाता है, उदाहरण के लिए। लघुरत्न हिम युग, तापमान में हाल ही में कोई परिवर्तन नहीं हुआ है। ग्रीनलैंड में वाइकिंग बस्तियाँ, २० हिमनदी कालखंड, निराशा आदि आदि निश्चित रूप से, यदि आप एक स्त्री-द्वेषी स्टारबक्स ट्वार्क हैं जो कुछ सस्ते पिक-अप बातचीत के साथ यौन संबंध बनाने के इच्छुक हैं कि ""पर्यावरण के प्रति संवेदनशील"" और ""टिकाऊ"" कैसे हैं, तो शायद आप ग्लोबल वार्मिंग के छद्म विज्ञान को स्वीकार कर सकते हैं यदि यह आपको यौन संबंध बनाने में मदद करता है।",AGAINST,0,0.99488825,AGAINST,0,0.93650794,NONE,2,0.7932988,AGAINST,0,0.68556666,AGAINST,0,0.69246465,0.68556666,0.69246465,2,0.029260367,0.028617144,0,0.28517303,0.27891827,1,2,2/3 Majority
195,"मेरे इस विषय में दो प्रश्न हैं: पहला, यदि वह सही था (यदि), तो इन नियमों के माध्यम से हमारे देश की अर्थव्यवस्था को नष्ट करने से चीन और रूस को हमारे नुकसान पर लाभ प्राप्त करने से क्या रोकता है? ९७% अध्ययन को अब खंडन कर दिया गया है, तो नाइ जैसे प्रतिभाशाली व्यक्ति इसका उपयोग क्यों जारी रखते हैं? यह कभी एक सर्वेक्षण नहीं था, बल्कि अनुसंधान पत्रिकाओं का एक हेर-फेर किया गया संग्रह था, जहाँ कई लेखकों ने भी अपने स्वयं के निष्कर्षों को लेखक द्वारा गलत तरीके से प्रस्तुत किया गया था। ९७% का प्रदर्शन करने के लिए सभी वैज्ञानिकों का कभी सर्वेक्षण नहीं किया गया है!!",AGAINST,0,0.73737395,AGAINST,0,0.8222907,NONE,2,0.76449716,AGAINST,0,0.59814084,AGAINST,0,0.60268486,0.59814084,0.60268486,2,0.0025283063,0.0025531463,0,0.39933085,0.39476192,1,2,2/3 Majority
196,"समुद्र पहले की तरह अब भी नहीं बढ़ रहा है। मुझे समुद्र के नीचे द्वीपों, शहरों, कस्बों, या गाँवों के गायब होने की कोई सूचना नहीं मिल रही है। बाढ़ हमेशा से आती रही है। और इस झूठे विज्ञान पर हम जो पैसा बर्बाद करते हैं, उसका उपयोग बेहतर बाढ़ बाधाओं के निर्माण से कई लोगों की जान बचाई जा सकती है।",AGAINST,0,0.9983279,AGAINST,0,0.9854616,AGAINST,0,0.9983096,AGAINST,0,0.99403304,AGAINST,0,0.9939728,0.99403304,0.9939728,3,0.002667763,0.0027014657,0,0.0032991508,0.0033257026,0,3,3/3 Unanimous
197,"९७% लोग फिर दावा करते हैं...सच में? अब वे ""सहमत"" हैं कि कक्षा परिवर्तन नहीं है! यह व्यक्ति जलवायु वैज्ञानिक भी नहीं है! वह एक भुगतान प्राप्त मज़ाकिया है जो अपने सार्वजनिक पद का उपयोग करके लोगों को यह संदेह नहीं होने देता कि यह सब कुछ वास्तविक है! जब भी मैं जलवायु परिवर्तन पर बहस देखता हूँ या किसी व्यक्ति का साक्षात्कार देखता हूँ जो लोगों से कार्य करने का आग्रह कर रहा होता है, तो हमेशा कोई प्रसिद्ध व्यक्ति होता है। ऐसा क्यों है? लोगों को परवाह करने के लिए? या सवाल नहीं पूछने के लिए क्योंकि बोलने वाला व्यक्ति ""जानता"" है! यह और दूसरा भुगतान किया गया मज़ाकिया नील टायसन, विज्ञान को एक प्रजाति के रूप में हमारे पास सबसे शुद्ध चीज़ में बदलने के लिए शर्म की बात है!",AGAINST,0,0.88633794,NONE,2,0.58420646,AGAINST,0,0.9222288,AGAINST,0,0.7362385,AGAINST,0,0.73365986,0.7362385,0.73365986,2,0.035870876,0.03605108,0,0.22789067,0.23028904,1,2,2/3 Majority
198,"यदि आपको लगता है कि जलवायु परिवर्तन के लिए मनुष्य जिम्मेदार हैं, तो मुझे बताइए कि अंतिम हिमनद काल किस कारण से आया था? बस वही।",AGAINST,0,0.9533708,AGAINST,0,0.9683509,AGAINST,0,0.884291,AGAINST,0,0.93533754,AGAINST,0,0.9359777,0.93533754,0.9359777,3,0.0020189667,0.00204221,0,0.062643476,0.061980158,0,3,3/3 Unanimous
199,"यह कितना सारे प्रचार का संग्रह है। जलवायु हमेशा बदलती रहती है। अपने मस्तिष्क से सोचिए। ""आकाश गिरने का डर फैलाना"" दशकों से चल रहा है और इनमें से कुछ भी सच नहीं हुआ है, लेकिन सब कुछ के परिणामस्वरूप उच्च कर लगे हैं।",AGAINST,0,0.99967766,AGAINST,0,0.9853873,AGAINST,0,0.9987808,AGAINST,0,0.99461526,AGAINST,0,0.9945555,0.99461526,0.9945555,3,0.0022674133,0.0022964855,0,0.0031173637,0.0031479849,0,3,3/3 Unanimous
200,"जलवायु परिवर्तन एक अच्छी बात है, अन्यथा कनाडा के उत्तरी भाग का विकास कौन करेगा?",AGAINST,0,0.5878164,FAVOR,1,0.858081,NONE,2,0.377257,FAVOR,1,0.46431217,FAVOR,1,0.46681955,0.31851962,0.3180272,1,0.46431217,0.46681955,1,0.2171682,0.21515323,1,1,1/3 Weak/Plurality
201,ऐसा प्रतीत होता है कि यह सब वृत्ताकार था और उन्होंने हमें भय के कारण अत्यधिक कर लगाया था।,AGAINST,0,0.57745415,AGAINST,0,0.97537065,AGAINST,0,0.9870727,AGAINST,0,0.8466325,AGAINST,0,0.8451222,0.8466325,0.8451222,3,0.0020357028,0.0020603598,0,0.15133175,0.15281734,0,3,3/3 Unanimous
202,"कुल कूड़ा, शुद्ध प्रचार",NONE,2,0.97739536,AGAINST,0,0.9183623,AGAINST,0,0.95933706,AGAINST,0,0.62984,AGAINST,0,0.62628126,0.62984,0.62628126,2,0.0058609736,0.0059144427,0,0.36429903,0.3678043,1,2,2/3 Majority
203,"ओरेगन के इतिहास में सबसे गर्म दिन १० अगस्त १८९८ को पेंडलटन, ओरेगन में ११९ डिग्री फ़ारेनहाइट था। ओरेगन के इतिहास में सबसे ठंडा दिन फरवरी में सेनेका, ओरेगन में -५४ डिग्री फ़ारेनहाइट था। १०, १९३३. जलवायु परिवर्तन समय की शुरुआत से ही हुआ है लेकिन वैश्ववादी इसका उपयोग पश्चिमी दुनिया, विशेष रूप से संयुक्त राज्य अमेरिका से बचने के लिए कर रहे हैं। जलवायु परिवर्तन पर ध्यान दीजिए, साम्यवादियों देशों का अनुसरण मत कीजिए। उन्हें वहाँ जाने का साहस कैसे हुआ या नहीं।",AGAINST,0,0.9938123,AGAINST,0,0.9660954,AGAINST,0,0.97732407,AGAINST,0,0.9790773,AGAINST,0,0.97908306,0.9790773,0.97908306,3,0.0040339255,0.004083838,0,0.01688879,0.016833013,0,3,3/3 Unanimous
204,ग्रीन हाउस गैसें जलवायु परिवर्तन का कारण नहीं हैं।,AGAINST,0,0.9965965,AGAINST,0,0.98416877,AGAINST,0,0.968147,AGAINST,0,0.9829708,AGAINST,0,0.983147,0.9829708,0.983147,3,0.0034798316,0.003473028,0,0.013549411,0.013379916,0,3,3/3 Unanimous
205,जलवायु घोटाले के कारण इस्तीफा दे दिया है!!! बौद्धिक अक्षमता वाले लोग!,AGAINST,0,0.99943286,AGAINST,0,0.9836284,AGAINST,0,0.9973373,AGAINST,0,0.9934662,AGAINST,0,0.9934093,0.9934662,0.9934093,3,0.0020582534,0.0020826955,0,0.004475602,0.004508075,0,3,3/3 Unanimous
206,"कार्बन डाइऑक्साइड पृथ्वी के लिए अच्छा है यह पौधों के जीवन को तेजी से विकसित करता है और वन्यजीवों को फलने-फूलने में मदद करता है। २० साल पहले की तुलना में हमारा ग्रह ५% अधिक हरा है क्योंकि कार्बन डाइऑक्साइड है। हमारा चुंबकीय क्षेत्र कमजोर हो रहा है, जिससे सूर्य का पृथ्वी पर अधिक प्रभाव पड़ता है।",AGAINST,0,0.8730563,AGAINST,0,0.90389633,AGAINST,0,0.9477184,AGAINST,0,0.9082236,AGAINST,0,0.90775263,0.9082236,0.90775263,3,0.028519139,0.028805451,0,0.0632572,0.06344189,0,3,3/3 Unanimous
207,ग्लोबल वार्मिंग ओआर क्लाइमेट चेंज अब कोई समस्या नहीं है क्योंकि ग्रह अब गर्म नहीं हो रहा है,AGAINST,0,0.9861742,AGAINST,0,0.9710495,FAVOR,1,0.9661283,AGAINST,0,0.6546206,AGAINST,0,0.6626284,0.6546206,0.6626284,2,0.32880715,0.32093176,1,0.016572207,0.01643966,0,2,2/3 Majority
208,झूठ! आपको एक प्रतिवाद प्रस्तुत करना होगा।,AGAINST,0,0.8367588,AGAINST,0,0.9819516,AGAINST,0,0.98638004,AGAINST,0,0.93503016,AGAINST,0,0.9344777,0.93503016,0.9344777,3,0.00973478,0.009820963,0,0.055235103,0.05570129,0,3,3/3 Unanimous
209,chemtrails... ताप रोधक तापमान रिकॉर्ड... fear... control... अधीनता,NONE,2,0.9949163,NONE,2,0.96738607,AGAINST,0,0.7044559,NONE,2,0.7524669,NONE,2,0.75810957,0.23805119,0.2322841,1,0.009481893,0.009606356,0,0.7524669,0.75810957,2,2,2/3 Majority
210,"मैं परिकल्पना का खंडन करता हूँ क्योंकि यह ऊष्मीय गतिकी के मूल नियमों का उल्लंघन करता है। यदि मॉडल गंभीर रूप से त्रुटिपूर्ण है तो मुझे ध्रुवीय भालुओं या वृक्ष वल्कों की गिनती करने की आवश्यकता नहीं है। मेरे लिए यह बिल्कुल भी राजनीतिक या भावनात्मक नहीं है। यह तो बुनियादी विज्ञान है। मुझे परवाह नहीं है कि लोग इसका दुरुपयोग क्यों करते हैं। आप उस पर बहस कर सकते हैं। वास्तव में, यह खराब विज्ञान है, चलिए आगे बढ़ते हैं।",AGAINST,0,0.9838088,AGAINST,0,0.9776397,AGAINST,0,0.9693201,AGAINST,0,0.9769228,AGAINST,0,0.9770134,0.9769228,0.9770134,3,0.005990541,0.006024879,0,0.017086627,0.016961753,0,3,3/3 Unanimous
211,जलवायु परिवर्तन नकली है!!! जैसे टूथफेरी,AGAINST,0,0.9956593,AGAINST,0,0.9844529,AGAINST,0,0.9969819,AGAINST,0,0.9923647,AGAINST,0,0.9923012,0.9923647,0.9923012,3,0.002191113,0.0022135407,0,0.0054441276,0.0054852213,0,3,3/3 Unanimous
212,"ईश्वर से इच्छा पूरी हो, आशा है कि यह सब कुछ हो जाएगा, लेकिन अभी तक ऐसा नहीं हुआ है।६५ प्रतिशत तक के जलवायु परिवर्तन के मुद्दे को १०० percent तक हल किया जा सकता है, विद्युत वाहनों, विद्युत अपघटन और बैटरी से चलने वाली बैटरी से समस्या का समाधान किया जा सकता है।क्या चाहते हैं? बैटरियों वाली टीम से पूछ लीजिए।विद्युत और विद्युत चुम्बकीय विकिरण, दोनों ही, हमारे शरीर में प्रवेश नहीं करते हैं।",FAVOR,1,0.9918276,NONE,2,0.9348505,FAVOR,1,0.9370885,FAVOR,1,0.66291004,FAVOR,1,0.65898585,0.004281298,0.0043116757,0,0.66291004,0.65898585,2,0.33280864,0.33670244,1,2,2/3 Majority
213,जलवायु परिवर्तन एक छलावा है। हमेशा याद रखें कि प्रकृति का नियम राजनेताओं की नहीं सुनता है।,AGAINST,0,0.9990746,AGAINST,0,0.9859278,AGAINST,0,0.9042215,AGAINST,0,0.9630746,AGAINST,0,0.96379524,0.9630746,0.96379524,3,0.023169948,0.022709051,0,0.013755462,0.01349576,0,3,3/3 Unanimous
214,"मज़ेदार तथ्यः इसे अब ग्लोबल वार्मिंग नहीं कहा जाता है। इसे जलवायु परिवर्तन कहते हैं, चाहे हम कुछ भी करें जलवायु परिवर्तन होता है। विज्ञान है। और पर्यावरणवादी मानते हैं कि लोग ही समस्या हैं। जलवायु हमेशा बदलती रहेगी।",AGAINST,0,0.97243416,AGAINST,0,0.90126437,AGAINST,0,0.9947635,AGAINST,0,0.95615405,AGAINST,0,0.95563567,0.95615405,0.95563567,3,0.019728314,0.019990448,0,0.024117684,0.024373844,0,3,3/3 Unanimous
215,मैं यहाँ से महीने भर के लिए जा रहा हूँ!! वे बादल बनाने के लिए हथौड़ा प्रयोग करेंगे और इससे बेहतर परिणाम मिलेंगे। CO२ से समस्या नहीं है। मौसम में हेरफेर करना!,AGAINST,0,0.9680504,AGAINST,0,0.95715314,AGAINST,0,0.99336433,AGAINST,0,0.972856,AGAINST,0,0.972596,0.972856,0.972596,3,0.0028909727,0.0029173312,0,0.024253102,0.024486687,0,3,3/3 Unanimous
216,"ग्लोबल वार्मिंग समाप्त हो जाएगी - ईश्वर का तरीका बाइबल कहती है कि ""पृथ्वी का पूर्ववर्ती और इसे बनाने वाला...."" बस बेवफ़ाई के लिए नहीं बनाया है।"" (यशायाह ४५:१८) बाइबल यह भी कहती है: ""पृथ्वी हमेशा बनी रहेगी।"" -नीतिसूत्र १:४, नई अंग्रेजी बाइबल। हाँ, भगवान पृथ्वी को निवास के लिए अयोग्य नहीं होने देंगे। बल्कि, वह मानव मामलों में हस्तक्षेप करेगा और असफल मानव शासन और पृथ्वी के प्रति कोई ध्यान नहीं रखने वालों का अंत करेगा। उसी समय, वह उन सभी को जीवित रखेगा जो नैतिक रूप से सदाचारी जीवन जीते हैं और जो उसे प्रसन्न करना चाहते हैं। नीतिवचनों में २:२१,२२ कहता है: ""धर्मी लोग पृथ्वी में रहेंगे, और निर्दोष लोग उसमें बचे रहेंगे।"" दुष्टों के संबंध में, वे पृथ्वी से कट जाएँगे; और विश्वासघाती लोगों के संबंध में, उन्हें इससे अलग कर दिया जाएगा।",NONE,2,0.99666303,NONE,2,0.98323625,NONE,2,0.98744655,NONE,2,0.98911524,NONE,2,0.98912823,0.0056626243,0.005605126,0,0.0052220975,0.005266618,0,0.98911524,0.98912823,3,3,3/3 Unanimous
217,पृथ्वी का तापमान लगभग २० वर्षों से नहीं बढ़ा है।,AGAINST,0,0.99673957,AGAINST,0,0.9769582,AGAINST,0,0.99633056,AGAINST,0,0.9900095,AGAINST,0,0.98991996,0.9900095,0.98991996,3,0.0036141612,0.0036633993,0,0.006376413,0.006416671,0,3,3/3 Unanimous
218,"यह सब बकवास है, कथावाचक कुछ भी नहीं जानते। केवल वही वही बातें दोहराते हैं...हमें अपने प्रमाण पत्र दिखाएँ, अपने ""वैज्ञानिक प्रमाण"" दिखाएँ। मुझे बताइए, सहारा रेगिस्तान ५००० साल पहले हरा-भरा क्षेत्र क्यों था और अब वह केवल रेत के टीलों का क्षेत्र है।क्या यह जीवाश्म ईंधन से चलने वाले सभी ऊँटों के कारण था?",AGAINST,0,0.99650514,AGAINST,0,0.9699836,AGAINST,0,0.9926803,AGAINST,0,0.98638964,AGAINST,0,0.98629665,0.98638964,0.98629665,3,0.0018417261,0.001860268,0,0.011768575,0.011843001,0,3,3/3 Unanimous
219,वैश्विकता से भी पृथ्वी को नष्ट करने के लिए कुछ नहीं किया गया है।,AGAINST,0,0.99866796,AGAINST,0,0.9809872,NONE,2,0.3957976,AGAINST,0,0.7645585,AGAINST,0,0.77012223,0.7645585,0.77012223,2,0.09869475,0.096329026,0,0.13674675,0.1335487,1,2,2/3 Majority
220,"बहुत ज़्यादा लोग सर्दी से मरते हैं, इसलिए हम ज़िंदगियाँ बचा रहे हैं",FAVOR,1,0.8999548,FAVOR,1,0.6906573,FAVOR,1,0.9706635,FAVOR,1,0.8537586,FAVOR,1,0.85219276,0.0028557954,0.0028824692,0,0.8537586,0.85219276,3,0.14338565,0.14492477,0,3,3/3 Unanimous
221,"जलवायु पर मनुष्यों का बहुत कम प्रभाव पड़ता है, तूफान १०० साल पहले की तुलना में वर्तमान में बदतर नहीं हैं, केवल अधिक लोग और संपत्ति खतरे में हैं, वास्तव में १८०० के दशक के अंत और १९०० के दशक के मध्य में आए तूफान बदतर थे।",AGAINST,0,0.9982741,AGAINST,0,0.98006654,AGAINST,0,0.9950799,AGAINST,0,0.9911402,AGAINST,0,0.991081,0.9911402,0.991081,3,0.0019045641,0.0019293841,0,0.0069552143,0.006989531,0,3,3/3 Unanimous
222,सच्चाई यह है कि २०२३ से २०२४ तक हम एल नीनो के वर्षों से गुजर रहे हैं और यह एक प्राकृतिक घटना है जो ग्रह पर जलवायु को बदल देगी और जीवाश्म ईंधन आदि से कोई लेना-देना नहीं है और हमने हमेशा वर्षों में इसका अनुभव किया है।,FAVOR,1,0.5388876,FAVOR,1,0.63572574,AGAINST,0,0.49809185,FAVOR,1,0.5025167,FAVOR,1,0.50466996,0.40657353,0.40541333,1,0.5025167,0.50466996,2,0.09090976,0.089916706,0,2,2/3 Majority
223,प्रस्तुति पूरी तरह से बेकार और पूरी तरह से प्रचार है।,AGAINST,0,0.9564037,AGAINST,0,0.9783175,NONE,2,0.59150565,AGAINST,0,0.7797589,AGAINST,0,0.7844132,0.7797589,0.7844132,2,0.004880276,0.0048935227,0,0.2153609,0.21069328,1,2,2/3 Majority
224,वीडियो का पहला आधार झूठ है। पृथ्वी का जलवायु सूर्य द्वारा नियंत्रित होता है और यह तापमान को बढ़ा रहा है। वृद्धि और सभी जलवायु परिवर्तन। राजनेता और कॉर्पोरेट अधिकारी हमारे समाज को सामाजिक रूप से पुनर्संरचित करने के अपने षड्यंत्र को स्वीकार करने के लिए झुका हुआ डेटा का उपयोग कर रहे हैं।,AGAINST,0,0.99915254,AGAINST,0,0.98528373,AGAINST,0,0.9918893,AGAINST,0,0.9921085,AGAINST,0,0.9921033,0.9921085,0.9921033,3,0.0024394547,0.002466271,0,0.0054520345,0.005430424,0,3,3/3 Unanimous
225,यह केवल प्रचार है। एक उदाहरण यह कथन है कि मनुष्य १००% जलवायु परिवर्तन का कारण बन रहे हैं। fact... इस बात का कोई वैज्ञानिक प्रमाण नहीं है कि मानव गतिविधि ग्लोबल वार्मिंग/जलवायु परिवर्तन का कारण बन रही है।,AGAINST,0,0.99756324,AGAINST,0,0.9847793,AGAINST,0,0.99365,AGAINST,0,0.9919975,AGAINST,0,0.99196976,0.9919975,0.99196976,3,0.0025862239,0.0026128076,0,0.005416287,0.0054174466,0,3,3/3 Unanimous
226,"हाँ, हम स्थिति में मदद नहीं कर रहे हैं, लेकिन पृथ्वी स्वयं ठीक हो जाएगी, यह एक जीवित चीज़ की तरह है।",NONE,2,0.4568,NONE,2,0.46018398,AGAINST,0,0.8015592,AGAINST,0,0.5236576,AGAINST,0,0.52022517,0.5236576,0.52022517,1,0.10520426,0.10647336,0,0.3711382,0.3733015,2,2,2/3 Majority
227,रोचक तथ्य...कार्बन डाइऑक्साइड है।वायुमंडल और जलवायु का ३% हमेशा बदलता रहा...अधिक चिंतित रहें एक और हिम युग के बारे में...हमें एक की आवश्यकता है।,AGAINST,0,0.99100786,AGAINST,0,0.93386513,AGAINST,0,0.99394435,AGAINST,0,0.9729391,AGAINST,0,0.9726466,0.9729391,0.9726466,3,0.005057947,0.005120034,0,0.02200293,0.022233337,0,3,3/3 Unanimous
228,इसे बनाने के बाद से कोई गर्मजोशी नहीं है। जलवायु आपातकाल नहीं है। हाल के और दूर के अतीत में पृथ्वी गर्म थी। अतीत में यह तेजी से गर्म भी होता था।,AGAINST,0,0.99437404,NONE,2,0.6901679,AGAINST,0,0.99585223,AGAINST,0,0.7334948,AGAINST,0,0.7298013,0.7334948,0.7298013,2,0.034093287,0.034566533,0,0.23241185,0.23563209,1,2,2/3 Majority
229,"आह, जलवायु परिवर्तन का मिथक...",AGAINST,0,0.930205,AGAINST,0,0.9838224,AGAINST,0,0.9962876,AGAINST,0,0.970105,AGAINST,0,0.9698117,0.970105,0.9698117,3,0.0029405316,0.0029716361,0,0.026954474,0.027216673,0,3,3/3 Unanimous
230,"कार्बन डाइऑक्साइड और मीथेन का मॉडल सटीक नहीं है यह हवा में है लेकिन यह कार्बन डाइऑक्साइड को नीचे लाने के लिए परिचालित होता है जो पौधों द्वारा सूर्य के साथ उपयोग किया जाता है। अगर हमारे पास गर्म तापमान है, तो हमें अधिक कार्बन डाइऑक्साइड की आवश्यकता है क्योंकि पौधों को अधिक आवश्यकता होगी क्योंकि वहाँ वे हर दिन दो और तीन घंटे अधिक बढ़ रहे हैं इस ग्रह के तापमान को कम करने के लिए कुछ भी नहीं है।",AGAINST,0,0.7490722,NONE,2,0.54117286,AGAINST,0,0.94357103,AGAINST,0,0.58877116,AGAINST,0,0.58399606,0.58877116,0.58399606,2,0.13939379,0.14131501,0,0.2718351,0.2746889,1,2,2/3 Majority
231,"ग्लोबल वार्मिंग के कारण अकाल बहुत कम होगा क्योंकि अब बढ़ते मौसम लंबे हैं। वे पहले भी शुरू हो जाते हैं, इसलिए भोजन उगाने की क्षमता अधिक होती है। यह एक सरल प्रक्रिया है जिसे समझना आसान है।",AGAINST,0,0.679081,AGAINST,0,0.86780936,NONE,2,0.82185745,AGAINST,0,0.5179229,AGAINST,0,0.524353,0.5179229,0.524353,2,0.07761533,0.07646629,0,0.40446174,0.39918062,1,2,2/3 Majority
232,"मैं इतनी छोटी उम्र की हूँ कि एसिड वर्षा से समस्त जीवन का अंत हो जाएगा, यह बात मुझे अच्छी तरह याद है। फिर बर्फ़ीली चोटियाँ पिघल जाएँगी... फिर तटीय शहर पानी में डूब जाएंगे। तब वैश्विक तापन... तब जलवायु परिवर्तन... अभी तक कोई सच नहीं हुआ सबसे बड़ा मुँह अल गोर जो की जलवायु कंपनी के हेज फंड अरबों डॉलर कमाएंगे। चालीस साल बाद भी वही पृथ्वी का तापमान युगों के साथ ऊपर-नीचे होता रहता है तो अब सार्वजनिक लोगों से कर लगा कर सूर्य और पृथ्वी को सूर्य और पृथ्वी से रोकें क्योंकि सभी निजी जेट में दावोस जा रहे हैं।",AGAINST,0,0.99795294,AGAINST,0,0.9767992,AGAINST,0,0.9942027,AGAINST,0,0.9896516,AGAINST,0,0.9895832,0.9896516,0.9895832,3,0.0019722525,0.0019968352,0,0.008376156,0.008419956,0,3,3/3 Unanimous
233,जलवायु परिवर्तन स्वाभाविक है। वैश्विक स्तर पर इससे हमारा कोई लेना-देना नहीं है। मैं आशा करता हूँ कि गोर और थनबर्ग एक लकड़ी चक्की में गिर जाएँ।,AGAINST,0,0.9947155,AGAINST,0,0.9777386,AGAINST,0,0.9779996,AGAINST,0,0.98348457,AGAINST,0,0.9835428,0.98348457,0.9835428,3,0.0034298257,0.0034465464,0,0.013085604,0.01301072,0,3,3/3 Unanimous
234,आप लोगों को क्यों झूठ बोलते हैं? ग्लोबल वार्मिंग और जलवायु परिवर्तन एक मिथक है। जलवायु परिवर्तन मशीनों के कारण जलवायु परिवर्तन होता है। लोग इसे नहीं सुनते। जाकर सच्चाई का पता लगाने के लिए शोध करें।,AGAINST,0,0.99772006,AGAINST,0,0.9861406,AGAINST,0,0.98891747,AGAINST,0,0.9909261,AGAINST,0,0.99094427,0.9909261,0.99094427,3,0.005478675,0.005463971,0,0.0035952826,0.0035917494,0,3,3/3 Unanimous
235,"वायुमंडल में जल वाष्प ९९% से कम अनुमान पर पृथ्वी के ग्रीनहाउस प्रभाव का कारण है। १९९० के दशक के मध्य में वैश्विक तापमान वृद्धि १.१ डिग्री सेल्सियस दर्ज की गई थी। २०२२ हो गया है और वैश्विक तापमान वृद्धि अभी भी १.१ डिग्री सेल्सियस पर दर्ज की जा रही है। मानव द्वारा उत्सर्जित कमजोर ग्रीनहाउस गैस कार्बन डाइऑक्साइड से पृथ्वी के वायुमंडल में तापमान पर १/१००°C का प्रभाव पड़ता है। पृथ्वी के वायुमंडल में कार्बन डाइऑक्साइड और मीथेन का संकेन्द्रण आधा या दोगुना होने पर भी यह वैश्विक तापमान में परिवर्तन में ०.१ डिग्री सेल्सियस से कम का कारण बनेगा। संयुक्त राष्ट्र अंतर्राष्ट्रीय जलवायु परिवर्तन पैनल की रिपोर्ट बहुत स्पष्ट और पारदर्शी हैं, उन्होंने वायु के नमूने वायुमंडल के बाहर लिए जहाँ पृथ्वी का ग्रीनहाउस प्रभाव होता है और समताप मंडल में जहाँ मजबूत ग्रीनहाउस गैस जल वाष्प शून्य के करीब है। यह वैश्विक तापमान वृद्धि की चर्चा के लिए आई.पी.सी.सी. की रिपोर्टों को कोई विशेष मूल्य नहीं देता है।",AGAINST,0,0.88885933,NONE,2,0.9726414,FAVOR,1,0.7196682,NONE,2,0.4521433,NONE,2,0.45478302,0.30457106,0.30782607,1,0.24328572,0.23739092,1,0.4521433,0.45478302,1,1,1/3 Weak/Plurality
236,आदर्श गैस कानून साबित करते हैं कि सी.ओ.२ ग्रह/वातावरण को गर्म नहीं करता है। यह एक निर्विवादित तथ्य है।,AGAINST,0,0.99648017,AGAINST,0,0.95178366,AGAINST,0,0.9819987,AGAINST,0,0.9767542,AGAINST,0,0.9766637,0.9767542,0.9766637,3,0.010208038,0.010304742,0,0.013037804,0.013031503,0,3,3/3 Unanimous
237,"यदि यह सच था, तो क्या आप तापमान में अंतिम चोटी को एक पूर्व सभ्यता/प्रजाति तक नहीं खोज सकते?",NONE,2,0.6892359,AGAINST,0,0.9085453,NONE,2,0.9873439,NONE,2,0.58699614,NONE,2,0.5816979,0.40923762,0.41450465,1,0.003766234,0.0037975113,0,0.58699614,0.5816979,2,2,2/3 Majority
238,"यदि हम कुछ नहीं करेंगे तो हम मर जाएँगे। कृपया सभी लोग, मुझे लगता है कि जैव-भोजन करना इतना कठिन नहीं है (यह वास्तव में महत्वपूर्ण नहीं है), या कम गाड़ी चलाएँ, अपशिष्ट भोजन कम करें, बोतलों का पुनर्चक्रण करें, और कहीं भी कचरा न फेंकें। और अब नहीं तो बहुत वर्षों बाद हम सोचेंगे कि जब हम इस बारे में कुछ नहीं कर सके तो स्वस्थ पृथ्वी के लिए रोएँगे।",FAVOR,1,0.9945799,FAVOR,1,0.9846123,FAVOR,1,0.9967721,FAVOR,1,0.9919881,FAVOR,1,0.99192315,0.0027621908,0.0027949747,0,0.9919881,0.99192315,3,0.0052496977,0.005281791,0,3,3/3 Unanimous
239,डीजल के कारण ग्लोबल वार्मिंग के अति तूफान पैदा कर ग्रह को प्रदूषित करना बंद करें।,AGAINST,0,0.99356353,AGAINST,0,0.7550804,AGAINST,0,0.824218,AGAINST,0,0.85762066,AGAINST,0,0.8578977,0.85762066,0.8578977,3,0.029288188,0.028882038,0,0.11309113,0.113220215,0,3,3/3 Unanimous
240,तूफान पहले की तुलना में कम बार और कम हिंसक होते हैं। वैश्विक तापन का इन सब से कोई लेना-देना नहीं है। कार्बन डाइऑक्साइड में वृद्धि से इसका कोई लेना-देना नहीं है। इन विशेषज्ञ प्रोफेसरों को उनके कहने के लिए भुगतान किया जाता है।,AGAINST,0,0.9960079,AGAINST,0,0.9855041,AGAINST,0,0.9900129,AGAINST,0,0.9905083,AGAINST,0,0.9905084,0.9905083,0.9905084,3,0.0028890101,0.0029028098,0,0.0066026957,0.0065887654,0,3,3/3 Unanimous
241,"जलवायु स्वाभाविक रूप से बदलती है और इसका हमारे साथ कोई लेना-देना नहीं है, इसे देखने के लिए केवल इतिहास को देखना होगा ! जलवायु परिवर्तन संकट एक धन कमाने वाला घोटाला है।",AGAINST,0,0.99970335,AGAINST,0,0.9861888,AGAINST,0,0.99865866,AGAINST,0,0.99485034,AGAINST,0,0.99479544,0.99485034,0.99479544,3,0.0027240033,0.0027587353,0,0.002425656,0.0024457562,0,3,3/3 Unanimous
242,मैं हमारे ग्रह को बचाने के लिए जियोहनी बोली का समर्थन करता हूँ।,FAVOR,1,0.8543056,NONE,2,0.9885443,NONE,2,0.9821316,NONE,2,0.7048314,NONE,2,0.7018831,0.0034786223,0.0035146913,0,0.29168996,0.29460216,1,0.7048314,0.7018831,2,2,2/3 Majority
243,मैं हमारे ग्रह को बचाने के लिए भू-हनी निविदा का समर्थन करता हूँ। âœŒ,FAVOR,1,0.9400136,NONE,2,0.955946,FAVOR,1,0.5903216,FAVOR,1,0.51474667,FAVOR,1,0.5132829,0.018171186,0.018149,0,0.51474667,0.5132829,2,0.46708214,0.4685681,1,2,2/3 Majority
244,"मुझे लगता है कि जीवाश्म ईंधन और जलवायु परिवर्तन के कारणों वाली वस्तुओं का उपयोग बंद करने का समय आ गया है, पृथ्वी सूख रही है।",FAVOR,1,0.9966239,FAVOR,1,0.5497193,FAVOR,1,0.99365014,FAVOR,1,0.8466644,FAVOR,1,0.8445908,0.13013993,0.13194181,0,0.8466644,0.8445908,3,0.023195686,0.023467414,0,3,3/3 Unanimous
245,"दुनिया भर में हमारे पृथ्वी को बैठना होगा गाड़ियों से कैंसर की खांसते हैं सूरज की तपन में पकी हुई मिट्टी में रेत का हिलना फुटपाथ ऋण के अधीन इमारतें जंग लग जाएँगी। विमान में प्रवेश करते हैं और पृथ्वी को नीचे गिरा देते हैं बुद्धिहीन बिना पौधों के तो जन्म होगा और जमीन के लिए संघर्ष करने के लिए आग कूदती है आग ने अब कोई औज़ार नहीं, हमारी पकड़ अस्थिर है जैसे-जैसे हमारी थकान बढ़ती जाएगी, हम कहाँ आराम करेंगे? आइडियलिस्ट, डिनायलिस्ट। कोई नहीं जानता? ठीक है, हम पेड़ रोपेंगे और बस में बैठ जाएँगे। उड़ानों को ऑफ़सेट करें या उन्हें भूल जाएं। कोई हंगामा नहीं! कूड़ेदान बाहर निकालें और पुनर्चक्रण करें, क्या आप कर सकते हैं? परतें पहनें (और नवीकरण चालू करें) खोज इंजन का उपयोग करने का प्रयास करें जो कहते हैं कि वे रोपण कर रहे हैं यदि यह गलत है तो पिचैई का बोलना बंद हो जाता है! और क्या आपको उस जोड़ी के नए स्टाइलिश पतलून की आवश्यकता है? मुझे संदेह है! बस पुराने पहन लो। वे कमाल के हैं!",NONE,2,0.98582214,NONE,2,0.9923503,FAVOR,1,0.5345163,NONE,2,0.8137366,NONE,2,0.81807894,0.0021602206,0.0021565678,0,0.18410327,0.1797645,1,0.8137366,0.81807894,2,2,2/3 Majority
246,यह सोचकर कितना मूर्खतापूर्ण लगता है कि भगवान ने इसे अपने नियंत्रण में नहीं रखा है।,NONE,2,0.6689218,NONE,2,0.52048075,FAVOR,1,0.80332947,FAVOR,1,0.46313146,NONE,2,0.4604904,0.07969629,0.08055891,0,0.46313146,0.4589507,1,0.45717227,0.4604904,2,2,2/3 Majority
247,"कृपया ग्लोबल वार्मिंग को गंभीरता से लेना शुरू करें। जीवाश्म ईंधन जलाना बंद कर दें। कारों, लड़ीओं, विमानों, घरों और व्यवसायों को हरित ईंधन में परिवर्तित करें। और साइकिल चलाएँ। अधिक चलें। प्रत्येक शहर और गाँव में हरित नीतियों का नवीनीकरण करें। अग्रणी भूमिका ग्रहण करें। यदि पर्यावरण में सुधार नहीं किया जाता है, तो रूसी आक्रमण को वित्तपोषित करने से बचने के लिए ऐसा करें। कौन सा देश शून्य कार्बन प्राप्त करने वाला पहला देश होगा?",FAVOR,1,0.93907386,FAVOR,1,0.9857275,FAVOR,1,0.990321,FAVOR,1,0.9717074,FAVOR,1,0.97150373,0.004038487,0.004061507,0,0.9717074,0.97150373,3,0.024254076,0.024434695,0,3,3/3 Unanimous
248,"मौसम, जलवायु नहीं। हमने छठे गर्मजोशी वाले चरण को छोड़ दिया है और छठे शीतलन चरण में हैं। सर्दियों में बहुत तेजी से बहुत ठंड पड़ेगी। २०२५ के आसपास कुछ बड़े ज्वालामुखी विस्फोट होने की उम्मीद है, संभवतः ७ से अधिक।",FAVOR,1,0.49971452,AGAINST,0,0.9508943,FAVOR,1,0.98995763,FAVOR,1,0.50459385,FAVOR,1,0.49831754,0.4400734,0.44582695,1,0.50459385,0.49831754,2,0.0553328,0.05585547,0,2,2/3 Majority
249,पूरी दुनिया को देखना चाहिए... इतिहास को खंडित किया गया है और पवन चक्की के कारण होने वाले बड़े प्रदूषण के बारे में सच्चाई सामने आई है। जल्द ही इन राक्षसों के पंखों से लाखों टन गैर जैव अपघटनीय फाइबर ग्लास निकल आएगा। उनके सहारे खड़े खंभे। फिर रासायनिक उत्पादन से भारी मात्रा में कैंसर पैदा करने वाले कोबाल्ट सहित भारी मात्रा में रासायनिक विषाक्त धुएं का उत्सर्जन होता है। फिर गैर-विघटनशील कंक्रीट आधार हैं। प्रत्येक में विशाल। जिनमें से सभी को अपक्षयित होने में हजारों साल लगते हैं। पूरी दुनिया को कुछ गुमराह किए हुए पागल लोगों द्वारा धोखा दिया जा रहा है। कृपया। आप सभी यूट्यूब पर आपके द्वारा किए गए दावों को खंडन करते हुए वीडियो देखें। सीखकर और उठकर इस बकबाक को रोकें।,AGAINST,0,0.9948789,AGAINST,0,0.7850495,AGAINST,0,0.9905934,AGAINST,0,0.9235073,AGAINST,0,0.9225575,0.9235073,0.9225575,3,0.044285044,0.04487687,0,0.032207686,0.032565624,0,3,3/3 Unanimous
250,"जलवायु परिवर्तन, अंग तातापोस एनग अतिंग मुंडो।दुनिया के सबसे ऊँचे पर्वत माउंट एवरेस्ट पर चढ़ाई करने के लिए सबसे पहले आपको एक विशेष अनुमति पत्र की आवश्यकता होगी। ना माँग उम्पीसा अंग गुलओ गियेर माग अगवान ng पगकेन पर माबुहय,मतिरा मतिबाय कया उना तायोंग बगसक जन।.पृथ्वी पर विश्राम का समय, विश्राम का समय, विश्राम का समय, विश्राम का समय, विश्राम का समय, विश्राम का समय, विश्राम का समय, विश्राम का समय, विश्राम का समय, विश्राम का समय, विश्राम का समय, विश्राम का समय, विश्राम का समय, विश्राम का समय, विश्राम का समय, विश्राम का समय, विश्राम का समय, विश्राम का समय, विश्राम का समय, विश्राम का समय, विश्राम का समय, विश्राम का समय, विश्राम का समय, विश्राम का समय, विश्राम का समय, विश्राम का समय, विश्राम का समय, विश्राम का समय, विश्राम का समय, विश्राम का समय, विश्राम का समय, विश्राम का समय, विश्राम का समय, विश्राम का समय, विश्राम का समय, विश्राम का समय, विश्राम का समय, विश्राम का समय, विश्राम का समय, विश्राम का समय, विश्राम का time, विश्राम का time, विश्राम का time, विश्राम का time, विश्राम का time, विश्राम का time, विश्राम का time, विश्राम का time, विश्राम का time, विश्राम का time, विश्राम का time... बच्चे अपने माता-पिता से प्यार करते हैं।",NONE,2,0.99760735,NONE,2,0.9952709,NONE,2,0.9989563,NONE,2,0.9972782,NONE,2,0.99725604,0.0010510072,0.0010616822,0,0.001670836,0.0016822563,0,0.9972782,0.99725604,3,3,3/3 Unanimous
251,"मानव गतिविधि जलवायु परिवर्तन के कारणों में से एक है, इसका प्रमाण कारखानों के धुएँ से उत्पन्न ग्रीनहाउस प्रभाव गैसों से मिलता है। वर्षों से, इस पर्यावरणीय समस्या में वृद्धि हुई है, इस कारण से आज हम भयानक परिणाम देख सकते हैं। हम इन्हें अपने महासागर में, मौसम में, हमारे खाद्य स्रोतों में और हमारे स्वास्थ्य में देख सकते हैं। मेरे लिए सबसे बड़ा परिणाम मौसम में है क्योंकि जलवायु परिवर्तन के कारण उच्च तापमान ने बर्फ को पिघला दिया, जिससे कई जानवर अपनी प्राकृतिक आदतों के बिना रह गए। इसके अलावा, उच्च तापमान हमारे त्वचा को तब प्रभावित करता है जब हम धूप के सीधे संपर्क में आते हैं, और हमारे भोजन/स्वस्थ में क्योंकि फसलें उगाना अधिक कठिन हो जाता है। यह एक दुखद वास्तविकता है लेकिन अगर हम ग्रह की परवाह करते हैं, तो हम बदलाव ला सकते हैं।",FAVOR,1,0.99944514,FAVOR,1,0.98535836,FAVOR,1,0.9983108,FAVOR,1,0.9943714,FAVOR,1,0.9943146,0.0026795445,0.002714859,0,0.9943714,0.9943146,3,0.0029490164,0.0029704806,0,3,3/3 Unanimous
252,"कूड़ा बॉबी को बताइए कि चिंता न करें, मैं दुनिया को बचाने के लिए यहाँ हूँ। पृथ्वी सूर्य के बहुत करीब है। इसका प्रदूषण से कोई संबंध नहीं है। इसे रोकने के लिए एक विशाल छत्र की तरह परावर्तक बादल लगाने के लिए समय। हम सभी के तलने और ६० मीटर से अधिक गहरे पानी में जाने से पहले।",AGAINST,0,0.85128504,FAVOR,1,0.53676045,AGAINST,0,0.7425065,AGAINST,0,0.6442452,AGAINST,0,0.64273703,0.6442452,0.64273703,2,0.22801755,0.22974634,1,0.12773724,0.12751661,0,2,2/3 Majority
253,हमें इस मुद्दे को नजरअंदाज नहीं करना चाहिए क्योंकि ग्लोबल वार्मिंग हमारे पर्यावरण को नुकसान पहुँचा रही है। कार्बन डाइऑक्साइड का स्तर बहुत अधिक हो गया है। वातावरण खराब हो रहा है। बहुत से लोग प्रदूषित हवा के कारण मर रहे हैं।,FAVOR,1,0.9951138,FAVOR,1,0.9833107,FAVOR,1,0.9988319,FAVOR,1,0.9924188,FAVOR,1,0.9923327,0.004511356,0.0045695235,0,0.9924188,0.9923327,3,0.0030698658,0.003097778,0,3,3/3 Unanimous
254,"मैं आपको जॉन कोलमैन, वेदर चैनल के संस्थापक, के विपरीत विचार देखने की सलाह दूंगा जहाँ वे इस पागल विचार को खंडित करते हैं।",AGAINST,0,0.9981996,AGAINST,0,0.98324615,AGAINST,0,0.98877954,AGAINST,0,0.9900751,AGAINST,0,0.9900826,0.9900751,0.9900826,3,0.0028151309,0.002827381,0,0.007109802,0.007090062,0,3,3/3 Unanimous
255,"अब तक, हम ग्रीनहाउस गैसों को बढ़ाने और ग्रह को गर्म करने के लिए जीवाश्म ईंधन का उपयोग कर रहे हैं। नतीजतन, हिमनदों में रहने वाले ध्रुवीय भालू पिघलते हुए हिमनदों के कारण विलुप्त होने के खतरे में हैं। इसके अलावा, तुवालू देश में बाढ़ आ गई क्योंकि हिमनद पिघल गए और समुद्र के स्तर में वृद्धि हुई।यह वास्तव में एक भयावह और भयानक बात है। अगर हम पर्यावरण के बारे में अब और नहीं सोचते हैं तो यहां तक कि जहाँ हम रहते हैं वह भी जलमग्न हो सकता है। अब भी जीवाश्म ईंधन का उपयोग बंद कर दीजिए।",FAVOR,1,0.99920624,FAVOR,1,0.9857991,FAVOR,1,0.99783546,FAVOR,1,0.9942803,FAVOR,1,0.9942286,0.002976437,0.0030157438,0,0.9942803,0.9942286,3,0.0027433103,0.0027556424,0,3,3/3 Unanimous
256,मुझे बहुत दुःख है कि अब इतनी सारी चीजें हो सकती हैं। सरकारें और उपयोगिताएँ ऐसे लोगों से भरी हुई हैं जो सुरक्षित रहते हैं और पीछे हट जाते हैं। यदि हम कोविड वैक्सीन की तरह इसे अपनाएँ तो १८ महीनों में जलवायु परिवर्तन का ५०% समाधान हो सकता है।,FAVOR,1,0.96936876,FAVOR,1,0.8650558,FAVOR,1,0.8289402,FAVOR,1,0.88778824,FAVOR,1,0.8884567,0.026182525,0.026349835,0,0.88778824,0.8884567,3,0.08602921,0.08519342,0,3,3/3 Unanimous
257,"पृथ्वी ऐसी स्थिति में नहीं है जो कि गोल्डीलॉक्स की स्थिति हो, यह हमेशा सूर्य के बहुत करीब रही है। वैज्ञानिकों पर विश्वास न करें क्योंकि उन्हें कुछ समझ नहीं आता। मैं इसे ""पप्पा बियर जोन"" कहता हूँ।",AGAINST,0,0.9530313,AGAINST,0,0.5451455,AGAINST,0,0.97716904,AGAINST,0,0.82511526,AGAINST,0,0.8230012,0.82511526,0.8230012,3,0.10658274,0.10802789,0,0.06830198,0.06897087,0,3,3/3 Unanimous
258,"जलवायु परिवर्तन के मुख्य कारण हैंः बिजली पैदा करने, कारों और अन्य प्रकार के परिवहन और बिजली उत्पादन और उद्योग के लिए कोयला, तेल और गैस जैसे जीवाश्म ईंधन का मानव का बढ़ता उपयोग। वनों की कटाई - क्योंकि जीवित पेड़ कार्बन डाइऑक्साइड को अवशोषित और संग्रहित करते हैं। :(ðŸ˜Ÿ",NONE,2,0.8189978,FAVOR,1,0.98135626,FAVOR,1,0.99761933,FAVOR,1,0.7194531,FAVOR,1,0.71646965,0.0025163356,0.0025478909,0,0.7194531,0.71646965,2,0.27803054,0.2809824,1,2,2/3 Majority
259,"जलवायु परिवर्तन उन लोगों के लिए संयुक्त राष्ट्र का षड्यंत्र है जिन्होंने प्राचीन इतिहास, भूविज्ञान और भू-इंजीनियरिंग के आत्म-अंधेपन में विफलता पाई है। क्या आप याद करते हैं कि अटलांटिस और १२० मीटर समुद्र के स्तर में वृद्धि केवल १०,००० वर्ष पहले हुई थी? क्या आपको क्लियोपेट्रा के पतन की याद है? हिम युग? नहीं, आप नहीं कर सकते। जलवायु परिवर्तन के षड्यंत्र में ओजोन की तुलना में अधिक छेद हैं। इससे पहले कि आप यह विश्वास करें कि आपको इतिहास का अध्ययन करना चाहिए",AGAINST,0,0.9992526,AGAINST,0,0.9837943,AGAINST,0,0.90268165,AGAINST,0,0.96190953,AGAINST,0,0.9626334,0.96190953,0.9626334,3,0.020904323,0.020463984,0,0.017186118,0.01690254,0,3,3/3 Unanimous
260,"कृपया ऐसा कोई वृत्तचित्र बनाइए जो इस युवा पीढ़ी को चाहिए कि हम इसे अभी देखें।वैज्ञानिक हमें चेतावनी दे रहे हैं कि पृथ्वी माँ के लिए अब या कभी नहीं है, प्रकृति विज्ञान... इस वीडियो को जलवायु परिवर्तन के बारे में लाखों अन्य वीडियो द्वारा देखा गया है, लेकिन वे आधे मिलियन व्यूज भी नहीं देख पाए हैं।",FAVOR,1,0.96846503,FAVOR,1,0.53830206,FAVOR,1,0.85035384,FAVOR,1,0.785707,FAVOR,1,0.78466153,0.011713445,0.011497602,0,0.785707,0.78466153,3,0.20257957,0.20384082,0,3,3/3 Unanimous
261,हाल ही की खबरों के कारण देखना कि वैज्ञानिक जलवायु परिवर्तन के बारे में हमें चेतावनी देते हैं और हमारे पास जलवायु परिवर्तन को बदलने के लिए केवल ३-५ साल बचे हैं।,FAVOR,1,0.99252725,AGAINST,0,0.9553762,AGAINST,0,0.7547189,AGAINST,0,0.5700743,AGAINST,0,0.5683354,0.5700743,0.5683354,2,0.3335857,0.33713493,1,0.09633999,0.094529666,0,2,2/3 Majority
262,मैं नहीं चाहता कि हमारा सुंदर संसार गायब हो जाए और हमने इसके लिए कुछ नहीं किया इसलिए ग्लोबल वार्मिंग से लड़ने में मदद करें।,NONE,2,0.7287746,NONE,2,0.9899961,NONE,2,0.9830498,NONE,2,0.9006069,NONE,2,0.899736,0.005848194,0.0058113327,0,0.09354497,0.09445261,0,0.9006069,0.899736,3,3,3/3 Unanimous
263,"आप मूर्ख! ग्लोबल वार्मिंग या जलवायु परिवर्तन जैसी कोई चीज़ नहीं है। उठिए, कृपया, एक बार जो इस सारी बकवास की शुरुआत कर चुके थे, अल गोर ने कहा था कि २०१३ तक आर्कटिक में मौजूद सारा बर्फ समाप्त हो जाएगा, आप अपना शोध करें और इस या उस के बारे में बात करने वाले किसी भी बेवकूफ़ को फॉलो करना बंद करें और अपनी सोच बनाइए। पृथ्वी (हम जिस ग्रह पर हैं, बस अगर।) पाठ: चक्रों से गुजरता है और इसलिए हम अब एक चक्र से गुजर रहे हैं, ठीक उसी तरह जैसे सूर्य हर ग्यारह वर्षों में चक्रों से गुजरता है, हमारा चक्र थोड़ा लंबा होता है, इस पर स्वयं शोध करें और सूचित रहें।",AGAINST,0,0.9988691,AGAINST,0,0.9811803,AGAINST,0,0.9960743,AGAINST,0,0.9920413,AGAINST,0,0.9919812,0.9920413,0.9919812,3,0.0020610585,0.002086832,0,0.005897658,0.005931879,0,3,3/3 Unanimous
264,"मध्य युग में हर कोई सोचता था कि पृथ्वी सपाट है। क्योंकि सभी ने कहा था कि ऐसा है। जैसे हर कोई कहता है कि हम ग्रह को नष्ट कर रहे हैं। डी.ओ.ई.: सूर्य को कोई दोष नहीं देता। जलवायु में हर बदलाव सूर्य के कारण होता है, हमारे कारण नहीं। पृथ्वी माता स्वयं को मनुष्यों के लिए नियंत्रित कर सकती है लेकिन सूर्य के लिए नहीं।",AGAINST,0,0.96982735,AGAINST,0,0.95669085,AGAINST,0,0.97552615,AGAINST,0,0.9673481,AGAINST,0,0.96723944,0.9673481,0.96723944,3,0.0036988899,0.003745159,0,0.028952949,0.029015353,0,3,3/3 Unanimous
265,"""वैश्विक तापमान वृद्धि"" मानव इतिहास का सबसे बड़ा घोटाला है।",AGAINST,0,0.99974984,AGAINST,0,0.9861267,AGAINST,0,0.9986532,AGAINST,0,0.99484324,AGAINST,0,0.9947883,0.99484324,0.9947883,3,0.0024506338,0.0024814392,0,0.0027061226,0.002730231,0,3,3/3 Unanimous
266,वैश्विक तापमान वृद्धि के प्रभाव को वास्तव में वैश्विक स्थिति के प्रभाव में बदल दिया गया है।,AGAINST,0,0.99864954,AGAINST,0,0.9532927,NONE,2,0.6515256,AGAINST,0,0.7171738,AGAINST,0,0.7235514,0.7171738,0.7235514,2,0.055111248,0.0539598,0,0.2277149,0.22248879,1,2,2/3 Majority
267,wow... यह कुछ ऐसा हो सकता है जिसे हम टालना चाहते हैं। लेकिन हम कभी नहीं कर सकते। वह एक दिन आएगा और हमें पीछा करेगा। मैं आशा करता हूँ कि सभी अपनी जीवनशैली बदलने का प्रयास करेंगे। कई प्रगति की जा रही हैं और सभी की ज़रूरतें हैं कि अधिक से अधिक लोग प्रयास करें। मुझे ऐसे वीडियो बनाने वाले लोग बहुत पसंद हैं क्योंकि यह लोगों के लिए बहुत आवश्यक है।,FAVOR,1,0.9956735,FAVOR,1,0.81191105,FAVOR,1,0.9538747,FAVOR,1,0.92048645,FAVOR,1,0.9199684,0.0014353842,0.001452411,0,0.92048645,0.9199684,3,0.07807822,0.07857918,0,3,3/3 Unanimous
268,"आकाश में गंदगी (सी.एस.ई.: सी.एम.सी.): गंदगी को नवीकरणीय डीजल में बदलना - आप कैसे कह सकते हैं कि ट्रूडो इस तकनीक में निवेश नहीं कर रहे हैं जो उच्च गुणवत्ता वाले डीजल का उत्पादन करती है, कचरे से कचरा हटाती है और मीथेन गैस से पर्यावरण को साफ करती है जो ग्रीन हाउस गैस और ग्लोबल वार्मिंग की समस्या का २५% है? यह एक आसान निर्णय है! ऐसा करदाताओं द्वारा जमीन से ऊर्जा निकालने और सौर और पवन प्रौद्योगिकियों को बनाने पर पैसा खर्च करने से पहले किया जाना चाहिए। हमारे महासागर मर रहे हैं, प्रजातियाँ विलुप्त होने वाली हैं। यदि हम ग्रह के स्वास्थ्य और वहां रहने वाले लोगों के स्वास्थ्य के आधार पर सही निर्णय नहीं लेते हैं तो मानव जाति अपने इतिहास में एक छोटा सा बिंदु ही होगी!",FAVOR,1,0.91142046,FAVOR,1,0.9343174,FAVOR,1,0.9962853,FAVOR,1,0.94734114,FAVOR,1,0.9467486,0.015107301,0.015286406,0,0.94734114,0.9467486,3,0.037551634,0.03796497,0,3,3/3 Unanimous
269,"राजनीतिक कूड़ा। यदि कोई प्राकृतिक वैश्विक तापमान वृद्धि नहीं होती तो भी हम हिम युग में होते। पिछले ९००० वर्षों में नौ वैश्विक तापन शीतलन चक्र हुए हैं, जो किसी के कारण नहीं हुए हैं और किसी के द्वारा तय नहीं किए गए हैं। वे जो ग्राफ दिखाते हैं, वे १८०० के दशक के हैं। यह अंतिम शीतलन चक्र का निचला भाग है। जानकारी विज्ञान की पुस्तकों में है जिसे ऑनलाइन संपादित नहीं किया जा सकता।",AGAINST,0,0.9983026,AGAINST,0,0.92629755,AGAINST,0,0.99488896,AGAINST,0,0.97316307,AGAINST,0,0.97285306,0.97316307,0.97285306,3,0.0019513033,0.0019768986,0,0.024885694,0.025169997,0,3,3/3 Unanimous
270,"मुझे विश्वास नहीं हो रहा है कि अधिकांश लोग इस बात पर विश्वास नहीं करते हैं, ठीक है, मैं उष्णकटिबंधीय क्षेत्र में रहता हूँ, उन दिनों की तूफ़ान आज की तुलना में उतने ज़बरदस्त नहीं थे, मुझे आशा है कि जो लोग इस बात पर विश्वास नहीं करते हैं, वे उष्णकटिबंधीय क्षेत्र में रह सकें, १०० किलोमीटर प्रति घंटे और उससे अधिक की गति की हवाएँ जिनका हम हर साल सामना करते हैं, खाएँ और रहें।",FAVOR,1,0.9319169,FAVOR,1,0.9703434,FAVOR,1,0.9070704,FAVOR,1,0.93644357,FAVOR,1,0.9368289,0.027090492,0.02670626,0,0.93644357,0.9368289,3,0.03646594,0.036464836,0,3,3/3 Unanimous
271,"हमारे ग्रीष्मकाल ३ महीने से घटाकर केवल ३ सप्ताह कर दिए गए हैं। पिछले २० वर्षों से हम अपने घरों को गर्म करने के लिए नवीकरणीय सौर ऊर्जा का अधिक से अधिक उपयोग कर रहे हैं (उस लकड़ी में संग्रहीत)। लगभग पाँच वर्ष पूर्व से वर्ष के प्रत्येक माह में, यहाँ तक कि जुलाई में भी, लकड़ी के चूल्हे में आग लगने लगी। स्पष्ट संकेत है कि हिम युग आ रहा है। बर्फ़ युग सर्दियों को और ठंडा नहीं बनाता है। गर्मियों की अवधि कम और कम होती जाती है जब तक कि एक ऐसे बिंदु तक नहीं पहुँच जाती जहाँ पुरानी बर्फ पूरी तरह से पिघल नहीं जाती है जब तक कि नई बर्फ नहीं गिरती है। और मिलैंकॉविच चक्रों के अनुसार यह हर लगभग ९०,०००+ वर्षों में छोटे बर्फीले युगों के अलावा नियमित रूप से होता है। वैश्विक अभ्यास? वह भी आता है लेकिन हमेशा छोटा होता है। दर्ज की गई सबसे गर्म जलवायु जीवाश्मों में ड्रैगनफ्लाई के आकार में कौवों के आकार को दर्शाती है। कहीं भी ""टिपिंग पॉइंट"" नहीं है। वैसे, अधिकांश वनस्पतियों और जीवों उष्णकटिबंधीय क्षेत्रों में पाए जाते हैं। एक संकेत है, अच्छा गर्म, बुरा बुरा। अगले हिम युग के दौरान १० अरब की आबादी में से आधे से अधिक (तब तक) भूखमरी और खाद्य आपूर्ति पर युद्धों से मर जाते हैं। हम अभी भी बर्फ पर भोजन नहीं उगा सकते।",FAVOR,1,0.8136895,NONE,2,0.65241194,NONE,2,0.6520718,NONE,2,0.4909567,NONE,2,0.4892398,0.22099125,0.22002017,0,0.288052,0.29073992,1,0.4909567,0.4892398,2,2,2/3 Majority
272,"मेरे दादाजी, जिन्होंने मृत्यु-काल में उच्च मंजूरी प्राप्त की थी, उन्होंने हमें बताया कि हमें जलवायु परिवर्तन के बारे में चिंता करने की आवश्यकता नहीं है क्योंकि शुक्र से आने वाले एलियंस की एक प्राचीन जाति ओजोन परत को मजबूत करके इसका ध्यान रख रही है और उनका कहना था कि इससे कोई फर्क नहीं पड़ता कि हम कुछ भी करते हैं।",NONE,2,0.9589011,AGAINST,0,0.6893611,NONE,2,0.8365937,NONE,2,0.6954169,NONE,2,0.6932888,0.26737878,0.27011448,1,0.03720436,0.036596708,0,0.6954169,0.6932888,2,2,2/3 Majority
273,मैं यहाँ इसलिए उपस्थित हूँ क्योंकि आज अनेक आपदाएँ घटित हो रही हैं और यह वैश्विक तापन के कारण है।,FAVOR,1,0.98952734,FAVOR,1,0.98362076,FAVOR,1,0.9976865,FAVOR,1,0.99027824,FAVOR,1,0.9901831,0.0038501369,0.0038970902,0,0.99027824,0.9901831,3,0.005871674,0.0059197443,0,3,3/3 Unanimous
274,"मैं इसे विद्यालय के लिए नहीं देख रहा हूँ, मैं इसे देख रहा हूँ क्योंकि मैं पृथ्वी के बारे में चिंतित हूँ और अगली पीढ़ी के बारे में अधिक चिंतित हूँ।",FAVOR,1,0.99550664,FAVOR,1,0.97808766,FAVOR,1,0.98572516,FAVOR,1,0.9864399,FAVOR,1,0.98643863,0.0041415137,0.0041908547,0,0.9864399,0.98643863,3,0.0094186375,0.0093704,0,3,3/3 Unanimous
275,"पूँजीवाद प्रणाली दुनिया की सभी समस्याओं के सिर पर है। कोई भी पूँजीपति अपनी किस्मत में कमी होते हुए देखने के लिए तैयार नहीं है। वे अधिक चाहते हैं और पैसे के लिए उनकी लालसा कम होने को तैयार नहीं है। मैं बस यही आशा करता हूँ कि इस दुनिया के मालिक बेहतर भावनाओं में आ जाएँगे। हम भिन्न महाद्वीपों में रहते हैं, किंतु हम एक-दूसरे पर निर्भर हैं। जलवायु परिवर्तन इस बात का प्रमाण है कि दुनिया के किसी भी हिस्से में की गई कोई भी बुरी हरकत पर्यावरण के सभी संतुलन को प्रभावित करती है। मैं हर दिन परिवर्तन के लिए प्रार्थना करता हूँ।",AGAINST,0,0.50756395,FAVOR,1,0.9476764,FAVOR,1,0.9876501,FAVOR,1,0.7893996,FAVOR,1,0.78724086,0.18392777,0.1859042,1,0.7893996,0.78724086,2,0.026672594,0.026854863,0,2,2/3 Majority
276,रोचक तथ्यः मैं यह स्कूल के लिए नहीं देख रहा हूँ। मैं वास्तव में पर्यावरण की परवाह करता हूँ।,NONE,2,0.68936926,FAVOR,1,0.95263916,FAVOR,1,0.69083023,FAVOR,1,0.6304881,FAVOR,1,0.6301439,0.055818807,0.055384442,0,0.6304881,0.6301439,2,0.31369314,0.31447163,1,2,2/3 Majority
277,शाकाहारी बनने से ग्रह बच जाता है।,NONE,2,0.8816795,FAVOR,1,0.71967834,FAVOR,1,0.7747795,FAVOR,1,0.51483035,FAVOR,1,0.51199675,0.09447671,0.09494166,0,0.51483035,0.51199675,2,0.39069292,0.39306158,1,2,2/3 Majority
278,"सेरिंग केगेराहान (सिन्हार माताहारी टेरललाउ मेमांकार् मेलेबिही अतुरान्या, जहाँ कुलीत बुमी (ओजोन) नेपिस करेना भवनक कचा, अस्पा पाबरीक, अस्पा केन्दरा...पाठ: पनास बेरलेबिह बिसरुक मेरुसाक हुतन (मेम्बकार्ना), दान पनास मेरुसाक मनूसिया दरि सिसी कुलित दान केपाला (सकी केपाला), मात्रा एयर लउट नाइक, कई टेरकिसिस बिबीर पंताई.. दरतन/पुलाउ बन्याक जो सुहू पनास के लिए विलयाह ईस बुमी (अंटार्कटिका डी.एल.एल.) में पलेना के कारण गंदा हो जाता है, कैयर ईस बनता है। हवा के कारण कई बार बादल बनते हैं, जो ओजोन के कारण होने वाली गर्मी को कम करते हैं, और हवा के कारण कई बार बादल बनते हैं, जो ओजोन के कारण होने वाली गर्मी को बढ़ाते हैं। उल्का आसानी से किसी भी वायुमंडल में प्रवेश कर सकता है यदि ओजोन वायुमंडल वाली ब्युमी है। इसके बाद आप कितने अंतर से ओजोन वायुमंडल को नियंत्रित करते हैं, Antarctica में वायुमंडल के कितने अंतर से निर्माण हुआ है। प्रौद्योगिकी या उद्योग मौजूद नहीं है, सभी दूषित हैं। नमस्ते, स्वास्थ्य उत्तम रहे।",NONE,2,0.99940324,NONE,2,0.9952441,NONE,2,0.9994468,NONE,2,0.9980314,NONE,2,0.99801147,0.0010748351,0.0010864732,0,0.0008937556,0.0009020031,0,0.9980314,0.99801147,3,3,3/3 Unanimous
279,"मैंने महसूस किया कि जलवायु परिवर्तन केवल जलवायु को ही नहीं बदलता है, बल्कि जमीन से परे जीवन को भी बदल देता है, विशेष रूप से हमारी सामान्य आवश्यकताओं पर जलवायु परिवर्तन का पर्याप्त प्रतिकूल प्रभाव पड़ा है। मैं आप सभी को यह कहना चाहता हूँ कि ""हम बेहतर के लिए परिवर्तन कर सकते हैं, लेकिन जलवायु परिवर्तन के लिए नहीं""।",FAVOR,1,0.9994259,FAVOR,1,0.9841717,FAVOR,1,0.98548096,FAVOR,1,0.98969287,FAVOR,1,0.9897362,0.0020935412,0.0021121479,0,0.98969287,0.9897362,3,0.008213611,0.008151608,0,3,3/3 Unanimous
280,लेकिन CO२ अधिकांश अन्य वायुमंडलीय गैसों की तुलना में भारी है और आम तौर पर जमीन के करीब रहता है। ऊपर से नहीं। तो आपका तर्क गलत है। तथ्य। और आपके co२ के माप अत्यधिक असंगत हैं। तथ्य,AGAINST,0,0.99649954,AGAINST,0,0.93619305,AGAINST,0,0.93132675,AGAINST,0,0.9546731,AGAINST,0,0.9549275,0.9546731,0.9549275,3,0.022508798,0.022456083,0,0.022818102,0.02261642,0,3,3/3 Unanimous
281,दुनिया के कुछ सबसे बुद्धिमान वैज्ञानिक बी. कह रहे हैं।ग्रीनहाउस गैसों से ग्लोबल वार्मिंग पर एस।,FAVOR,1,0.45303354,NONE,2,0.61487395,AGAINST,0,0.96077895,AGAINST,0,0.46460485,AGAINST,0,0.4585489,0.46460485,0.4585489,1,0.18561609,0.18761632,1,0.34977904,0.3538347,1,1,1/3 Weak/Plurality
282,"बढ़ते 'योजनाबद्ध अप्रचलन' (पढ़ें 'योजनाबद्ध विनाश') के युग में, मनुष्यों ने पृथ्वी को बर्बाद कर दिया है। सेलफोन, कंप्यूटर, बल्ब, ऑटोमोबाइल ... सभी को मुनाफ़े को अधिकतम करने के लिए स्वचालित रूप से या नीतिगत साधनों (अनिवार्य स्क्रैप) द्वारा आत्म-विनाश के लिए नियोजित किया गया है।",FAVOR,1,0.7579999,AGAINST,0,0.79686135,FAVOR,1,0.8383277,FAVOR,1,0.5372226,FAVOR,1,0.5330734,0.27141982,0.2751783,1,0.5372226,0.5330734,2,0.19135748,0.19174819,0,2,2/3 Majority
283,"जलवायु परिवर्तन के प्रभाव और कार्बन उत्सर्जन पर यह चर्चा द्वितीय विश्व युद्ध के तुरंत बाद शुरू होनी चाहिए थी। परमाणु हथियारों की ओर खर्च की गई सारी ""ऊर्जा"" का उपयोग ऊर्जा उत्पादन के लिए किया जाना चाहिए था। आई.सी.बी.एम. आदि पर खर्च किया गया सारा पैसा स्वच्छ ऊर्जा के उत्पादन पर अनुसंधान के लिए इस्तेमाल किया जाना चाहिए था। और इसी तरह। और इसी तरह आगे... पूँछ का टुकड़ाः अब ""विशेषज्ञों"" द्वारा पैनल और टीवी पर चर्चा करने से बहुत कम परिणाम होगा। लोगों को अपनी इच्छाओं में कटौती करनी होगी। सरकारों के पास अब तुरंत समाधान बनाने के लिए जादुई छड़ियाँ नहीं हैं। इस विश्व के प्रत्येक नागरिक को त्याग करना होगा और प्रयासों में योगदान देना होगा।",FAVOR,1,0.85014117,NONE,2,0.9841373,AGAINST,0,0.7187993,NONE,2,0.39445117,NONE,2,0.39918202,0.24176775,0.2358684,1,0.3637811,0.36494952,1,0.39445117,0.39918202,1,1,1/3 Weak/Plurality
284,हम ही हैं जो अब कार्य करके ग्रह को बचा सकते हैं। हम मिलकर इसे कर सकते हैं!!!!!!,FAVOR,1,0.99798596,FAVOR,1,0.98466545,FAVOR,1,0.99848986,FAVOR,1,0.9937138,FAVOR,1,0.993647,0.0029652882,0.0030046643,0,0.9937138,0.993647,3,0.0033209852,0.0033483028,0,3,3/3 Unanimous
285,परिवर्तन ही बड़ी समस्या नहीं है... ऐसा इसलिए है क्योंकि ये परिवर्तन पारिस्थितिकी तंत्र के अनुकूलन से अधिक तेजी से हो रहे हैं।,FAVOR,1,0.83676153,FAVOR,1,0.6542388,FAVOR,1,0.41946235,FAVOR,1,0.6368209,FAVOR,1,0.63940567,0.23806202,0.23699212,0,0.6368209,0.63940567,3,0.12511708,0.12360212,0,3,3/3 Unanimous
286,"जलवायु परिवर्तन, हमें चिंतित होना चाहिए!",FAVOR,1,0.7768344,AGAINST,0,0.91984385,AGAINST,0,0.7870805,AGAINST,0,0.61408263,AGAINST,0,0.61239034,0.61408263,0.61239034,2,0.2908083,0.29302937,1,0.09510908,0.09458028,0,2,2/3 Majority
287,लोगों को बुद्धिमान बनना चाहिए! कंप्यूटरों ने साबित किया कि जलवायु लाखों साल पहले हुई थी! लोग और गाय क्यों सोचते हैं कि लोग और गाय ग्रह को विलुप्त करने की कोशिश कर रहे हैं!,AGAINST,0,0.9968425,AGAINST,0,0.98358786,AGAINST,0,0.9922193,AGAINST,0,0.9908832,AGAINST,0,0.99085915,0.9908832,0.99085915,3,0.003956923,0.0039861505,0,0.0051598717,0.005154741,0,3,3/3 Unanimous
288,"जो लोग कह रहे हैं कि हम जलवायु परिवर्तन का कारण बन रहे हैं, यह स्पष्ट रूप से सच नहीं है। पृथ्वी के आरंभ से ही जलवायु बदल रही है। मुझे लगता है कि ""हम जलवायु परिवर्तन का कारण बन रहे हैं"" कहने वाले लोग हमारे सरकारों के लिए कर बढ़ाने का एक अच्छा बहाना हैं, लाखों लोग अपनी नौकरी खो देंगे, और लाखों लोग बेघर हो जाएंगे, और हमारे अधिकारों और स्वतंत्रताओं को गंभीर रूप से सीमित कर देंगे।",AGAINST,0,0.9938239,AGAINST,0,0.9850386,AGAINST,0,0.9973571,AGAINST,0,0.99207324,AGAINST,0,0.9920027,0.99207324,0.9920027,3,0.004745471,0.0047929483,0,0.0031813812,0.0032042896,0,3,3/3 Unanimous
289,"मनुष्यों के अति संवेदनशील मन के अंदर जलवायु बदल रही है, पृथ्वी पर नहीं। स्मार्ट फ़ोनों ने मनुष्यों को इतना बुद्धिमान बना दिया है कि वे अब प्रकृति की कठोरता को किसी भी रूप में नहीं झेल सकते।",NONE,2,0.72277355,FAVOR,1,0.66344386,AGAINST,0,0.9226582,AGAINST,0,0.47644225,AGAINST,0,0.47093683,0.47644225,0.47093683,1,0.23362552,0.23686795,1,0.28993225,0.2921952,1,1,1/3 Weak/Plurality
290,हमें जलवायु परिवर्तन को नियंत्रित करने के लिए कुछ महत्वपूर्ण रणनीतियाँ अपनानी चाहिए क्योंकि यह हमारे ग्रह को भी विलुप्त होने की कगार पर ला सकता है।,FAVOR,1,0.99945337,FAVOR,1,0.9858807,FAVOR,1,0.99845076,FAVOR,1,0.9945949,FAVOR,1,0.9945395,0.0030819224,0.0031203898,0,0.9945949,0.9945395,3,0.0023231308,0.0023401151,0,3,3/3 Unanimous
291,"मज़ाक़ों को छोड़ दें तो... मानवता धीरे-धीरे हमारे ग्रह को मार रही है और हम इसे नहीं जानते हैं। जलवायु परिवर्तन को रोकने के लिए तत्काल कार्रवाई करें, छोटी-छोटी कार्रवाइयां भी मदद करती हैं। प्रचार",FAVOR,1,0.99915326,FAVOR,1,0.97601503,FAVOR,1,0.99859494,FAVOR,1,0.9912544,FAVOR,1,0.9911503,0.002425311,0.00245538,0,0.9912544,0.9911503,3,0.0063202665,0.0063942224,0,3,3/3 Unanimous
292,"यह बहुत सच है कि ग्लोबल वार्मिंग हमारे ग्रह को अस्वास्थ्यकर बना सकती है या इससे भी बदतर, पृथ्वी पर जीवन नहीं रहेगा जैसा कि हम जानते हैं।लेकिन हमारे पास अभी भी कुछ समय है तैयारी करने के लिए। बहुत अच्छा राष्ट्रीय भूगोल!ðŸ'ðŸ»ðŸ'ðŸ»ðŸ'ðŸ»",FAVOR,1,0.9997911,FAVOR,1,0.98613536,FAVOR,1,0.99687296,FAVOR,1,0.99426645,FAVOR,1,0.9942264,0.002769299,0.0028023403,0,0.99426645,0.9942264,3,0.0029642542,0.0029712562,0,3,3/3 Unanimous
293,भले ही हम कल सभी नए कार्बन डाइऑक्साइड को जोड़ना बंद कर सकें ... वैश्विक तापमान वृद्धि अभी भी आने वाले दशकों तक बदतर हो जाएगी। आनंद लेना।,FAVOR,1,0.99512756,FAVOR,1,0.9741406,FAVOR,1,0.97964567,FAVOR,1,0.98297125,FAVOR,1,0.98300046,0.011802833,0.011824899,0,0.98297125,0.98300046,3,0.0052258833,0.0051746564,0,3,3/3 Unanimous
294,क्या आपको वाकई ऐसा लगता है कि पर्यावरण पर भू-इंजीनियरिंग के प्रभाव पर पूरी तरह से शोध किए गए शिक्षित लोग जलवायु परिवर्तन के प्रचार में कृत्रिम मौसम संशोधन का खुलासा किए बिना जलवायु परिवर्तन के बी.एस. को खरीद रहे हैं?,AGAINST,0,0.99729055,AGAINST,0,0.9837922,AGAINST,0,0.99414814,AGAINST,0,0.99174356,AGAINST,0,0.99170613,0.99174356,0.99170613,3,0.0020972278,0.0021186105,0,0.0061591524,0.0061752256,0,3,3/3 Unanimous
295,इडा तूफान ने मुझे यहाँ गिरा दिया। न्यूयॉर्क और न्यू जर्सी में बाढ़ आने से दुनिया में हड़कंप मच गया। ७ इंच बारिश ने इतनी सारी गाड़ियाँ और घर नष्ट कर दिए कि यह इतना अस्वाभाविक लग रहा था। मुझे अब वास्तव में जलवायु परिवर्तन में विश्वास हो गया है। ईश्वर का शुक्र है कि हम इसे रोक सकते हैं। मैं अपना योगदान देने और पृथ्वी को बचाने में मदद करने के लिए तैयार हूँ।,FAVOR,1,0.9659591,FAVOR,1,0.9797381,FAVOR,1,0.9805658,FAVOR,1,0.97542095,FAVOR,1,0.9753652,0.0065256306,0.0065849507,0,0.97542095,0.9753652,3,0.018053368,0.018049829,0,3,3/3 Unanimous
296,झूठे झूठे झूठे और अधिक झूठे हाँ यह ग्रह के लिए कोई अच्छा नहीं करता है लेकिन हम कारण नहीं हैं और हम सभी पेट्रोलियम कोयले को बनाने वाले हैं इससे ग्रह को कोई नुकसान नहीं है यह सूर्य और एक ऐसे ग्रह के कारण ध्रुव परिवर्तन है जो हमारे सौर मंडल से होकर गुजर रहा है नासा इसे ग्रह नौ कहता है यह ग्रह १० प्राचीन ने इसे निबिरु में पकड़ा था होपी भारतीय उन्होंने इसे लाल और नीले कचीन कहा और आप लोगों को इसके आदी हो जाना चाहिए क्योंकि ऐसा होने वाला है और आप जो भी अन्य झूठ चाहते हैं उन पर विश्वास करें।,AGAINST,0,0.6785271,NONE,2,0.9877318,AGAINST,0,0.9864709,AGAINST,0,0.55801386,AGAINST,0,0.55233085,0.55801386,0.55233085,2,0.0026898968,0.0027168065,0,0.43929625,0.44495225,1,2,2/3 Majority
297,"जलवायु वैज्ञानिकों और आम जनता के लिए यह समझना बहुत महत्वपूर्ण है कि वैश्विक तापमान वृद्धि पर कार्बन डाइऑक्साइड का क्या प्रभाव है। यद्यपि CO२ लंबी तरंग तापीय विकिरण को अवशोषित कर सकता है, यह ऊष्मा विकिरण को अवरुद्ध नहीं कर सकता है, और इसकी कम विशिष्ट ऊष्मा क्षमता के कारण गर्मी को पकड़ने की इसकी क्षमता बहुत सीमित है। इसके अलावा, वायुमंडल में कार्बन डाइऑक्साइड की बहुत कम सांद्रता के कारण, अधिकांश तापीय विकिरण बिना किसी ग्रीनहाउस गैस अणु से टकराए बाहरी अंतरिक्ष में निकल जाएगा। लोगों को इस बारे में फिर से विचार करने की आवश्यकता है कि पृथ्वी अपनी गर्मी कैसे बनाए रखती है और साथ ही साथ अधिक गर्म होने से भी रोकती है। वास्तव में पृथ्वी को गर्म रखने के लिए ताप ऊर्जा को धारण करने वाला संपूर्ण वायुमंडल है। चूँकि हवा में अधिकांश गैसें लंबी तरंग तापीय विकिरण को अवशोषित नहीं करती हैं, इसलिए वे केवल चालन और संवहन के माध्यम से अपनी ऊष्मा ऊर्जा प्राप्त कर सकती हैं। और हवा में संग्रहित गर्मी पृथ्वी की सतह से तापीय विकिरण प्रवाह को भी बचाती है! वैश्विक तापमान वृद्धि में कार्बन डाइऑक्साइड का प्रभाव वास्तव में नगण्य है!",AGAINST,0,0.7335228,AGAINST,0,0.88096213,FAVOR,1,0.68999493,AGAINST,0,0.5390361,AGAINST,0,0.54575646,0.5390361,0.54575646,2,0.24706604,0.24160387,1,0.21389788,0.2126396,0,2,2/3 Majority
298,"यदि हम गैसोलीन पर ५ डॉलर प्रति गैलन कर और प्रत्येक गाय पर ५०० डॉलर कर लगाते हैं तो कम से कम पागलपन को धीमा कर देगा। हमें प्रत्येक आयातित बैरल तेल पर १,०००,००० डॉलर और प्रत्येक तेल कुएं पर ५,०००,००० डॉलर का कर देना चाहिए। इन करों को ग्लोबल वार्मिंग से लड़ने और महासागरों को साफ करने पर खर्च किया जाना चाहिए ताकि वे भी समाप्त न हो जाएं। हमें पेट्रोल की आवश्यकता नहीं है...... हम आसानी से गैस को ई.पी.ए. द्वारा अनुमोदित अल्कोहल से निर्मित जैव अपघट्य और नवीकरणीय विकल्प से प्रतिस्थापित कर सकते हैं। जलवायु परिवर्तन के कारण पीड़ित और मरने वाले लोगों के लिए, हमारी अज्ञान और भ्रष्ट सरकार को दोषी ठहराएँ। ग्रह और मानव जाति को बचाने के लिए वोट दें।",FAVOR,1,0.99910283,FAVOR,1,0.9726671,FAVOR,1,0.9625313,FAVOR,1,0.9781005,FAVOR,1,0.9782779,0.006109107,0.0061607836,0,0.9781005,0.9782779,3,0.015790498,0.015561302,0,3,3/3 Unanimous
299,"जलवायु नहीं बदल रही है, जलवायु गर्म हो रही है !!! हम कब तक अपने युग की बीमारी, ""जनसंख्या विस्फोट"" को समझ पाएँगे? जलवायु में तापमान वृद्धि, जल आपूर्ति में कमी, फसल उत्पादन क्षेत्रों और वनों की जगह अचल संपत्ति ने ले ली है, कारखानों में स्वचालन में वृद्धि के कारण मनुष्यों को दिए जाने वाले मूल्य और उनके जीवन की गुणवत्ता में कमी आई है। पृथ्वी की वर्तमान स्थिति बहुत खराब है। हम मानव प्रजनन को नियंत्रित करने में बहुत देर कर चुके हैं!",FAVOR,1,0.98635036,FAVOR,1,0.6357152,AGAINST,0,0.6952258,FAVOR,1,0.6354707,FAVOR,1,0.6396144,0.35393873,0.3499144,1,0.6354707,0.6396144,2,0.010590568,0.010471161,0,2,2/3 Majority
300,"उत्तरी अमरीकी मित्रगण। मेरे पास ग्रह को बचाने के लिए एक अत्यंत महत्वपूर्ण सुझाव है। चीन ने हनशांदके रेगिस्तान को फिर से वनित किया। चीनी लोगों ने एक निर्जन क्षेत्र को एक वर्षावन में बदल दिया। अमेरिकी लोग महान नमक लक, सेवियर, पेंट की गई और कोलोराडो रेगिस्तान के साथ भी ऐसा ही क्यों नहीं करते? दक्षिणी संयुक्त राज्य अमेरिका में फल और जानवरों के साथ एक वर्षावन हो सकता है। बस कुछ पेड़ लगाना शुरू कर दीजिए, प्रकृति स्वयं ही प्रगति पूरी कर देगी। जंगल हमेशा जानता है कि क्या करना है।",FAVOR,1,0.99392337,FAVOR,1,0.8134335,FAVOR,1,0.792131,FAVOR,1,0.8664959,FAVOR,1,0.8673129,0.004697678,0.0047398335,0,0.8664959,0.8673129,3,0.12880637,0.12794726,0,3,3/3 Unanimous
301,"देखिए, स्थिति कितनी खराब है, हम इसके लायक हैं।",AGAINST,0,0.62122715,AGAINST,0,0.50505054,FAVOR,1,0.8937364,AGAINST,0,0.37986195,AGAINST,0,0.38433045,0.37986195,0.38433045,2,0.37889495,0.3724876,1,0.24124312,0.24318194,0,2,2/3 Majority
302,"जलवायु परिवर्तन मुझे अस्तित्व संबंधी भय से भर देता है, जो लोग इससे प्रभावित नहीं हैं, मैं उन्हें समझ नहीं पाता। उन लोगों के लिए जो कहते हैं 'इसे अन्य पीढ़ियों पर छोड़ दो' या 'मैं बहुत पहले चला जाऊंगा'। सच कहूँ, आप कितने स्वार्थी हैं?",FAVOR,1,0.9839864,FAVOR,1,0.97141176,FAVOR,1,0.9673875,FAVOR,1,0.9742618,FAVOR,1,0.9743397,0.012097766,0.012191158,0,0.9742618,0.9743397,3,0.0136403665,0.0134691065,0,3,3/3 Unanimous
303,"पृथ्वी ने लाखों वर्ष पूर्व अपनी स्थिति बदल ली है, इसीलिए अनेक पशु-पक्षी, वृक्ष और वृक्षारोपित जीव विलुप्त हो गए हैं, किंतु मानव गतिविधियों के कारण यह दिन-प्रतिदिन और अधिक बिगड़ता जा रहा है। पैसा कमाना ठीक है, लेकिन यह सुनिश्चित करें कि यह पर्यावरण के अनुकूल है।",FAVOR,1,0.5889989,FAVOR,1,0.96831614,FAVOR,1,0.5904822,FAVOR,1,0.7159324,FAVOR,1,0.717701,0.0096983835,0.009758372,0,0.7159324,0.717701,3,0.2743692,0.27254063,0,3,3/3 Unanimous
304,जलवायु परिवर्तन खतरनाक है मुझे यह वीडियो बहुत पसंद है।,FAVOR,1,0.97774017,FAVOR,1,0.8214316,FAVOR,1,0.9786008,FAVOR,1,0.9259241,FAVOR,1,0.9251832,0.013917599,0.014076797,0,0.9259241,0.9251832,3,0.060158227,0.060739968,0,3,3/3 Unanimous
305,"यदि जलवायु परिवर्तन प्रदूषण के कारण होता है। विकासशील देशों में जनसंख्या में वृद्धि का अर्थ है कम पेड़, स्वच्छ पानी और भोजन। विकसित देशों में आधुनिक समय की सभी इच्छाओं के साथ जीवन शैली प्रदूषण की मांग करती है, जो तेल से प्राप्त सभी प्लास्टिक है। जनसंख्या में एक ठहराव और उलटफेर होने पर ही इस स्थिति को बदला जा सकता है। मैं ७० के दशक में हूँ और प्रौद्योगिकी संतृप्ति और आज की आधी से भी कम आबादी के समय से पहले के सर्वोत्तम समय में रह चुका हूँ, जब जीवन इतना जटिल नहीं था। अधिक बेहतर नहीं है। विचार कर लीजिए।",FAVOR,1,0.6973818,NONE,2,0.9085841,FAVOR,1,0.8711318,FAVOR,1,0.5474567,FAVOR,1,0.5430962,0.011839538,0.011957632,0,0.5474567,0.5430962,2,0.44070384,0.4449461,1,2,2/3 Majority
306,दुनिया: *शब्दश: गर्मी पड़ रही है और प्रदूषित हो रही है* माता-पिता: ऐसा उस फ़ोन के कारण है,NONE,2,0.9823976,NONE,2,0.94670755,FAVOR,1,0.98758626,NONE,2,0.6471098,NONE,2,0.6549439,0.0010661747,0.0010783687,0,0.35182405,0.34397772,1,0.6471098,0.6549439,2,2,2/3 Majority
307,मुझे हरित धर्म में विश्वास नहीं है।,AGAINST,0,0.9886995,AGAINST,0,0.9604649,AGAINST,0,0.96412694,AGAINST,0,0.9710972,AGAINST,0,0.97116715,0.9710972,0.97116715,3,0.0037067581,0.0037454762,0,0.02519613,0.0250873,0,3,3/3 Unanimous
308,आप सभी जानते हैं कि इसकी ज़्यादातर ज़िम्मेदारी बड़े निगमों की है।,NONE,2,0.96926874,NONE,2,0.8212574,NONE,2,0.9827574,NONE,2,0.9244278,NONE,2,0.92362165,0.015367121,0.01551161,0,0.060205013,0.060866658,0,0.9244278,0.92362165,3,3,3/3 Unanimous
309,"हाहा, हम सभी जलवायु परिवर्तन से मर जाएँगे",NONE,2,0.77525,NONE,2,0.8804854,FAVOR,1,0.50016016,NONE,2,0.714452,NONE,2,0.7173183,0.03441929,0.034715835,0,0.2511287,0.24796581,1,0.714452,0.7173183,2,2,2/3 Majority
310,यह मूर्खतापूर्ण और दयनीय है। वास्तव में यह ग्रह हरा हो जाता है,FAVOR,1,0.96829593,FAVOR,1,0.9524303,FAVOR,1,0.9982034,FAVOR,1,0.9729765,FAVOR,1,0.9726554,0.021936582,0.02221011,0,0.9729765,0.9726554,3,0.0050869,0.005134526,0,3,3/3 Unanimous
311,"मैं यह नहीं देख रही हूँ क्योंकि मुझे मेरे शिक्षक ने मजबूर किया था। मैं इसे देख रही हूँ क्योंकि मैं एक शिक्षक हूँ और मुझे प्रतीत होता है कि केवल मैं ही रुचि रखने वाला व्यक्ति नहीं हूँ कि मेरे छात्र जलवायु परिवर्तन के प्रति जागरूक हो जाएँ। ईएसएल अध्यापिका, नमस्कार।",FAVOR,1,0.92192507,FAVOR,1,0.71392,FAVOR,1,0.6962492,FAVOR,1,0.77736473,FAVOR,1,0.77824944,0.008659594,0.008532702,0,0.77736473,0.77824944,3,0.21397565,0.21321778,0,3,3/3 Unanimous
312,"अब चालीस साल हो गए हैं जब पहली बार हमें जलवायु परिवर्तन के आसन्न संकट और यह सब हमारी गलती है, के बारे में बताया गया था। वर्ष २००० तक इंग्लैंड में समुद्र के स्तर में एक फुट, ३२ से.मी. की वृद्धि होने वाली थी। हमारे ग्रीष्मकाल बहुत गर्म और शीतकाल बहुत ठंडा होने वाला था। कोई भी यह इंगित कर सकता है कि वैश्विक तापमान वृद्धि और शीतलन हर कुछ सौ वर्षों में उतार-चढ़ाव करता रहा है। रोमन काल में अंगूर हम लिंकन तक उत्तर में उगाते थे और मध्ययुगीन काल में थानों में हर साल ठंड पड़ती थी जिससे हर सर्दियों में एक बाजार आयोजित किया जा सकता था। १९४० और ५० के दशक में हर साल इंग्लैंड के दक्षिण में बर्फ आती थी, अब यह बहुत कम देखी जाती है। हाँ, हमारी जलवायु परिवर्तनशील है जैसा कि सदियों से होता आया है और इसका मानव गतिविधि से कोई संबंध नहीं है।",FAVOR,1,0.5259216,AGAINST,0,0.9735044,AGAINST,0,0.99372137,AGAINST,0,0.80015707,AGAINST,0,0.79807085,0.80015707,0.79807085,2,0.17915475,0.18106613,1,0.020688131,0.020862943,0,2,2/3 Majority
313,woah...यह हमारे धरती माता के लिए बहुत बड़ी क्षति है।,FAVOR,1,0.8417434,NONE,2,0.8729852,FAVOR,1,0.85384744,FAVOR,1,0.5958826,FAVOR,1,0.5922631,0.014906436,0.015000292,0,0.5958826,0.5922631,2,0.38921097,0.3927366,1,2,2/3 Majority
314,"आने वाले समय में १ जून, २०२१ को उत्तरी संयुक्त राज्य अमेरिका में रिकॉर्ड ठंडा तापमान दर्ज किया जाएगा, जो वैश्विक तापमान वृद्धि की बकवास के लिए है।",AGAINST,0,0.9987268,AGAINST,0,0.98523104,AGAINST,0,0.9892336,AGAINST,0,0.9910638,AGAINST,0,0.99107873,0.9910638,0.99107873,3,0.0033923872,0.0033857278,0,0.005543808,0.005535531,0,3,3/3 Unanimous
315,यह बहुत दुखद है और लोगों को ग्लोबल वार्मिंग के बारे में कोई जानकारी नहीं है :( इसके अलावा आप मेरी ग्लोबल वार्मिंग और ग्रीनहाउस गैसों के बारे में वीडियो देख सकते हैं @,FAVOR,1,0.9983827,FAVOR,1,0.9326942,FAVOR,1,0.9932541,FAVOR,1,0.974777,FAVOR,1,0.9745109,0.0017126797,0.0017272332,0,0.974777,0.9745109,3,0.023510328,0.023761868,0,3,3/3 Unanimous
316,"यह वाकई दुखद है। मनुष्य दुनिया को नष्ट कर रहे हैं, और हमारे पास कोई समाधान नहीं है।",FAVOR,1,0.99952245,FAVOR,1,0.98478657,FAVOR,1,0.9916814,FAVOR,1,0.99199677,FAVOR,1,0.99199224,0.003788501,0.003810819,0,0.99199677,0.99199224,3,0.0042146672,0.0041968618,0,3,3/3 Unanimous
317,"हाहाहाहाहाहाहाहाहाहाहाहाहाहाहाहाहाहाहाहाहाहाहाहाहाहाहाहाहाहाहाहाहाहाहाहाहाहाहाहाहाहाहाहाहाहाहाहाहाहाहाहाहाहाहाहाहाहाहाहाहाहाहाहाहाहाहाहाहाहाहाहाहाहाहाहाहाहाहाहाहाहाहाहाहाहाहाहाहाहाहाहाहाहाहाहाहाहाहाहाहाहाहाहाहाहाहाहाहाहाहाहाहाहाहाहाहाहाहाहाहाहाहाहाहाहाहाहाहाहाहाहाहाहाहाहाहाहाहाहाहाहाहाहाहाहाहाहाहाहाहाहाहाहाहाहाहाहाहाहाहाहाहाहाहाहाहाहाहाहाहाहाहाहाहाहाहाहाहाहाहाहाहाहाहाहाहाहाहाहाहाहाहाहाहाहाहाहाहाहाहाहाहाहाहाहाहाहाहाहाहाहाहाहाहाहाहाहाहाहाहाहाहाहाहाहाहाहाहाहाहाहाहाहाहाहाहाहाहाहाहाहाहाहाहाहाहाहाहाहाहाहाहाहाहाहा क्या बकवास। बच्चे इस छल-कपट में विश्वास करते हैं लेकिन बड़े लोग, चाहे कितने भी चतुर और शिक्षित क्यों न हों।",AGAINST,0,0.9991447,AGAINST,0,0.9827591,NONE,2,0.9978471,AGAINST,0,0.6608215,AGAINST,0,0.6689805,0.6608215,0.6689805,2,0.0037996285,0.003832415,0,0.33537892,0.32718703,1,2,2/3 Majority
318,"ओह, मुझे समझ आ गया।कोई वास्तविक आँकड़े नहीं, लेकिन..अभी कार्रवाई करनी होगी!! हमेशा एक ""आपातकाल!"" मुर्गी ने कहा आसमान गिर रहा है"", दोहराएँ और दोहराएँ! यह आप हैं! ""भूख संकट"" की तरह यह ""जलवायु संकट"" कभी समाप्त नहीं होगा। उठ जाओ। फिर भी लोग समुद्र तट के किनारे संपत्ति क्यों खरीद रहे हैं और मूल्य आसमान छू रहा है?",AGAINST,0,0.99801147,AGAINST,0,0.48588347,AGAINST,0,0.9877835,AGAINST,0,0.82389283,AGAINST,0,0.82157284,0.82389283,0.82157284,3,0.1334363,0.1352424,0,0.042670906,0.04318479,0,3,3/3 Unanimous
319,"राष्ट्रीय भूगोल कृषि के लिए लॉबी करता है और यह संख्या और आँकड़ों पर आधारित है कि कृषि ग्लोबल वार्मिंग का प्रमुख योगदानकर्ता है, लेकिन वे इस बात का उल्लेख नहीं करते हैं कि राष्ट्रीय भूगोल ने कुछ विश्वसनीयता खो दी है कि वे कितने भ्रष्ट हैं, आप शर्म करो राष्ट्रीय भूगोल आप एक प्रतिष्ठित नाम रखने वाले हैं और प्रतिष्ठा, आप दुनिया को जो झूठी जानकारी दी है, वह और क्या है?",AGAINST,0,0.984423,NONE,2,0.8806964,AGAINST,0,0.8480842,AGAINST,0,0.6485984,AGAINST,0,0.645633,0.6485984,0.645633,2,0.029020542,0.028448483,0,0.3223811,0.32591853,1,2,2/3 Majority
320,"आपके स्कूलों को आपको इसे देखने के लिए मजबूर करना पड़ा क्योंकि यह झूठ है और आपका शिक्षक झूठा है, अगर यह सच होता, तो उन्हें आपको इसे देखने के लिए मजबूर करने की आवश्यकता नहीं होती और हम सभी तथाकथित 'परिवर्तन' को देखेंगे।",AGAINST,0,0.99766695,AGAINST,0,0.9850503,AGAINST,0,0.9946643,AGAINST,0,0.99246055,AGAINST,0,0.99242604,0.99246055,0.99242604,3,0.0021730124,0.002195631,0,0.0053664423,0.005378291,0,3,3/3 Unanimous
321,"स्कूल के बच्चे! मैं २८ वर्ष का हूँ और यह देख रहा हूँ। सुनिश्चित करें कि जैसे-जैसे आपकी उम्र बढ़ेगी, आप इस समस्या को ठीक कर लें क्योंकि आपके लिए यह और भी बदतर हो जाएगी।",NONE,2,0.7640265,FAVOR,1,0.95317143,FAVOR,1,0.9709792,FAVOR,1,0.71374613,FAVOR,1,0.710984,0.008846839,0.008924301,0,0.71374613,0.710984,2,0.277407,0.28009158,1,2,2/3 Majority
322,"जैसे-जैसे सूर्य बड़ा होता जाता है, वह अधिक हिंसक हो जाता है, इसलिए इस बारे में बात करना बंद कर दें कि यह कार्बन डाइऑक्साइड है या कोई अन्य बेकार अज्ञानता भरा बहाना है। यह सब सौर मंडल के परिवर्तनों का एक प्रतिबिंब है, और अज्ञानी मनुष्य इस बात से अनजान हैं कि क्या हो रहा है।",FAVOR,1,0.85672635,AGAINST,0,0.7977624,FAVOR,1,0.95950216,FAVOR,1,0.6665682,FAVOR,1,0.66255975,0.30138353,0.30536056,1,0.6665682,0.66255975,2,0.03204826,0.03207971,0,2,2/3 Majority
323,"भगवान अपने पृथ्वी की देखभाल करेंगे। रुकें, देखें और सुनें और आपको पता चल जाएगा कि वह पहले से ही क्या कर रहा है!!",NONE,2,0.6581901,FAVOR,1,0.7894345,NONE,2,0.8691949,NONE,2,0.51660043,NONE,2,0.5118753,0.15989204,0.16075483,0,0.3235075,0.32736984,1,0.51660043,0.5118753,2,2,2/3 Majority
324,"मेरा विचार है कि जलवायु परिवर्तन में मदद मिलेगी, यदि गति सीमा को घटाकर ५० मील प्रति घंटे कर दिया जाए। सोचिए कि धीमी गति से गाड़ी चलाने से वायुमंडल में न जाने वाले सभी उत्सर्जन। धीमी गति से गाड़ी चलाने से बचाए गए सभी जीवन, यह एक जीत-जीत की स्थिति है।",FAVOR,1,0.9122871,AGAINST,0,0.48897678,FAVOR,1,0.5943343,FAVOR,1,0.5538089,FAVOR,1,0.552875,0.17779525,0.17997222,1,0.5538089,0.552875,2,0.26839578,0.2671527,0,2,2/3 Majority
325,"ऑनलाइन स्कूल के लिए इसे देखने के लिए मजबूर किए गए सभी लोगों के लिए, मैं आशा करता हूँ कि आप इस वास्तविक खतरे को गंभीरता से लें। मानव द्वारा जलवायु परिवर्तन को वैज्ञानिक रूप से सिद्ध किया गया है।",FAVOR,1,0.99713683,FAVOR,1,0.98253065,FAVOR,1,0.9917932,FAVOR,1,0.99048686,FAVOR,1,0.9904624,0.0053136502,0.0053231427,0,0.99048686,0.9904624,3,0.0041994248,0.0042144335,0,3,3/3 Unanimous
326,"जलवायु परिवर्तन केवल भय फैलाने से अधिक कुछ नहीं है। ""ओह, मित्रों, हम २० वर्षों में मर जाएंगे!!! नहीं नहीं, १० साल!!!"" १९८० के दशक से लोग उस समय से ही ये शब्द कह रहे हैं जब हर कोई कहता था कि २००० में जलवायु परिवर्तन से हम मर जाएंगे। क्या अनुमान लगा सकते हैं? बीस साल से अधिक समय बीत चुका है और अभी तक यह नहीं हुआ है। वास्तव में, लोगों ने १९७० के दशक में भगवान की खातिर ग्लोबल कूलिंग के बारे में शिकायत की थी। जलवायु परिवर्तन और ग्लोबल वार्मिंग पृथ्वी के चक्र का एक और हिस्सा है और इसके परिणाम कम से कम कुछ दर्जन हज़ार वर्षों में एक समस्या बन जाएंगे।",FAVOR,1,0.98177916,AGAINST,0,0.960304,AGAINST,0,0.9732092,AGAINST,0,0.64963883,AGAINST,0,0.64617527,0.64963883,0.64617527,2,0.32995215,0.33346415,1,0.020409003,0.020360488,0,2,2/3 Majority
327,जलवायु परिवर्तन सबसे बड़ा ख़तरा है!!!,AGAINST,0,0.9461706,AGAINST,0,0.8125221,FAVOR,1,0.7625675,AGAINST,0,0.58822936,AGAINST,0,0.59535617,0.58822936,0.59535617,2,0.30481276,0.29920107,1,0.106957875,0.10544275,0,2,2/3 Majority
328,इस गलत सूचना अभियान में से एक उपकरण यह है कि जलवायु संदेहियों के दावों को व्यापक रूप से प्रचारित किया जाए जिन्हें सहकर्मी समीक्षा के अधीन नहीं किया गया है।,AGAINST,0,0.9462616,AGAINST,0,0.97246563,AGAINST,0,0.9656276,AGAINST,0,0.9614516,AGAINST,0,0.96141493,0.9614516,0.96141493,3,0.005115921,0.0051681963,0,0.03343249,0.03341692,0,3,3/3 Unanimous
329,क्या मैं अकेली हूँ जो इसे स्कूल के लिए नहीं देख रही हूँ और वास्तव में हमारे ग्रह की परवाह करती हूँ?,FAVOR,1,0.9832577,NONE,2,0.5842265,NONE,2,0.8136546,FAVOR,1,0.47574243,FAVOR,1,0.47892407,0.05396497,0.05470505,0,0.47574243,0.47892407,1,0.4702926,0.46637082,2,2,2/3 Majority
330,पृथ्वी पर प्रत्येक पदार्थ।इस ग्रह से खोदा गया है।पृथ्वी का मूल आखिरकार खून बहा रहा है ..भूमिगत और महासागरों से ..कोर से गर्मी और जमीन से विषाक्त गैस एक प्रमुख वैश्विक तापमान वृद्धि का कारण बन रही है। भूकंप और सुनामी समुद्र तल और भूमि के नीचे दरार के कारण होती है। हम इस बात का अत्यधिक ध्यान रख रहे हैं कि पृथ्वी को ठंडा रखने के लिए कुछ उपाय करने होंगे।,FAVOR,1,0.9972989,FAVOR,1,0.9836165,FAVOR,1,0.99820447,FAVOR,1,0.9930399,FAVOR,1,0.9929682,0.0036978826,0.0037464006,0,0.9930399,0.9929682,3,0.0032621643,0.003285353,0,3,3/3 Unanimous
331,मैं आशा करती हूँ कि वे वास्तव में विश्वास नहीं करेंगे कि वे बढ़ते जल स्तर को रोक सकते हैं। वे पिछले १८ हजार वर्षों से बढ़ रहे हैं। हमें अपने शहरों के चारों ओर समुद्री दीवारें बनाने पर ध्यान देना चाहिए।,FAVOR,1,0.6247433,AGAINST,0,0.875994,AGAINST,0,0.9948835,AGAINST,0,0.741014,AGAINST,0,0.7381724,0.741014,0.7381724,2,0.24102952,0.24369892,1,0.017956402,0.018128643,0,2,2/3 Majority
332,"यदि आप चाहते हैं कि जलवायु परिवर्तन समाप्त हो जाए, तो अपने एयर कंडीशनिंग/फर्नेस इंस्टॉलर को तब देखना शुरू करें जब वह आपकी इकाई को बदल रहा हो। रेफ्रिजरेंट का एक एकल जानबूझकर जारी करना ६ महीने तक लगातार एस.यू.वी. को खाली छोड़ने के बराबर है। उसे वीडियो पर ले जाएँ, ई.पी.ए. कंपनी पर भारी जुर्माना लगाएगा और आपको ५००० डॉलर का इनाम मिलेगा, लेकिन इससे भी बेहतर, आप ग्रह की बचत करेंगे। और मुझे कैसे ज्ञात होगा कि ऐसा होता है? मैंने इन लोगों के साथ काम किया है, इसलिए मुझे पता है कि ऐसा होता है।",AGAINST,0,0.6576386,NONE,2,0.9914278,FAVOR,1,0.657702,NONE,2,0.4871501,NONE,2,0.4906163,0.25365922,0.25518557,1,0.2591907,0.25419813,1,0.4871501,0.4906163,1,1,1/3 Weak/Plurality
333,"नाम : लुलु फजरीया शिक्षा स्तर कक्षा : बारह सामग्री : तग़ास प्क़्न स्थिति : वैश्विक चिंता टिप्पणी: वैश्विक तापमान वृद्धि को कम करने के लिए केवल वायुमंडलीय ताप और सौर ऊर्जा ही पर्याप्त नहीं है, लेकिन यह भी पर्याप्त है कि हम वृक्षारोपण करें।",FAVOR,1,0.7003019,FAVOR,1,0.9830049,FAVOR,1,0.863883,FAVOR,1,0.8490632,FAVOR,1,0.84904134,0.0020971326,0.002121017,0,0.8490632,0.84904134,3,0.14883964,0.14883766,0,3,3/3 Unanimous
334,"लालच ने मूल रूप से इस समस्या को पैदा किया और पैसे के बजाय भगवान, प्रेम के लिए काम करने से यह ठीक हो जाएगा। मत्ती ६, ७. जो लोग पृथ्वी को नष्ट करते हैं, भगवान उन्हें नष्ट कर देंगे। प्रकटीकरण ११",NONE,2,0.9260371,NONE,2,0.6400763,NONE,2,0.99179864,NONE,2,0.8526373,NONE,2,0.85075235,0.009259134,0.009295611,0,0.13810351,0.13995196,0,0.8526373,0.85075235,3,3,3/3 Unanimous
335,"यह तथ्य कि ब्रिटिश शाही परिवार और अल गोर ग्लोबल वार्मिंग के एजेंडे को बढ़ावा देते हैं और वित्तपोषित करते हैं, यह साबित करने के लिए पर्याप्त है कि यह एक धोखाधड़ी है।",AGAINST,0,0.9991228,AGAINST,0,0.986201,AGAINST,0,0.9965933,AGAINST,0,0.99397236,AGAINST,0,0.9939325,0.99397236,0.9939325,3,0.0028193165,0.0028541323,0,0.0032082694,0.003213257,0,3,3/3 Unanimous
336,"३ मुख्य कार्बन डाइऑक्साइड अवशोषण भंडारों के कारण कोई रनअवे ग्रीनहाउस प्रभाव नहीं है। यहाँ विषय यह है कि यहाँ जो भी आर्थिक प्रगति औद्योगिक क्रांति में शुरू हुई थी, वह तब विकसित होने के लिए एक बुरी बात थी। वे यह भी उल्लेख नहीं करते हैं कि CO२ ४ अलग-अलग अवरक्त तरंग दैर्ध्य में अवशोषित है, पूरे स्पेक्ट्रम में नहीं। जलवायु परिवर्तन मनुष्यों द्वारा सुगम नहीं बनाया जाता है। प्रदूषित यदि आप रोग के बारे में इतना अधिक चिंतित हैं तो तंबाकू के सेवन और उन रसायनों के बारे में क्या? CO२ अणु व्यापक रूप से दूर हैं क्योंकि गैस वायुमंडल का केवल ०.०३५% बनाती है।",AGAINST,0,0.99744713,NONE,2,0.98265517,AGAINST,0,0.47877187,AGAINST,0,0.49690542,AGAINST,0,0.4965684,0.49690542,0.4965684,2,0.030602554,0.029885352,0,0.47249207,0.47354615,1,2,2/3 Majority
337,"आपको यह सब अपने विद्यालयों द्वारा प्रदान किए जाने के लिए धन्यवाद देना चाहिए, जलवायु परिवर्तन वास्तविक है। यह एक वैश्विक स्तर की समस्या है।",FAVOR,1,0.9996136,FAVOR,1,0.98514557,FAVOR,1,0.9976858,FAVOR,1,0.99414825,FAVOR,1,0.9940963,0.003633626,0.003670388,0,0.99414825,0.9940963,3,0.0022180546,0.0022333176,0,3,3/3 Unanimous
338,"वैज्ञानिकों और आई.पी.सी.सी. को वर्षों से पता है कि कार्बन डाइऑक्साइड में तीन जलवायु परिवर्तन गुण हैं: एक जो गर्म करता है (ग्रीनहाउस गैस प्रभाव) और दो जो ठंडा करते हैं (वनस्पति और एरोसोल प्रभाव)। जबकि ग्रीनहाउस गैस प्रभाव पर दर्जनों अध्ययन हुए हैं, केवल पाँच अध्ययन CO२ के कुल प्रभाव पर हुए हैं। सभी पाँचों ने एक ही बात समाप्त की। CO२ गर्म होने की तुलना में अधिक ठंडा करता है। अंतिम अध्ययन जिसमें हर अंतर्राष्ट्रीय जलवायु संस्थान (नासा, एन.ओ.ए.ए., बर्कले, हैडली, यॉर्क, विश्व मौसम विज्ञान संगठन (टोक्यो), आर.एस.एस., यू.ए.एच. और मौना लोआ वेधशाला) के ६२+ वर्षों के वास्तविक समय के अभिलेख और घंटेवार और मासिक डेटासेट शामिल थे, यह पाया गया कि जल वाष्प और मीथेन का जलवायु परिवर्तन पर शुद्ध प्रभाव पड़ता है। लेकिन, CO२ का कुल प्रभाव (हरित गृह, वनस्पति और एरोसोल प्रभाव संयुक्त) विरोधी बल जलवायु है। मुझे उन सभी संगठनों के लिए वास्तव में खेद है जिन्होंने वनस्पति और एरोसोल प्रभावों में छूट दी और उन शिक्षकों को जिन्हें अब यह स्वीकार करना होगा कि वे हमेशा वही नहीं सिखाते जो वास्तविक है।",NONE,2,0.73659396,NONE,2,0.5850168,AGAINST,0,0.43272832,NONE,2,0.56424606,NONE,2,0.5665487,0.3623924,0.3615986,1,0.07336153,0.07185269,0,0.56424606,0.5665487,2,2,2/3 Majority
339,"२०२० में हमारे पास सबसे अधिक स्तर का कार्बन डाइऑक्साइड था, हालाँकि महामारी के कारण पूरी दुनिया धीमी हो गई थी। मुझे यह भ्रामक प्रतीत होता है।",NONE,2,0.82184964,FAVOR,1,0.6881977,NONE,2,0.65109015,NONE,2,0.52571565,NONE,2,0.5237548,0.09785351,0.09883272,0,0.37643084,0.37741244,1,0.52571565,0.5237548,2,2,2/3 Majority
340,और लगभग सभी लोग इसे जानते हैं लेकिन फिर भी कोई ध्यान नहीं दे रहा है! मुझे वास्तव में इससे नाराज़गी होती है कि कुछ लोग इसे नकली समझते हैं। सच कहूँ तो मैं चाहती हूँ कि हर कोई यह वीडियो देख सके <३,NONE,2,0.92420524,FAVOR,1,0.50525635,FAVOR,1,0.967367,FAVOR,1,0.51531845,FAVOR,1,0.5099726,0.004943703,0.00495875,0,0.51531845,0.5099726,2,0.47973776,0.4850686,1,2,2/3 Majority
341,"मैं इसे शैक्षिक उद्देश्यों के लिए नहीं देख रहा हूँ, लेकिन २०२० में जो कुछ भी हुआ उसके बाद मैं २०२१ में अपने ग्रह के बारे में चिंतित हूँ।",FAVOR,1,0.9386121,NONE,2,0.9156003,NONE,2,0.5561695,NONE,2,0.51042575,NONE,2,0.5103487,0.14566289,0.14218245,0,0.34391138,0.3474689,1,0.51042575,0.5103487,2,2,2/3 Majority
342,पृथ्वी पर बहुत अधिक लोग हैं। अधिक लोगों का अर्थ है कम पेड़ों का।,FAVOR,1,0.519489,NONE,2,0.978272,FAVOR,1,0.6100305,NONE,2,0.5754366,NONE,2,0.57812476,0.042734426,0.04315701,0,0.381829,0.37871826,2,0.5754366,0.57812476,1,2,2/3 Majority
343,"मैं एक कारण और प्रभाव निबंध लिखने के लिए जानकारी प्राप्त करने हेतु यह वीडियो देख रहा हूँ। हालांकि मैं वीडियो देखता हूँ। यह हमें मनुष्यों के रूप में सिखाता है कि हम इस पृथ्वी के साथ क्या कर रहे हैं, जब हम यह भी नहीं जानते कि हम क्या कर रहे हैं!",FAVOR,1,0.9606862,NONE,2,0.98315537,NONE,2,0.5435749,NONE,2,0.5218213,NONE,2,0.52209145,0.001989737,0.0019994546,0,0.476189,0.4759091,1,0.5218213,0.52209145,2,2,2/3 Majority
344,"जो भी इसे पढ़ रहा है, कृपया टिप्पणी करें, पृथ्वी बहुत महत्वपूर्ण है और कोई दूसरा ग्रह नहीं है।",AGAINST,0,0.5342815,AGAINST,0,0.911581,FAVOR,1,0.9955173,AGAINST,0,0.48239017,AGAINST,0,0.4885573,0.48239017,0.4885573,2,0.3637347,0.35587603,1,0.15387516,0.15556665,0,2,2/3 Majority
345,कार्बन को कम करने के लिए मेरे पास एक उपाय हैः सभी जानवरों को मार डालो और सांस भी मत लो।,NONE,2,0.93950444,FAVOR,1,0.9331571,NONE,2,0.8879072,NONE,2,0.628647,NONE,2,0.6249366,0.03723777,0.036676455,0,0.33411518,0.33838698,1,0.628647,0.6249366,2,2,2/3 Majority
346,केवल नवीकरणीय ऊर्जा में परिवर्तन करना शायद पर्याप्त नहीं होगा... हमें अत्यधिक मात्रा में सामान खरीदने और फिर उसे नष्ट करने की अपनी आदत को बदलना होगा क्योंकि हमारे पास बहुत अधिक सामान है।,FAVOR,1,0.9703151,FAVOR,1,0.90798724,FAVOR,1,0.99108607,FAVOR,1,0.9564628,FAVOR,1,0.95599884,0.004726171,0.0047883056,0,0.9564628,0.95599884,3,0.038811035,0.03921283,0,3,3/3 Unanimous
347,घड़ी तेज़ी से तेज़ी से टिक-टिक करती जा रही है। अगर हम कुछ नहीं करेंगे तो जलवायु परिवर्तन बहुत जल्दी हो जाएगा जितना आप सोच रहे हैं उससे पहले ही।,FAVOR,1,0.99126804,FAVOR,1,0.9838578,FAVOR,1,0.99791855,FAVOR,1,0.9910148,FAVOR,1,0.9909252,0.004845686,0.004902562,0,0.9910148,0.9909252,3,0.004139517,0.004172281,0,3,3/3 Unanimous
348,"आप यूट्यूब पर यह वीडियो जरूर लगाइए, मैं इसके बारे में चिंतित होने लगा हूँ।",NONE,2,0.75791425,FAVOR,1,0.5932542,NONE,2,0.9272265,NONE,2,0.6368816,NONE,2,0.63298553,0.103668146,0.10461682,0,0.25945026,0.2623976,1,0.6368816,0.63298553,2,2,2/3 Majority
349,"यदि अंटार्कटिका में बर्फ पिघल जाती है, तो मैनहट्टन समुद्र तल से नीचे रह जाएगा। इस प्रकार बांध अवरोध का निर्माण करना आवश्यक है। यह केवल मैनहट्टन ही नहीं है, बल्कि कुछ अन्य शहर भी खतरे में हैं। मुझे मेक्सिको-यू.एस. सीमा दीवार जैसी एक लंबी दीवार चाहिए। लंबे दीवार के लिए रिसाव एक और खतरा है। नीदरलैंड में भी इसी तरह का संभावित खतरा है। समाधान हैं पवन टरबाइन, सौर पैनल और परमाणु ऊर्जा जो कार्बन मुक्त जनरेटर हैं। बिजली से चलने वाली कारें परिवहन का समाधान हैं।",FAVOR,1,0.92226225,FAVOR,1,0.94774216,FAVOR,1,0.91704315,FAVOR,1,0.9290159,FAVOR,1,0.9291785,0.0059870263,0.0060599213,0,0.9290159,0.9291785,3,0.064997084,0.06476152,0,3,3/3 Unanimous
350,"मैंने सुना है कि वैश्विक तापमान वृद्धि सामान्य है। पृथ्वी हमेशा से ठंडी होती गई और ऊपर चली गई। लेकिन समस्या यह है कि हम पृथ्वी के तापमान को पृथ्वी के शीतकालीन मौसम में ही मापना शुरू कर देते हैं। इसी कारण से यह सदैव गर्म रहता है। वे पृथ्वी के तापमान को बर्फ में हवा के साथ मापने से पहले माप सकते थे। और अतीत में यह और भी गर्म था, इसलिए यह और भी गर्म हो सकता है। क्या यह उचित होगा?",AGAINST,0,0.9991078,AGAINST,0,0.96314096,AGAINST,0,0.9902232,AGAINST,0,0.9841573,AGAINST,0,0.98406166,0.9841573,0.98406166,3,0.003529466,0.0035752864,0,0.012313187,0.012362948,0,3,3/3 Unanimous
351,"पर्यावरण की रक्षा के लिए मुफ्त में एक अच्छा तरीका है इकोसिया। ईकोसिया एक १००% निःशुल्क ब्राउजर है जो आपके खोजों को ७ दिनों के बाद संग्रहीत नहीं करता है, हर ४५ खोजों पर एक पेड़ लगाता है।",NONE,2,0.6493872,NONE,2,0.6967727,NONE,2,0.9679727,NONE,2,0.77137756,NONE,2,0.7689724,0.00444298,0.0044618286,0,0.2241795,0.2265658,0,0.77137756,0.7689724,3,3,3/3 Unanimous
352,"प्रत्येक व्यक्ति को एक इलेक्ट्रिक कार चलानी चाहिए, हर इमारत में सौर पैनल होने चाहिए और हर राज्य और देश को एक बांध और पवनचक्कियों का स्वामित्व होना चाहिए।",FAVOR,1,0.6980593,FAVOR,1,0.9100376,FAVOR,1,0.59909,FAVOR,1,0.7357289,FAVOR,1,0.7375404,0.01739893,0.01712308,0,0.7357289,0.7375404,3,0.24687211,0.24533647,0,3,3/3 Unanimous
353,"नाम बदलकर जलवायु परिवर्तन कर दिया गया क्योंकि ग्लोबल वार्मिंग नहीं हो रही थी। ७० के दशक में सभी वैज्ञानिकों ने ग्लोबल वार्मिंग को छोड़ दिया और वे चिंतित थे कि एक और हिम युग आने वाला है। तापमान के रिकॉर्ड को अनगिनत बार बदला गया है, उन्हें कोई जानकारी नहीं है। यह सब एक धोखा है",AGAINST,0,0.999542,AGAINST,0,0.98393166,AGAINST,0,0.99613166,AGAINST,0,0.99320173,AGAINST,0,0.99315655,0.99320173,0.99315655,3,0.0023788984,0.002408385,0,0.004419389,0.004435064,0,3,3/3 Unanimous
354,"मुख्य कारण - अब तक - कोयले को जलाने से बिजली उत्पादन है। प्रभावः अब से २-३०० वर्षों में ग्रह रहने योग्य हो जाएगा। २४वीं शताब्दी के बाद से, मानव आबादी कुछ लाख तक कम हो जाएगी, और १००० साल पहले की तरह मनुष्यों की तरह जीएगी।",AGAINST,0,0.6787808,NONE,2,0.9835587,FAVOR,1,0.9890919,NONE,2,0.39253533,NONE,2,0.3977189,0.22977751,0.23223287,1,0.3776872,0.37004817,1,0.39253533,0.3977189,1,1,1/3 Weak/Plurality
355,"हाँ, ऑस्ट्रेलियाई लोगों का शुक्रिया जो छोटे ऑस्ट्रेलिया में बड़ी आग लगने के बाद चीन पर आरोप लगा रहे हैं?ðŸ¤£ðŸ¤£ðŸ¤£",NONE,2,0.9137577,NONE,2,0.65039575,AGAINST,0,0.52923703,NONE,2,0.6778299,NONE,2,0.68025887,0.22443163,0.22069582,1,0.0977385,0.0990453,0,0.6778299,0.68025887,2,2,2/3 Majority
356,"व्यक्तिगत रूप से, जलवायु परिवर्तन का कारण नहीं है, लेकिन प्रकृति द्वारा इकट्ठा किया गया है और यह कैसे और कब शुरू हुआ इसके बारे में बहुत कम जानकारी है। मानव प्रभाव प्राकृतिक प्रवृत्तियों को दूषित कर रहे हैं।",FAVOR,1,0.98511827,NONE,2,0.80161947,AGAINST,0,0.9622776,FAVOR,1,0.38699114,FAVOR,1,0.39129862,0.33217105,0.32438347,1,0.38699114,0.39129862,1,0.28083774,0.28431788,1,1,1/3 Weak/Plurality
357,पृथ्वी हर सेकंड गर्म होती जा रही है!,AGAINST,0,0.4312428,AGAINST,0,0.9385621,AGAINST,0,0.95385706,AGAINST,0,0.77455395,AGAINST,0,0.7726254,0.77455395,0.7726254,3,0.10047967,0.101559654,0,0.124966376,0.12581496,0,3,3/3 Unanimous
358,पर्यावरणवाद को अपहरण कर लिया गया है। जागरूकता फैल रही है... यूट्यूब: रोसा कोइरे ने एक एजेंडा २१ २०३० को उजागर किया,FAVOR,1,0.8843637,AGAINST,0,0.9036975,AGAINST,0,0.98111,AGAINST,0,0.6456471,AGAINST,0,0.64198315,0.6456471,0.64198315,2,0.3147719,0.3181793,1,0.039581012,0.03983756,0,2,2/3 Majority
359,"कृषि वैश्विक तापमान वृद्धि में सबसे बड़े योगदानकर्ताओं में से एक है, लेकिन इस वीडियो में इसका कोई उल्लेख नहीं है, ठीक है।",FAVOR,1,0.9994698,FAVOR,1,0.98297,FAVOR,1,0.9970445,FAVOR,1,0.99316144,FAVOR,1,0.993104,0.0024259693,0.0024539488,0,0.99316144,0.993104,3,0.0044126255,0.004442106,0,3,3/3 Unanimous
360,"ग्लोबल वार्मिंग एक छलावा है, अपने दिमाग का इस्तेमाल करें, अपना शोध करें, बच्चों को मस्तिष्क-धोखा देना बंद करें!",AGAINST,0,0.99955994,AGAINST,0,0.9864129,AGAINST,0,0.99411017,AGAINST,0,0.993361,AGAINST,0,0.9933442,0.993361,0.9933442,3,0.0026088112,0.0026375789,0,0.0040301234,0.004018131,0,3,3/3 Unanimous
361,"पहले यह हिम युग था, फिर ग्लोबल वार्मिंग, और अब इसे ग्लोबल कूलिंग में बदल दें? यह तो अल गोर के बाद से और भी ठंडा होता जा रहा है!",AGAINST,0,0.9993948,AGAINST,0,0.9852878,AGAINST,0,0.9964143,AGAINST,0,0.9936989,AGAINST,0,0.99365735,0.9936989,0.99365735,3,0.0020307254,0.0020561647,0,0.0042702947,0.004286503,0,3,3/3 Unanimous
362,हमें पृथ्वी और हम को बचाने के लिए ग्रीनहाउस गैसों का उत्सर्जन बंद कर देना चाहिए। यदि आप सहमत हैं तो लाइक बटन दबाएँ।,FAVOR,1,0.995693,FAVOR,1,0.97455263,FAVOR,1,0.80850196,FAVOR,1,0.9262492,FAVOR,1,0.92769384,0.046791937,0.045794822,0,0.9262492,0.92769384,3,0.026958844,0.026511308,0,3,3/3 Unanimous
363,"दुनिया भर में कोविड-१९ के कारण बड़ी संख्या में लोगों ने अपनी नौकरी पहले ही खो दी है। अब सभी को सबसे ज़्यादा चिंता जलवायु परिवर्तन सक्रियतावाद के बारे में नहीं है, बल्कि यह सुनिश्चित करने की है कि कोई भी नौकरी शेष न रहे।",FAVOR,1,0.5322469,AGAINST,0,0.8428478,FAVOR,1,0.5547757,FAVOR,1,0.388194,FAVOR,1,0.3858735,0.3515226,0.35589552,1,0.388194,0.3858735,2,0.26028344,0.25823095,0,2,2/3 Majority
364,"मानव निर्मित उत्सर्जन के कारण जलवायु परिवर्तन होने की चिंता करने की अब आवश्यकता नहीं है। कोविड-१९ ने उस समस्या का समाधान कर दिया। मूर्खों ने हमेशा जलवायु परिवर्तन के लिए कोयला उद्योग को दोषी ठहराया है। जब वास्तव में ग्रह पर सबसे बड़े पर्यावरणीय प्रदूषक वैश्विक विमानन उद्योग और पर्यटन उद्योग हैं ...लेकिन किसने सोचा था कि दोनों ही उद्योग दुनिया भर में कोविड-१९ महामारी फैलाने के लिए जिम्मेदार होंगे?? कोविड-१९ के बारे में अच्छी खबर यह है कि कोविड-१९ भेदभाव नहीं करता है, जैसा कि कार्यकर्ता करते हैं, कोविड-१९ ने वैश्विक विमानन एयरलाइनों को भी जमीन पर ला दिया, साथ ही पर्यटन उद्योग के बड़े डीजल खपत करने वाले महासागरीय जहाजों को भी।",FAVOR,1,0.94712657,AGAINST,0,0.60963666,AGAINST,0,0.49367544,AGAINST,0,0.37396827,AGAINST,0,0.3728248,0.37396827,0.3728248,2,0.35672128,0.36035827,1,0.26931047,0.26681694,0,2,2/3 Majority
365,"जलवायु परिवर्तन वास्तविक है, यह पृथ्वी के अस्तित्व के समय से ही है। प्रश्न यह है कि क्या यह वर्षों से मनुष्यों द्वारा अत्यधिक वृद्धि की गई है। जो कोई भी वैज्ञानिक निश्चित रूप से नहीं कह सकता है कि यह हुआ था। केवल कार्बन डाइऑक्साइड से वैश्विक तापमान में वृद्धि होने के बारे में अवलोकन बहुत ही सरल है। ग्रहों के गर्म होने के और भी कई कारण हैं।",AGAINST,0,0.9951722,AGAINST,0,0.9848567,AGAINST,0,0.9982699,AGAINST,0,0.9927662,AGAINST,0,0.99269223,0.9927662,0.99269223,3,0.0038113361,0.0038602154,0,0.0034223786,0.0034474784,0,3,3/3 Unanimous
366,जलवायु नहीं बदल रही है...,AGAINST,0,0.9554143,AGAINST,0,0.9821134,AGAINST,0,0.997672,AGAINST,0,0.97839993,AGAINST,0,0.97817665,0.97839993,0.97817665,3,0.0021374065,0.0021616989,0,0.019462673,0.019661559,0,3,3/3 Unanimous
367,"विद्वानों का कहना है कि दुनिया बेहतर होती जा रही है, चिंता क्यों करें!",NONE,2,0.78486395,AGAINST,0,0.98086816,AGAINST,0,0.66389763,AGAINST,0,0.6197786,AGAINST,0,0.6196703,0.6197786,0.6196703,2,0.0025341334,0.0025524285,0,0.3776873,0.37777728,1,2,2/3 Majority
368,"हम जलवायु परिवर्तन को होने से नहीं रोक सकते हैं, हम इसे केवल विलंबित कर सकते हैं, हमने वातावरण को इतना प्रदूषित कर दिया है कि यह अगले ४० वर्षों या उससे अधिक समय तक रहेगा।",FAVOR,1,0.99880075,FAVOR,1,0.9387623,FAVOR,1,0.98073834,FAVOR,1,0.9727671,FAVOR,1,0.9726342,0.024182128,0.024331376,0,0.9727671,0.9726342,3,0.0030507576,0.003034405,0,3,3/3 Unanimous
369,"गायों से वायुमंडल में बहुत अधिक कार्बन डाइऑक्साइड निकलता है तो मैं आपको साथी पुरुष कहता हूँ गायों को मेरे साथ खाना खिलाना चलिए ग्रह को बचाते हैं, एक स्टेक खाते हैं।",FAVOR,1,0.6873472,FAVOR,1,0.9563724,NONE,2,0.7576546,FAVOR,1,0.59779495,FAVOR,1,0.60349256,0.036105085,0.035406046,0,0.59779495,0.60349256,2,0.36609998,0.36110136,1,2,2/3 Majority
370,"मुझे यह समझना कठिन लग रहा है कि मानव कार्यों के कारण बढ़ते कार्बन डाइऑक्साइड स्तर जलवायु परिवर्तन का कारण कैसे हैं, क्योंकि हमारे वायुमंडल का केवल ०.४% कार्बन डाइऑक्साइड से बना है, और उसमें से ०.४% में से केवल ३% ही मनुष्यों के कारण है। शेष ९७% प्रकृति द्वारा प्रदान किया जाता है। अधिक संभावित अपराधी सौर चक्र और हमारे जलवायु पर सूर्य के चुंबकीय क्षेत्र में भिन्नताओं के प्रभाव हैं। हमारे सौर अधिकतम और सौर न्यूनतम के लिए जाँच करें और आप क्या सोचते हैं, यह देखें। मुझे भी यह काफी आकर्षक लगा।",AGAINST,0,0.92509013,FAVOR,1,0.90606266,FAVOR,1,0.9012908,FAVOR,1,0.61419934,FAVOR,1,0.6111448,0.32188165,0.32521862,1,0.61419934,0.6111448,2,0.063918985,0.06363653,0,2,2/3 Majority
371,आपने यह क्यों नहीं बताया कि ७०% ग्लोबल वार्मिंग मांसाहारियों के कारण होती है?,NONE,2,0.94333285,FAVOR,1,0.8751589,NONE,2,0.9879461,NONE,2,0.6781695,NONE,2,0.67385733,0.018079778,0.018236045,0,0.30375078,0.3079066,1,0.6781695,0.67385733,2,2,2/3 Majority
372,जलवायु परिवर्तन एक छद्म नाम है जो २०३० के लिए एजेंडा २१ का है... गुलाब,AGAINST,0,0.99750584,NONE,2,0.9688316,FAVOR,1,0.77215695,NONE,2,0.3864431,NONE,2,0.3894455,0.35218048,0.35549077,1,0.26137638,0.25506365,1,0.3864431,0.3894455,1,1,1/3 Weak/Plurality
373,"अपनी आँखें खोलिए, जलवायु परिवर्तन का मुख्य कारण पशु कृषि है।",FAVOR,1,0.98420346,FAVOR,1,0.9696404,FAVOR,1,0.99649954,FAVOR,1,0.9834478,FAVOR,1,0.98327804,0.0077080573,0.00780993,0,0.9834478,0.98327804,3,0.008844142,0.008912054,0,3,3/3 Unanimous
374,राष्ट्रीय भूगोल कभी इतना भयावह नहीं रहा-,AGAINST,0,0.9599204,AGAINST,0,0.6983468,AGAINST,0,0.9441845,AGAINST,0,0.8674839,AGAINST,0,0.8663856,0.8674839,0.8663856,3,0.007654507,0.0075700106,0,0.1248616,0.12604435,0,3,3/3 Unanimous
375,"एक कारण है कि अलार्म बजाने वाले इसे अब ""ग्लोबल वार्मअप"" नहीं कहते हैं - केवल जलवायु परिवर्तन। क्योंकि मौसम ठंडा हो रहा है।",AGAINST,0,0.958296,AGAINST,0,0.9146673,AGAINST,0,0.88406813,AGAINST,0,0.91901046,AGAINST,0,0.91941786,0.91901046,0.91941786,3,0.014938437,0.014845522,0,0.06605109,0.06573662,0,3,3/3 Unanimous
376,"मैं वैश्विक तापमान वृद्धि को लेकर बहुत चिंतित हूँ। मुझे गर्म मौसम बिल्कुल पसंद नहीं है, मुझे साल भर के लिए मौसम के दौरान औसत से अधिक ठंडा मौसम भी पसंद है। आखिरकार मुझे चिंता है कि २०२० रिकॉर्ड पर यू.के. का सबसे गर्म वर्ष होगा।",FAVOR,1,0.56307256,FAVOR,1,0.59202564,AGAINST,0,0.91012967,AGAINST,0,0.5589405,AGAINST,0,0.5545944,0.5589405,0.5545944,1,0.39099404,0.3956265,2,0.050065532,0.049779065,0,2,2/3 Majority
377,"ऐसा लगता है कि *ग्रीनहाउस प्रभाव एक अवाष्मीय (दबाव-प्रेरित) प्रक्रिया है* और इसलिए यह वायुमंडल की संरचना पर निर्भर नहीं करता है। इसलिए वायुमंडल में कार्बन डाइऑक्साइड की सांद्रता ग्रीनहाउस प्रभाव के लिए अप्रासंगिक है, क्योंकि वायुमंडल में इसकी सांद्रता इस तरह के प्रभाव की तीव्रता को प्रभावित नहीं करती है। यहाँ ऐसे वैज्ञानिक पत्र का doi कोड हैः *१०.४१७२/२५७३-४५८x।१०००११२*",AGAINST,0,0.9884487,NONE,2,0.96164775,AGAINST,0,0.8705833,AGAINST,0,0.63127095,AGAINST,0,0.6277658,0.63127095,0.6277658,2,0.0017634593,0.0017727828,0,0.36696556,0.37046146,1,2,2/3 Majority
378,मैं अपने देश को जलवायु परिवर्तन और विश्व से लड़ने में मदद करना चाहता हूँ,FAVOR,1,0.9993013,FAVOR,1,0.98600125,FAVOR,1,0.99519557,FAVOR,1,0.99349934,FAVOR,1,0.9934708,0.0022866176,0.0023096688,0,0.99349934,0.9934708,3,0.004213991,0.0042195185,0,3,3/3 Unanimous
379,"मुझे बहुत खुशी है कि नए बहस करने वाले जलवायु परिवर्तन में मदद करने के बारे में बात कर रहे हैं, मैं आशा करती हूँ कि वे अपने वादे निभाएँगे।",FAVOR,1,0.99916685,FAVOR,1,0.9433984,FAVOR,1,0.82713014,FAVOR,1,0.9232318,FAVOR,1,0.9243888,0.0028530124,0.002857372,0,0.9232318,0.9243888,3,0.07391519,0.07275375,0,3,3/3 Unanimous
380,"अगर मैं दुनिया पर शासन करता, तो मैं अपने लोगों की रक्षा के लिए तेल के बागानों और ग्रीनहाउस प्रभावों को हटा देता।",FAVOR,1,0.9943322,FAVOR,1,0.50000507,AGAINST,0,0.7036546,FAVOR,1,0.5197171,FAVOR,1,0.5250627,0.30996016,0.30521718,1,0.5197171,0.5250627,2,0.17032276,0.16972013,0,2,2/3 Majority
381,"याद है जब इसे ""वैश्विक तापन"" कहा जाता था? फिर वैज्ञानिकों ने इसे उचित नहीं ठहराया जब हमने अत्यधिक ठंडी घटनाएँ देखीं, इसलिए उन्होंने कथा बदल दी और अब इसे ""जलवायु परिवर्तन"" कहा जाता है। मुझे लगता है कि ""जलवायु परिवर्तन"" कहकर दोनों तरफ से दांव लगाना उन्हें भेड़ समझ से मुक्त करता है या विज्ञान की त्रुटि को सही ठहराता है।",AGAINST,0,0.998723,AGAINST,0,0.98518187,AGAINST,0,0.99535596,AGAINST,0,0.993087,AGAINST,0,0.9930512,0.993087,0.9930512,3,0.0027004434,0.0027338376,0,0.004212623,0.004215031,0,3,3/3 Unanimous
382,"जलवायु परिवर्तन से लड़ने के लिए ऊर्जा का कम उपयोग करना होगा, पुनर्चक्रण करना होगा और यदि संभव हो तो पेड़ लगाना होगा।",FAVOR,1,0.99787545,FAVOR,1,0.9864087,FAVOR,1,0.9972257,FAVOR,1,0.99383664,FAVOR,1,0.9937881,0.0025183556,0.0025480895,0,0.99383664,0.9937881,3,0.0036450073,0.00366375,0,3,3/3 Unanimous
383,"अभी ऑस्ट्रेलिया में एक भयानक सूखा पड़ा है जो पहले ही चरण २ तक पहुँच गया है .आप अपने बगीचे में पानी के लिए केवल एक पानी की टंकी का उपयोग कर सकते हैं और केवल सुबह १० बजे से पहले या शाम ४ बजे के बाद आप नली का उपयोग नहीं कर सकते हैं और यदि आप ऐसा करते हैं तो आपको २०० डॉलर का जुर्माना देना होगा।दुख की बात है कि कोई भी इस खतरनाक मामले को गंभीरता से नहीं ले रहा है।एक दिन हम को भोजन और पानी के संसाधन समाप्त हो जाएँगे जो हमें खिलाने के लिए हैं और ये गरीब जानवर जो उच्च दर से मर रहे हैं और इसके अलावा ऑस्ट्रेलिया में विनाशकारी आग लगी हुई है जिसमें १ फायरमैन की मृत्यु हो गई है।कई कोआला के घर लुप्तप्राय हैं, इसलिए कई गम के पेड़ जल गए हैं, यह अविश्वसनीय है। छोटे कोआला को जिंदा जला दिया गया है ताकि वे भी अपने घरों की तरह लुप्तप्राय हो जाएं। मैंने इन आगों के शुरू होने के बाद से नीला आसमान नहीं देखा है, मेरे सहित इतने सारे लोगों ने इस प्रकार की चीज़ों का लाभ उठाया है, अब मैं बस आकाश को पुनः देखना चाहती हूँ।",FAVOR,1,0.8631811,FAVOR,1,0.7273321,FAVOR,1,0.96614265,FAVOR,1,0.8522186,FAVOR,1,0.8507316,0.0022750823,0.0022994564,0,0.8522186,0.8507316,3,0.14550634,0.14696893,0,3,3/3 Unanimous
384,"चलिए, यह स्पष्ट रूप से चीनी लोगों द्वारा प्रचारित एक षड्यंत्र है।",AGAINST,0,0.4423644,AGAINST,0,0.5907427,AGAINST,0,0.7284254,AGAINST,0,0.58717746,AGAINST,0,0.5855147,0.58717746,0.5855147,3,0.23895423,0.24059197,0,0.17386825,0.17389324,0,3,3/3 Unanimous
385,"वैश्विक तापमान वृद्धि इतनी बढ़ गई है कि मैं गर्मियों के मध्य में, बस पिछले वर्ष की तरह ही, एक जर्सी पहने हुए हूँ! तापमान में वृद्धि के पक्ष में डेटा को गलत साबित करना दुर्भाग्य से इसे गर्म नहीं बनाता है, यह ठंडा हो रहा है और मेरे शरीर का थर्मामीटर झूठ नहीं बोलता है।",AGAINST,0,0.96269983,AGAINST,0,0.9836226,AGAINST,0,0.99495983,AGAINST,0,0.98042744,AGAINST,0,0.9802596,0.98042744,0.9802596,3,0.013754562,0.013891032,0,0.005817954,0.005849324,0,3,3/3 Unanimous
386,जैसा कि उदारवादी कहते हैं कि ग्लेशियर पिघल रहे हैं। वे बढ़ रहे हैं उदारवादी मूर्ख हैं।,AGAINST,0,0.99885845,AGAINST,0,0.98370403,AGAINST,0,0.99803275,AGAINST,0,0.99353176,AGAINST,0,0.99346733,0.99353176,0.99346733,3,0.0026526498,0.0026859168,0,0.0038156696,0.0038467406,0,3,3/3 Unanimous
387,यह प्रकृति के पारिस्थितिकी तंत्र को असंतुलित करता है।,FAVOR,1,0.93417037,FAVOR,1,0.97403854,FAVOR,1,0.73544055,FAVOR,1,0.88121647,FAVOR,1,0.8830427,0.021629855,0.021387178,0,0.88121647,0.8830427,3,0.09715363,0.095570065,0,3,3/3 Unanimous
388,यदि आप विज्ञान में विश्वास नहीं करने वाले उन विकृत लोगों को देखने के लिए टिप्पणी अनुभाग में आए हैं तो अंगूठे से ऊपर की ओर इशारा करें: d,FAVOR,1,0.9308633,FAVOR,1,0.9272122,FAVOR,1,0.98467654,FAVOR,1,0.947584,FAVOR,1,0.94712305,0.0026367595,0.0026580938,0,0.947584,0.94712305,3,0.049779233,0.05021887,0,3,3/3 Unanimous
389,"अधिकांश लोग, जिनमें मैं भी शामिल हूँ, विज्ञान को नहीं समझते हैं, लेकिन सामान्य ज्ञान मुझे बताता है कि मानव जाति पर्यावरण पर बहुत बड़ा प्रभाव डाल रही है, सूची अंतहीन है।सकारात्मक दृष्टिकोण से, मुझे लगता है कि हम इससे निपट लेंगे।",FAVOR,1,0.9836316,FAVOR,1,0.9835532,FAVOR,1,0.99312806,FAVOR,1,0.9867709,FAVOR,1,0.9866922,0.006398741,0.006464819,0,0.9867709,0.9866922,3,0.006830303,0.0068429164,0,3,3/3 Unanimous
390,धुआँ उगलते हुए ऐसे क्यों हैं धुआँस्तम्भ? CO२ रंगहीन होता है। यह भ्रम पैदा करें कि CO२ हवा में छोड़े जा रहे एक हानिकारक कणिक प्रदूषक है। यह वीडियो आपके बटन दबाने के लिए बनाया गया प्रचार बकवास है।,AGAINST,0,0.98401594,AGAINST,0,0.9817043,AGAINST,0,0.9545035,AGAINST,0,0.9734079,AGAINST,0,0.97364044,0.9734079,0.97364044,3,0.00848716,0.008466959,0,0.018104922,0.017892566,0,3,3/3 Unanimous
391,प्रगति को दबाने के लिए और अधिक उदार प्रचार! अच्छी बात है कि ट्रंप इस फर्जी खबर से मूर्ख नहीं बने! ट्रम्प २०२०! आमीन!,AGAINST,0,0.98269373,AGAINST,0,0.84868234,AGAINST,0,0.99361515,AGAINST,0,0.94166374,AGAINST,0,0.9409445,0.94166374,0.9409445,3,0.025490372,0.025834668,0,0.03284583,0.033220768,0,3,3/3 Unanimous
392,सभी निजी जेट और हेलीकॉप्टरों पर प्रतिबंध लगा दूँगा और मैं अपनी बाइक और कार के बीच एक अंतर ला सकता हूँ।,NONE,2,0.99497366,NONE,2,0.9507264,NONE,2,0.9635919,NONE,2,0.969764,NONE,2,0.9698151,0.022950152,0.022912756,0,0.007285887,0.0072721913,0,0.969764,0.9698151,3,3,3/3 Unanimous
393,"२००० के बाद से जलवायु में गर्मिण नहीं हुई है, कार्बन डाइऑक्साइड तापमान के साथ अत्यधिक सहसंबद्ध नहीं है, विकासशील देशों को जीवाश्म ईंधन का उपयोग न करने के लिए मजबूर करने से अरबों मनुष्य दुखी होंगे। सभी जलवायु भविष्यवाणियाँ मीलों से दूर हैं, परमाणु ऊर्जा पहले से ही जीवाश्म ईंधन को बदलने के कगार पर है।",AGAINST,0,0.9924786,AGAINST,0,0.9850044,AGAINST,0,0.9967193,AGAINST,0,0.9914008,AGAINST,0,0.9913307,0.9914008,0.9913307,3,0.0047182343,0.0047692657,0,0.0038809606,0.0038999948,0,3,3/3 Unanimous
394,"यदि यह हजारों साल पहले हुआ था तो क्या यह एक स्वाभाविक पुनरावृत्ति नहीं है? यदि यह औद्योगिक क्रांति से पहले हजारों साल पहले हुआ था तो यह सब मनुष्यों के कारण कैसे हो सकता है? भगवान ने कहा कि यह पृथ्वी नष्ट हो जाएगी। मनुष्य यह क्यों सोचते हैं कि वे भगवान के वादे को रोक सकते हैं? मैं पर्यावरण की जिम्मेदारी से देखभाल करने में विश्वास रखता हूँ। मैं जानती हूँ कि अलौकिक जगत में रहने के कारण मैं उस दृष्टिकोण से जलवायु परिवर्तन को समझ सकती हूँ, किंतु यह मानवों के साथ चर्चा करने के लिए उपयुक्त नहीं है। मनुष्यों में अलौकिक क्षेत्र में प्रभु यीशु मसीहा के साथ जो कुछ भी साझा किया जाता है, उसे समझने की क्षमता या क्षमता नहीं है। उन्हें ऐसा नहीं करना चाहिए। यह बहुत ही निजी बात है। क्या होगा यदि इस बार पृथ्वी हमारे सामने से गुजर रही हो? यह पहली बार नहीं हुआ है जब वैश्विक तापमान वृद्धि हुई है। अतीत में पृथ्वी में हिम युग और वैश्विक तापन के चक्र रहे हैं।",AGAINST,0,0.7671126,FAVOR,1,0.9488358,NONE,2,0.7979712,FAVOR,1,0.37081727,FAVOR,1,0.375393,0.31805113,0.31954464,1,0.37081727,0.375393,1,0.31113163,0.30506238,1,1,1/3 Weak/Plurality
395,मुझे विश्वास नहीं हो रहा है कि लोग इसे अस्वीकार कर रहे हैं....,AGAINST,0,0.6831379,NONE,2,0.92591196,AGAINST,0,0.5070806,NONE,2,0.49494758,NONE,2,0.49745774,0.40355816,0.40189904,2,0.10149423,0.10064317,0,0.49494758,0.49745774,1,2,2/3 Majority
396,"बहुत अच्छा वीडियो जलवायु परिवर्तन नामक महत्वपूर्ण मुद्दे के बारे में बहुत कुछ बताता है, बधाई।",FAVOR,1,0.9992611,FAVOR,1,0.8738558,FAVOR,1,0.9824309,FAVOR,1,0.9518493,FAVOR,1,0.9513993,0.0027730034,0.0028046148,0,0.9518493,0.9513993,3,0.045377746,0.045796078,0,3,3/3 Unanimous
397,कारण और प्रभाव हमेशा होते हैं। यह कहना तर्कसंगत नहीं है कि हम इन परिवर्तनों का कारण नहीं हैं।,AGAINST,0,0.974171,AGAINST,0,0.72397965,AGAINST,0,0.99103785,AGAINST,0,0.89639616,AGAINST,0,0.8950824,0.89639616,0.8950824,3,0.03973901,0.04029128,0,0.06386481,0.06462626,0,3,3/3 Unanimous
398,"इस तरह के स्पष्ट, तर्कसंगत, गैर-धर्मोपदेशात्मक वीडियो मुझे जलवायु परिवर्तन की समस्या के बारे में समझाते हैं। अभिजात गुण-सूचक अभियान चलाने वालों के मूर्खतापूर्ण हिस्टीरिया से भरे भाषण नहीं।",FAVOR,1,0.7664476,AGAINST,0,0.729852,FAVOR,1,0.68040186,FAVOR,1,0.5644122,FAVOR,1,0.56268024,0.3329939,0.33650607,1,0.5644122,0.56268024,2,0.10259386,0.10081364,0,2,2/3 Majority
399,अब पत्तों का सड़ना बंद करो।या हम सभी कार्बन डाइऑक्साइड उत्सर्जन से मर जाएंगे।,FAVOR,1,0.5965713,NONE,2,0.67881054,AGAINST,0,0.7754427,AGAINST,0,0.38524804,NONE,2,0.38346887,0.38524804,0.38047776,1,0.23374788,0.23605339,1,0.38100412,0.38346887,1,1,1/3 Weak/Plurality
400,"इस जलवायु संकट के बारे में एक योजना तय करने के लिए सरकार के पास १७ महीने थे या नुकसान को वापस नहीं किया जा सकता है, और केवल हम ही इस पर बदलाव ला सकते हैं, यह अब जलवायु परिवर्तन नहीं है, यह एक जलवायु संकट है और १२ वर्षों में हम मरने से रोकने के तरीके हैं। प्लास्टिक के उपयोग में कटौती करें और कपड़े खरीदें और उन्हें पहनें और फिर उन्हें वहाँ दान करें, उनके साथ करने के लिए अन्य चीजें हैं, पुनः प्रयोज्य बोतल का उपयोग करें या ब्राउज़र इकोआईएसए आई का उपयोग कर रहे हैं और हर ४५ खोजों में वे पौधा लगाते हैं",FAVOR,1,0.99936455,NONE,2,0.89444846,AGAINST,0,0.9689398,FAVOR,1,0.3586721,FAVOR,1,0.36255148,0.33343366,0.3255893,1,0.3586721,0.36255148,1,0.3078943,0.31185925,1,1,1/3 Weak/Plurality
401,"अगर राष्ट्रपति ट्रंप जलवायु परिवर्तन को एक छलावा कहते हैं तो हम इसका मुकाबला नहीं कर सकते। शायद अगर हम अनुबंधित नौकरों को वापस लाएँ या अपने कैदियों को सौर पैनलों और टर्बाइनों के निर्माण के लिए गुलामों के रूप में उपयोग करें, तो मुझे मौका मिल सकता है। लेकिन हमें उन नेताओं को सत्ता से हटाना होगा जो मानते हैं कि ग्लोबल वार्मिंग वास्तविक नहीं है।",FAVOR,1,0.9984523,FAVOR,1,0.98261446,FAVOR,1,0.9907755,FAVOR,1,0.9906141,FAVOR,1,0.9906031,0.0042755897,0.0043044267,0,0.9906141,0.9906031,3,0.00511031,0.005092513,0,3,3/3 Unanimous
402,"सरकार को दोष देने के बजाय। हमें उन पर दबाव डालना चाहिए, समूहों का आयोजन करना चाहिए और स्वयंसेवक बनना चाहिए। एक-दूसरे को दोष देना लोगों की समस्या का समाधान नहीं करेगा। आइए हम एकजुट हो कर वैश्विक तापमान वृद्धि से पहले ही संघर्ष करें। late.. मुझे खुशी होगी यदि मैं पर्यावरण जागरूकता से संबंधित किसी भी संगठन में शामिल हो सकूँ।",FAVOR,1,0.99938345,FAVOR,1,0.98436826,FAVOR,1,0.9912566,FAVOR,1,0.9916695,FAVOR,1,0.9916659,0.0034466926,0.0034657656,0,0.9916695,0.9916659,3,0.0048838737,0.0048682666,0,3,3/3 Unanimous
403,मैं जलवायु परिवर्तन के बारे में चिंतित सभी लोगों के लिए बाढ़ वृत्तचित्र से पहले इस वृत्तचित्र को देखने की अनुशंसा करता हूँ।,FAVOR,1,0.63591856,FAVOR,1,0.9633388,AGAINST,0,0.63947,FAVOR,1,0.59903806,FAVOR,1,0.60418826,0.23031718,0.22524616,1,0.59903806,0.60418826,2,0.17064476,0.17056558,0,2,2/3 Majority
404,"उच्च कार्बन कर का भुगतान करें, सरकारों को पता है कि इसे कैसे ठीक किया जाए।",AGAINST,0,0.7736644,NONE,2,0.52541316,AGAINST,0,0.46079838,AGAINST,0,0.55118775,AGAINST,0,0.5521035,0.55118775,0.5521035,2,0.16412306,0.1628139,0,0.28468916,0.2850825,1,2,2/3 Majority
405,@t कृपया इस लिंक पर जाएं और याचिका पर हस्ताक्षर करें ताकि हम साथ मिलकर ग्लोबल वार्मिंग को रोक सकें।,FAVOR,1,0.999102,FAVOR,1,0.77423054,FAVOR,1,0.9167733,FAVOR,1,0.896702,FAVOR,1,0.8963252,0.005265581,0.0052428422,0,0.896702,0.8963252,3,0.098032475,0.09843192,0,3,3/3 Unanimous
406,जब मैंने उन सभी बर्फ़ीली चादरों को पिघलते देखा तो मुझे रोना आ गया।,NONE,2,0.90336007,NONE,2,0.67230296,NONE,2,0.858428,NONE,2,0.8113637,NONE,2,0.8106495,0.15561832,0.1562096,0,0.03301802,0.03314092,0,0.8113637,0.8106495,3,3,3/3 Unanimous
407,आप सभी यह देखना चाहते हैं कि जलवायु परिवर्तन एक पूरे देश को कैसे नष्ट कर रहा है? बांग्लादेश देखें।,FAVOR,1,0.858805,FAVOR,1,0.9864547,FAVOR,1,0.9951953,FAVOR,1,0.94681835,FAVOR,1,0.9462927,0.009258414,0.009350518,0,0.94681835,0.9462927,3,0.043923195,0.044356696,0,3,3/3 Unanimous
408,"यह दुखद है, मैं मरना नहीं चाहता, मैं तेरह वर्ष का हूँ और मेरे पास अभी भी इस ग्रह पर समय है, इस कार्य से सुंदर स्थानों को नष्ट होते हुए देखकर मुझे बहुत दुःख होता है और यह मुझे अपने आप पर प्रश्नचिह्न लगाने पर मजबूर करता है: क्या विश्व नेता ऐसा ही कर रहे हैं? राजनीतिक चर्चाएँ करते हुए जब ७ अरब से अधिक जीवन खतरे में हैं? अपमानजनक। मैं शायद ऐसा व्यक्ति हूँ जो शक्तिशाली नहीं हो सकता लेकिन प्रत्येक व्यक्ति का मत महत्वपूर्ण है।",FAVOR,1,0.9703058,FAVOR,1,0.9443252,FAVOR,1,0.98964906,FAVOR,1,0.9680934,FAVOR,1,0.9678118,0.007481452,0.0075801373,0,0.9680934,0.9678118,3,0.02442515,0.024607977,0,3,3/3 Unanimous
409,ऐसा है जैसे पृथ्वी बीमार हो गई है और उसे बुखार आ रहा है,NONE,2,0.7183184,FAVOR,1,0.96462846,NONE,2,0.698391,FAVOR,1,0.5130912,FAVOR,1,0.5161135,0.0055597103,0.005617036,0,0.5130912,0.5161135,1,0.48134902,0.47826934,2,2,2/3 Majority
410,शाकाहारी होने से जलवायु परिवर्तन में मदद मिलती है,NONE,2,0.76604974,FAVOR,1,0.9818439,FAVOR,1,0.9755931,FAVOR,1,0.7298258,FAVOR,1,0.7272134,0.0027445226,0.0027726057,0,0.7298258,0.7272134,2,0.2674297,0.27001402,1,2,2/3 Majority
411,"जलवायु परिवर्तन के कारण, हम अब सर्दियाँ नहीं देखेंगे।",FAVOR,1,0.7958611,NONE,2,0.62269247,FAVOR,1,0.65428114,FAVOR,1,0.52967197,FAVOR,1,0.5277552,0.088806264,0.089708276,0,0.52967197,0.5277552,2,0.38152173,0.38253644,1,2,2/3 Majority
412,"ठीक है दोस्तों, चलिए जलवायु परिवर्तन को हमेशा के लिए बदल देते हैं!",FAVOR,1,0.8667067,NONE,2,0.53292674,FAVOR,1,0.5919981,FAVOR,1,0.54396325,FAVOR,1,0.54297304,0.11903241,0.11995908,0,0.54396325,0.54297304,2,0.33700433,0.3370679,1,2,2/3 Majority
413,"हमें वास्तव में कुछ कार्य करना होगा, यहाँ बैठकर मेरे जैसा टिप्पणी नहीं करनी चाहिए।",FAVOR,1,0.49303263,FAVOR,1,0.9454212,FAVOR,1,0.9788663,FAVOR,1,0.80577344,FAVOR,1,0.8038902,0.07204697,0.07283612,0,0.80577344,0.8038902,3,0.122179665,0.12327361,0,3,3/3 Unanimous
414,"शाकाहारी बन जाइए! पशु कृषि से होने वाला कार्बन डाइऑक्साइड उत्सर्जन सभी ट्रेनों, विमानों और कारों के संयुक्त उत्सर्जन से अधिक है।",AGAINST,0,0.5283692,AGAINST,0,0.67995524,AGAINST,0,0.9719688,AGAINST,0,0.72676444,AGAINST,0,0.7238174,0.72676444,0.7238174,3,0.16705412,0.16906098,0,0.106181435,0.10712159,0,3,3/3 Unanimous
415,"""प्राधिकृत आकलन कि ग्लोबल वार्मिंग ""अनिवार्य"" है और मानव गतिविधि से सीधे तौर पर जुड़ा हुआ है; कि यह ""सबसे व्यापक बाजार विफलता"" है; और यह ""२१वीं सदी की परिभाषित मानव विकास चुनौती"" है - सरकारों और लोगों का ध्यान समान रूप से आकर्षित किया है। बहैई अंतरराष्ट्रीय समुदाय के विचार",FAVOR,1,0.99917394,NONE,2,0.93527573,AGAINST,0,0.6449423,FAVOR,1,0.40235245,FAVOR,1,0.4049269,0.21756269,0.21227962,1,0.40235245,0.4049269,1,0.38008484,0.38279343,1,1,1/3 Weak/Plurality
416,"यहाँ यह बिंदु रूप में है। - ग्लोबल वार्मिंग का अर्थ है महासागर का अम्लीकरण महासागर के अम्लताकरण से फाइटोप्लांकटन समाप्त हो जाता है पादप-प्लवक पृथ्वी पर जीवन को सुगम बनाने में महत्वपूर्ण योगदान देते हैं। एक बार फाइटोप्लावन्टा (जल्द ही, शायद) चले जाएँगे तो हम भी चले जाएँगे - ग्लोबल वार्मिंग बेहद खतरनाक है, इसके खिलाफ कार्य नहीं करने वाले सभी नेताओं को वोट दें।",FAVOR,1,0.99948406,FAVOR,1,0.98216057,FAVOR,1,0.9027694,FAVOR,1,0.9614713,FAVOR,1,0.96218765,0.017026996,0.016748969,0,0.9614713,0.96218765,3,0.021501616,0.0210633,0,3,3/3 Unanimous
417,"गाय्सपिरैसी देखें, शिक्षित हो जाइए और इसके बारे में कुछ करें। बाकी सभी लोगों के लिए प्रतीक्षा करना बंद करें और व्यक्तिगत जिम्मेदारी न लें!",FAVOR,1,0.98610747,FAVOR,1,0.9356292,FAVOR,1,0.9770551,FAVOR,1,0.96626395,FAVOR,1,0.9661015,0.004929556,0.0049899914,0,0.96626395,0.9661015,3,0.028806506,0.028908394,0,3,3/3 Unanimous
418,"यदि आप उत्तरी देशों में रहते हैं तो ग्लोबल वार्मिंग एक अच्छी बात है क्योंकि गर्म तापमान के कारण हम अधिक से अधिक फसलें उगा सकते हैं, हालाँकि मुझे इस बारे में बहुत बुरा लगता है और हमें बदलाव करना होगा।",AGAINST,0,0.9558477,FAVOR,1,0.95809406,FAVOR,1,0.88611764,FAVOR,1,0.6178548,FAVOR,1,0.6150776,0.3310859,0.3344977,1,0.6178548,0.6150776,2,0.051059335,0.050424613,0,2,2/3 Majority
419,अजीब बात है कि रिपब्लिकन लोग विज्ञान द्वारा निर्मित सभी तकनीक का उपयोग करते हैं लेकिन ९७% जलवायु वैज्ञानिकों द्वारा तथ्य रूप में बताए गए इस तथ्य को खारिज करते हैं।,AGAINST,0,0.76277137,NONE,2,0.5788286,FAVOR,1,0.9096816,FAVOR,1,0.44823742,FAVOR,1,0.44272357,0.28236192,0.2848029,1,0.44823742,0.44272357,1,0.26940066,0.27247348,1,1,1/3 Weak/Plurality
420,"समस्या यह है कि कोई भी दुनिया को बचाने के लिए खून से लथपथ कार को अलग करने के लिए तैयार नहीं है। आपदा का प्राथमिक कारण क्या है, यह कहने की अनुमति नहीं है: रक्त से लथपथ कार का दुरुपयोग। लेकिन केवल आपात स्थितियों में ही कार का उपयोग करने से अर्थव्यवस्था के लिए अच्छा नहीं है, यह कार के दुरुपयोग पर आधारित है। तो, संक्षेप में, हमारे पास या तो ग्लोबल वार्मिंग के कारण पतन है या कार के उपयोग में कमी के कारण आर्थिक संकट के कारण पतन है। जाओ और इस दुनिया के ट्रम्पों को बताओ और वे क्या कहते हैं, यह सुन लो।",NONE,2,0.52303344,FAVOR,1,0.97643185,NONE,2,0.58383435,FAVOR,1,0.39400005,FAVOR,1,0.3983735,0.23174186,0.23025076,0,0.39400005,0.3983735,1,0.37425804,0.37137568,2,2,2/3 Majority
421,"लोग यह नहीं समझते हैं कि तापमान और जलवायु के बीच एक संबंध है, लेकिन सिर्फ इसलिए कि हर दिन ऐसा महसूस नहीं होता है कि यह गर्मी है इसका मतलब यह नहीं है कि यह हो नहीं रहा है। जलवायु वैश्विक या क्षेत्रीय है, यह मौसम से अलग है। मौसम हर दिन बदल सकता है। जलवायु नहीं हो सकती। इसके अलावा, जो लोग तर्क देते हैं कि हमने अतीत में जलवायु परिवर्तन का अनुभव किया है, वह सही है, लेकिन CO२ के स्तर और जलवायु परिवर्तन की दर की तुलना पहले बताए गए स्तरों से करें।",FAVOR,1,0.5891702,NONE,2,0.9116073,FAVOR,1,0.6595419,FAVOR,1,0.4302292,FAVOR,1,0.4270798,0.16034104,0.1608907,0,0.4302292,0.4270798,2,0.40942976,0.41202947,1,2,2/3 Majority
422,कृपया इस ग्रह को ठंडा बनाने में मदद करें। कृपया वायु प्रदूषण रोकने के लिए शीघ्रता से कुछ करें।,FAVOR,1,0.9839452,FAVOR,1,0.9310955,FAVOR,1,0.9796377,FAVOR,1,0.9648928,FAVOR,1,0.9646802,0.003801439,0.003815215,0,0.9648928,0.9646802,3,0.03130578,0.031504598,0,3,3/3 Unanimous
423,"सबसे बड़े उद्योगों में से जो ओजोन परत को नुकसान पहुंचाते हैं, उन्हें प्रतिबंधित किया जाना चाहिए और दुनिया के हर बंजर भूमि में नए पेड़ लगाए जाने चाहिए।",FAVOR,1,0.99757844,FAVOR,1,0.8853646,FAVOR,1,0.96168256,FAVOR,1,0.9482085,FAVOR,1,0.9479778,0.035685,0.036132414,0,0.9482085,0.9479778,3,0.016106488,0.015889844,0,3,3/3 Unanimous
424,इतनी त्रासदी है कि अमेरिकी लोगों ने विज्ञान की बजाय राजनीति को सुनने का विकल्प चुना है... इस दुनिया के सभी लोगों को परिणाम भुगतने होंगे।,FAVOR,1,0.9975304,FAVOR,1,0.9847703,FAVOR,1,0.9862416,FAVOR,1,0.9895141,FAVOR,1,0.98954725,0.0040010028,0.0040142178,0,0.9895141,0.98954725,3,0.0064849495,0.0064385342,0,3,3/3 Unanimous
425,"मैंने टिप्पणियाँ पढ़ ली हैं, आपने उन सरकारों का साथ क्यों दिया जो कहती हैं कि जलवायु परिवर्तन वास्तविक नहीं है, मूर्ख होने का आपको पुरस्कार नहीं मिलेगा।",FAVOR,1,0.98577905,FAVOR,1,0.91436714,FAVOR,1,0.99468297,FAVOR,1,0.9649431,FAVOR,1,0.9645343,0.021512127,0.021799427,0,0.9649431,0.9645343,3,0.01354481,0.0136662135,0,3,3/3 Unanimous
426,अगर वैज्ञानिक जलवायु परिवर्तन के प्रभावों को कम करने के लिए अब कार्रवाई करने के लिए विश्व नेताओं को मना नहीं सकते हैं तो प्रकृति को उन्हें यह दिखाने दें!,FAVOR,1,0.99874556,FAVOR,1,0.9862445,FAVOR,1,0.9906797,FAVOR,1,0.99188995,FAVOR,1,0.9918977,0.0038024199,0.0038152381,0,0.99188995,0.9918977,3,0.0043076687,0.0042870156,0,3,3/3 Unanimous
427,"मैं एक रिपब्लिकन हूँ लेकिन मैं ग्लोबल वार्मिंग का समर्थन करता हूँ। यह दुखद है कि अधिकांश बड़े लोग कहते हैं कि यह सब एक बड़ा धोखा है, लेकिन सच्चाई यह है कि इन तेल कंपनियों में उनके बड़े निवेश थे और वे कभी भी अपना गलत काम स्वीकार नहीं करेंगे, जब तक कि पैसा आता रहेगा।",AGAINST,0,0.90200114,FAVOR,1,0.8371283,NONE,2,0.67744887,FAVOR,1,0.39344764,FAVOR,1,0.3950079,0.3426833,0.3462417,1,0.39344764,0.3950079,1,0.26386917,0.2587504,1,1,1/3 Weak/Plurality
428,और अमेरिका में गोमांस उद्योग के बारे में क्या। वे जलवायु परिवर्तन का कारण बनने में नंबर एक हैं।,FAVOR,1,0.98412293,FAVOR,1,0.9790406,FAVOR,1,0.99522877,FAVOR,1,0.9861308,FAVOR,1,0.9860153,0.004440834,0.0044951304,0,0.9861308,0.9860153,3,0.009428375,0.009489536,0,3,3/3 Unanimous
429,मैं अभी भी उन लोगों से परेशान हूँ जो इस मुद्दे को नहीं समझते हैं। आपको शायद तापमान में परिवर्तन महसूस नहीं हो रहा होगा लेकिन आपको इस बात से सहमत होना होगा कि यह स्वास्थ्य के लिए हानिकारक है।,FAVOR,1,0.91374016,FAVOR,1,0.82075316,FAVOR,1,0.99302506,FAVOR,1,0.9091728,FAVOR,1,0.90808225,0.07773692,0.07872916,0,0.9091728,0.90808225,3,0.013090265,0.013188495,0,3,3/3 Unanimous
430,"क्या मानवता जल्द ही खुद को नष्ट कर लेगी? धमकियाँ हैं: पर्यावरण का क्षरण, जैसे जलवायु परिवर्तन, सफाई क्रांति की ओर कोई कदम नहीं, दुनिया भर में जीवाश्म ईंधन पर बहुत अधिक निर्भरता। कई देशों सहित प्रथम और द्वितीय विश्व युद्ध जैसे विश्व युद्ध, लेकिन इस बार अधिक शक्तिशाली हथियारों के साथ परमाणु बम, जैसे कि फासीवाद का उदय, वैश्वीकरण का पतन, बड़े पैमाने पर आप्रवासन, जलवायु परिवर्तन, मध्य पूर्व आदि.... नई तकनीकें उभर रही हैं जो हमारे जीवन में सुधार कर सकती हैं या उन्हें नष्ट कर सकती हैं यदि इसके लिए तैयार नहीं हैं या वास्तव में इसके लिए विकसित की गई हैं, उदाहरण के लिए जैव प्रौद्योगिकी, रोबोटिक्स, आभासी वास्तविकता, आनुवंशिक इंजीनियरिंग, आदि... आपको और अधिक अंतर्दृष्टि चाहिए और मानव से परे विकसित होना है? गूगल पर 'ट्रुथ कॉन्टेस्ट' खोजें और पहले लिंक पर क्लिक करें फिर 'द प्रेजेंट' पढ़ें। इन सच्चाइयों को आप सत्यापित कर सकते हैं।",FAVOR,1,0.92306316,FAVOR,1,0.87029696,FAVOR,1,0.98469836,FAVOR,1,0.9260195,FAVOR,1,0.9252634,0.025008624,0.025355207,0,0.9260195,0.9252634,3,0.048971843,0.049381334,0,3,3/3 Unanimous
431,मुझे जलवायु परिवर्तन को रोकने का एक समाधान ज्ञात है। मिट्टी से एक प्यारी सी लोलू बनाओ लोग धरतीchan को जीवित रखने के लिए कुछ भी करेंगे,FAVOR,1,0.9876459,FAVOR,1,0.9804851,FAVOR,1,0.9227342,FAVOR,1,0.9636218,FAVOR,1,0.9641235,0.0026151557,0.0026217357,0,0.9636218,0.9641235,3,0.03376311,0.03325478,0,3,3/3 Unanimous
432,"अच्छी निष्क्रिय बातचीत। शायद उल्लेख करें कि शायद मानवता पहले ही शून्य उत्सर्जन और पृथ्वी पर भू-इंजीनियरिंग पर काम करने के बिंदु से आगे निकल गई होगी, वातावरण से कार्बन डाइऑक्साइड को निकाल कर, आर्कटिक को फिर से जमा कर, अचानक जलवायु परिवर्तन से बचने के लिए? प्रतिक्रिया लूप के कारण ग्लोबल वार्मिंग अब तेज़ी से बढ़ रही है। जैसे आर्कटिक मीथेन का रिसाव, जैसे जंगल की आग, जैसे सूखे। वैज्ञानिकों की यह निष्क्रिय भाषा कभी किसी को आगे नहीं बढ़ा सकी। वे इसे सुनते हैं और बिना किसी संकोच के इसे नजरअंदाज कर देते हैं जैसे कि कुछ निराशाजनक नाटक पढ़ रहे हों और फिर अपने जीवन में आगे बढ़ जाते हैं।",FAVOR,1,0.98873633,FAVOR,1,0.73192304,FAVOR,1,0.9286831,FAVOR,1,0.88311416,FAVOR,1,0.88240373,0.02844665,0.028646369,0,0.88311416,0.88240373,3,0.0884392,0.088949874,0,3,3/3 Unanimous
433,"इस समय हम केवल एक ही काम कर सकते हैं, बड़े पैमाने पर कार्बन संचयन, भले ही हमारे पास ० उत्सर्जन हो, लेकिन वन आग के माध्यम से कार्बन बढ़ता रहेगा। कार्बन संचयन ही हमारी एकमात्र उम्मीद है।",FAVOR,1,0.99538547,FAVOR,1,0.9825501,FAVOR,1,0.91142786,FAVOR,1,0.9631211,FAVOR,1,0.9637532,0.012264737,0.012072483,0,0.9631211,0.9637532,3,0.024614127,0.024174187,0,3,3/3 Unanimous
434,"जैसे-जैसे जलवायु परिवर्तन के कारण दैनिक मौसम के स्वरूप में नाटकीय परिवर्तन होते हैं, जिसमें दुनिया भर में तूफान और बाढ़ अक्सर समाचारों में सुर्खियाँ बनती हैं, यह आपको आश्चर्यचकित करता है कि लोग अभी भी इस विशाल मुद्दे पर आंखें मूंदे हुए क्यों हैं। क्या हमारे धरती माता के संरक्षण में लोगों के लिए सक्रिय भूमिका निभाना इतना कठिन है? https://goo.gl/६drxig",FAVOR,1,0.99749595,FAVOR,1,0.98251826,FAVOR,1,0.9973314,FAVOR,1,0.9924485,FAVOR,1,0.99237955,0.0021156466,0.0021376596,0,0.9924485,0.99237955,3,0.0054358207,0.0054827686,0,3,3/3 Unanimous
435,wow... यह baddddd xd है। लेकिन सच कहूँ तो हमें इस ग्रह को ठीक करना चाहिए :d,FAVOR,1,0.48180652,NONE,2,0.88155866,FAVOR,1,0.8323479,NONE,2,0.5079619,NONE,2,0.5124086,0.017994702,0.018194238,0,0.47404337,0.46939713,2,0.5079619,0.5124086,1,2,2/3 Majority
436,"९७% से अधिक वैज्ञानिक समुदाय इस बात से पूरी तरह सहमत है कि हम जलवायु परिवर्तन में योगदान दे रहे हैं। वैज्ञानिक आम तौर पर इस स्तर के समझौते को पृथ्वी एक ग्रह है या हवा मौजूद है, जैसी किसी चीज़ की पुष्टि करने के लिए आरक्षित करते हैं। जलवायु परिवर्तन हो रहा है, इस बात से इनकार करने का मतलब है कि आप आधुनिक दुनिया का हिस्सा नहीं हैं। आप तथ्य के साथ बहस कर रहे हैं। इस पर बहस करने के लिए अब और समय नहीं है, हमारे पास बस पर्याप्त समय नहीं है। https://infinityillusion.com/climate-change/",FAVOR,1,0.97294915,FAVOR,1,0.95991963,FAVOR,1,0.9791876,FAVOR,1,0.9706855,FAVOR,1,0.9705728,0.016469719,0.016585238,0,0.9706855,0.9705728,3,0.012844848,0.012841951,0,3,3/3 Unanimous
437,"भयानक! यहाँ एक और दिलचस्प लेख और कैसे: जलवायु परिवर्तन आपके स्वास्थ्य को प्रभावित करता है, एक समग्र जीवन शैली के साथ जलवायु परिवर्तन को कैसे रोका जाए, सीखें! https://heartgrain.com/climate-change-effects-health/",FAVOR,1,0.9992223,FAVOR,1,0.9859176,FAVOR,1,0.9985544,FAVOR,1,0.9945648,FAVOR,1,0.9945078,0.002948912,0.0029864542,0,0.9945648,0.9945078,3,0.0024862955,0.0025057085,0,3,3/3 Unanimous
438,"मुझे इस बात की परवाह नहीं है कि कुछ लोग जहाँ स्थित हैं वहाँ उन्हें पसंद नहीं करते। इस वीडियो के बाद, मुझे और पवन ऊर्जा संयंत्र चाहिए। सौर खेत भी अच्छे हैं।",NONE,2,0.8782597,FAVOR,1,0.7503394,NONE,2,0.96079767,NONE,2,0.6932729,NONE,2,0.6895992,0.011265499,0.011244101,0,0.29546157,0.29915664,1,0.6932729,0.6895992,2,2,2/3 Majority
439,इस विज्ञान पर एक दशक से विवाद नहीं रहा है.. तो राष्ट्रीय भूगोल ने इस वीडियो को बनाने में १० साल क्यों लगाए?,AGAINST,0,0.85668254,NONE,2,0.5703322,AGAINST,0,0.99372226,AGAINST,0,0.7450607,AGAINST,0,0.74171484,0.7450607,0.74171484,2,0.015654529,0.015863119,0,0.23928475,0.24242195,1,2,2/3 Majority
440,"यह डरावना है कि आगे क्या होगा, यह जानने के लिए कि हमारे भविष्य की क्या स्थिति होगी, २० साल में कितने जानवर विलुप्त हो जाएँगे, कितने घर बाढ़ या सूखे से प्रभावित होंगे, मुझे तो यही लगता है कि मुझे कुछ भी पता नहीं है।",FAVOR,1,0.9975962,FAVOR,1,0.9831892,FAVOR,1,0.8225556,FAVOR,1,0.934447,FAVOR,1,0.93582296,0.0023871881,0.0024153285,0,0.934447,0.93582296,3,0.06316578,0.061761595,0,3,3/3 Unanimous
441,"मांस, दूध, अंडे, मछली = इस ग्रह को नष्ट करने का बड़ा कारण! इस ग्रह को बचाना = शाकाहारी जीवनशैली",FAVOR,1,0.9396422,FAVOR,1,0.98393375,FAVOR,1,0.9967687,FAVOR,1,0.9734482,FAVOR,1,0.97318494,0.0055743833,0.005641528,0,0.9734482,0.97318494,3,0.020977428,0.021173503,0,3,3/3 Unanimous
442,"चाहे जो भी हो, ग्रह बदतर होता जा रहा है। और हमें इसे कम करने के लिए अपनी पूरी कोशिश करनी चाहिए।",FAVOR,1,0.99935466,FAVOR,1,0.9844354,FAVOR,1,0.99877113,FAVOR,1,0.99418706,FAVOR,1,0.9941218,0.0036652843,0.0037130928,0,0.99418706,0.9941218,3,0.0021476669,0.0021650896,0,3,3/3 Unanimous
443,"किसी तरह हम जलवायु परिवर्तन से कुछ और वर्षों तक निपट सकते हैं....लेकिन हर जानवर को तेजी से खतरे में डालने के बारे में क्या, भूमि ठोस हो रही है, शहरी आबादी बढ़ रही है, जल की कमी, अधिक जनसंख्या, किसान की आबादी कम हो रही है, भोजन की कमी है और हर कोई स्मार्ट फोन, सोशल नेटवर्किंग में व्यस्त है, हम चिकन, साँप, पक्षी, गोमांस, मटन, मछली खाते हैं।केकड़ा लेकिन कोई इसे आपराधिक कृत्य नहीं मानता है यदि हम मानव की हत्या करते हैं तो यह एक गंभीर अपराध है।पाठ:इस ग्रह पर अंतिम उत्तरजीविता बहुत कष्ट सहना पड़ता है...हमने इस ग्रह को अपरिवर्तनीय क्षति पहुँचाई है।मुझे लगता है कि यह समय है कि मनुष्य इस किराए के घर से पृथ्वी को खाली कर दे।",FAVOR,1,0.999253,FAVOR,1,0.9819302,FAVOR,1,0.9965192,FAVOR,1,0.9925675,FAVOR,1,0.99250865,0.0018817278,0.0019040277,0,0.9925675,0.99250865,3,0.0055508004,0.0055872807,0,3,3/3 Unanimous
444,"ऊर्जा के उपयोग के बेहतर, अधिक कुशल तरीकों को खोजने के लिए काम करना जारी रखने की आवश्यकता है। कम से कम हम कोयले पर तो बहुत कम निर्भर हैं। मानव निर्मित संलयन रिएक्टरों को बनाए रखने के लिए संभव साबित किया जाए तो बहुत मदद मिलेगी।",FAVOR,1,0.8769806,FAVOR,1,0.9446892,FAVOR,1,0.989944,FAVOR,1,0.9372046,FAVOR,1,0.9365908,0.0024937217,0.0025192748,0,0.9372046,0.9365908,3,0.06030171,0.060889956,0,3,3/3 Unanimous
445,"क्या उन्हें वास्तव में लोगों को जलवायु परिवर्तन के बारे में लगातार समझाना पड़ता है? मुझे विश्वास है कि इसी जानकारी पर अनगिनत बार चर्चा हुई है। मैं जलवायु परिवर्तन और इसी तरह की अन्य समस्याओं में विश्वास करता हूँ, लेकिन हम सभी ने इसे बार-बार सुना है। लेकिन मुझे लगता है कि अभी भी ऐसे लोग हैं जो इसे अभी तक समझ नहीं पाए हैं।",FAVOR,1,0.9966377,FAVOR,1,0.9196958,FAVOR,1,0.9862846,FAVOR,1,0.9675393,FAVOR,1,0.9672635,0.024584731,0.024861617,0,0.9675393,0.9672635,3,0.007875919,0.0078748735,0,3,3/3 Unanimous
446,"अतिक्रृद्धि को खारिज कर दिया गया है, जलवायु परिवर्तन अभी भी वास्तविक है।",FAVOR,1,0.9892502,FAVOR,1,0.83807075,FAVOR,1,0.9193772,FAVOR,1,0.915566,FAVOR,1,0.9154326,0.06787256,0.06819808,0,0.915566,0.9154326,3,0.016561402,0.016369354,0,3,3/3 Unanimous
447,इसमें मनुष्यों को अपना योगदान अवश्य स्वीकार करना चाहिए। मुझे भी धुँध से बहुत बुरा लग रहा है। ðŸ˜¢,FAVOR,1,0.90288043,FAVOR,1,0.9782908,FAVOR,1,0.9942703,FAVOR,1,0.95848054,FAVOR,1,0.95808077,0.0062766983,0.0063319183,0,0.95848054,0.95808077,3,0.035242796,0.035587292,0,3,3/3 Unanimous
448,"ठीक वैसे ही जैसे अमेरिका के पूर्व उपराष्ट्रपति अल गोर ने ""एक अवांछित सत्य"" वृत्तचित्र फिल्म में कहा था।",AGAINST,0,0.9481712,NONE,2,0.71143425,AGAINST,0,0.77924603,AGAINST,0,0.61310834,AGAINST,0,0.6105754,0.61310834,0.6105754,2,0.07007596,0.070795074,0,0.31681576,0.3186295,1,2,2/3 Majority
449,"टिप्पणियों का खंड एक सवारी है। जलवायु परिवर्तन के विरोधियों, सपाट धरती में विश्वास करने वालों और षड्यंत्रकारियों को पागल कहा जाता है, मुझे यह पसंद है।",FAVOR,1,0.9942403,FAVOR,1,0.9652487,FAVOR,1,0.79907197,FAVOR,1,0.9195203,FAVOR,1,0.92099386,0.043967873,0.043233912,0,0.9195203,0.92099386,3,0.036511783,0.035772163,0,3,3/3 Unanimous
450,यह दस्तावेज़ अब से ७५ वर्ष पूर्व का है। इसका मतलब उन व्यक्ति के लिए कुछ भी नहीं है जिसने इन प्रभावों का अनुभव नहीं किया है। जलवायु अराजकता यहाँ है और यह दस्तावेज़ इसमें सहभागी है।,AGAINST,0,0.9972269,AGAINST,0,0.5491237,FAVOR,1,0.9658048,AGAINST,0,0.5160717,AGAINST,0,0.52217734,0.5160717,0.52217734,2,0.364722,0.35735756,1,0.1192063,0.1204651,0,2,2/3 Majority
451,बिजली उत्पादन के जलविद्युत परियोजनाएँ निश्चित रूप से जलवायु परिवर्तन के समाधानों में से एक हैं। लेकिन फिर भी समस्या यह है कि अंतर्राष्ट्रीय नदियों पर पनबिजली संयंत्रों के निर्माण से नीचे की ओर के पड़ोसी देशों में प्राकृतिक जल प्रवाह संकट पैदा हो जाता है। चीन के समान कई पनबिजली संयंत्रों का निर्माण करती है जिससे नीचे की ओर के देशों में सूखा या कम पानी का प्रवाह होता है। इन सभी बिंदुओं को नोट करना है।,FAVOR,1,0.93553007,FAVOR,1,0.9452724,FAVOR,1,0.9779132,FAVOR,1,0.9529052,FAVOR,1,0.9526014,0.0016285172,0.0016447084,0,0.9529052,0.9526014,3,0.045466255,0.04575389,0,3,3/3 Unanimous
452,बी.बी.सी. का एक वृत्तचित्र और लेख है जिसमें कहा गया है कि २०३५ में दुनिया निवास के लिए अयोग्य हो जाएगी।,FAVOR,1,0.88141406,NONE,2,0.96195936,NONE,2,0.9788256,NONE,2,0.68533564,NONE,2,0.68218815,0.005229801,0.005213841,0,0.30943456,0.31259796,1,0.68533564,0.68218815,2,2,2/3 Majority
453,१० साल पहले औसत तापमान आज की तुलना में ०.०६ डिग्री सेल्सियस कम था। मैं अब और बाहर नहीं जा सकता क्योंकि बहुत गर्मी है। हमारे पास सभी उत्सर्जन को रोकने के लिए केवल ८ वर्ष हैं अन्यथा हम सभी गर्मी से मर जाएंगे।,FAVOR,1,0.9897854,FAVOR,1,0.98322797,FAVOR,1,0.97728854,FAVOR,1,0.98343396,FAVOR,1,0.98350626,0.009469248,0.009446289,0,0.98343396,0.98350626,3,0.007096786,0.0070474613,0,3,3/3 Unanimous
454,"मैं ह्यूस्टन में रहता हूँ, और हर बार जब भी बर्फबारी होती है या कोई भी प्रकार का तूफान या तापमान कोई भी हो, बिजली हमेशा बंद हो जाती है, यदि कुछ मिनटों के लिए भी नहीं तो कुछ दिनों के लिए भी। हमारे बुनियादी ढांचे से जलवायु परिवर्तन के मद्देनज़र हमें सुरक्षित नहीं रखा जा सकता है और शायद कभी नहीं रख सकेगा, और पर्याप्त लोगों ने इस वास्तविकता को स्वीकार नहीं किया है।",FAVOR,1,0.9960337,FAVOR,1,0.9786421,FAVOR,1,0.9890814,FAVOR,1,0.9879191,FAVOR,1,0.9878948,0.001986692,0.0020098374,0,0.9879191,0.9878948,3,0.0100942245,0.010095388,0,3,3/3 Unanimous
455,"ब्रोआ के साइडबर्न जंगली हैं...। लेकिन हाँ, स्पष्ट रूप से हम अनुमानित समय से डेढ़ दशक पूर्व हैं। तो अगले ३० वर्ष बहुत मजेदार होने वाले हैं। और यह केवल पर्यावरणीय पक्ष पर है। हँसी हम इस ग्रह के योग्य नहीं हैं।",AGAINST,0,0.7644262,FAVOR,1,0.9817646,FAVOR,1,0.9671241,FAVOR,1,0.71662587,FAVOR,1,0.71397257,0.25757203,0.2603171,1,0.71662587,0.71397257,2,0.025802163,0.025710287,0,2,2/3 Majority
456,"संसार जल सकता है और समुद्र बढ़ सकते हैं, _x०००D_ जहाँ ज्ञान निहित है, मिट्टी में, _x०००D_ यदि हम पृथ्वी के आलिंगन में लौटते हैं, तो _x०००D_ हम जो नुकसान झेल चुके हैं, उसे हम ठीक करते हैं। ‌_x०००D_ प्रकृति की फुसफुसाहट के लिए, नरम और पास, _x०००D_ प्रत्येक पत्र में, एक सत्य इतना स्पष्ट।",NONE,2,0.98775476,NONE,2,0.9638706,FAVOR,1,0.65756595,NONE,2,0.76436645,NONE,2,0.76958466,0.0026113575,0.0026322382,0,0.23302221,0.22778314,1,0.76436645,0.76958466,2,2,2/3 Majority
457,हम पहले ही ५०% पहुँच चुके हैं। २०२५ तक और हमारे पास १.५५ डिग्री हो जाएगा।,FAVOR,1,0.80308783,FAVOR,1,0.97152734,FAVOR,1,0.9587197,FAVOR,1,0.9111116,FAVOR,1,0.9106188,0.0057277437,0.0057921805,0,0.9111116,0.9106188,3,0.083160646,0.08358902,0,3,3/3 Unanimous
458,"वैश्विक तापमान में ३ डिग्री सेल्सियस की वृद्धि मानवता के लिए एक विनाशकारी जागृति का आह्वान होगा। यह परिदृश्य केवल एक दूर की संभावना नहीं है - यह एक वास्तविकता है जिसे हमें टालने का प्रयास करना चाहिए। इस तरह की फिल्मों के माध्यम से शिक्षा, कार्य को प्रेरित करने और परिवर्तन लाने के लिए महत्वपूर्ण है।",FAVOR,1,0.99960035,FAVOR,1,0.9833565,FAVOR,1,0.99864215,FAVOR,1,0.9938664,FAVOR,1,0.9937979,0.0018582382,0.0018821349,0,0.9938664,0.9937979,3,0.00427544,0.004319903,0,3,3/3 Unanimous
459,प्यारी। दुर्भाग्य से एकमात्र चीज जो काम करेगी वह है सभी उत्सर्जन को रोकना और जितना हो सके उतना वायुमंडलीय कार्बन को जमा करना।,AGAINST,0,0.9524518,AGAINST,0,0.8457715,FAVOR,1,0.82014126,AGAINST,0,0.6023918,AGAINST,0,0.60967267,0.6023918,0.60967267,2,0.28641376,0.2798216,1,0.111194424,0.110505715,0,2,2/3 Majority
460,"गलत। २०२५ में पूर्व-औद्योगिक से +२.२६c। २०२६ में केवल कार्बन डाइऑक्साइड के लिए ०.५c जोड़ें। प्लस दर्जनों अपरिवर्तनीय प्रतिक्रियाओं को बढ़ाता है। और, पूरा कर लिया गया था।",FAVOR,1,0.85834366,NONE,2,0.42959836,FAVOR,1,0.7214958,FAVOR,1,0.5923028,FAVOR,1,0.5903269,0.15075077,0.15239415,0,0.5923028,0.5903269,2,0.2569464,0.2572789,1,2,2/3 Majority
461,हम १.५ से पहले ही पहुँच गए हैं जो २०५० तक हम पहुँचने की आशा नहीं कर रहे थे। अब हम संभवतः उसी वर्ष ३ पर पहुँच जाएँगे।,FAVOR,1,0.8759351,FAVOR,1,0.8322831,FAVOR,1,0.8746685,FAVOR,1,0.8609622,FAVOR,1,0.8607677,0.004419055,0.004448097,0,0.8609622,0.8607677,3,0.13461874,0.13478418,0,3,3/3 Unanimous
462,इस पिछले गर्मी में पहली बार हुआ था कि वैश्विक तापमान वृद्धि के कारण मेरे आंगन के सभी पौधे मर गए थे। दक्षिणी यू. में यह ११२ डिग्री का रिकॉर्ड तोड़ था। मुद्रांकित,FAVOR,1,0.9710876,FAVOR,1,0.96655,NONE,2,0.9034944,FAVOR,1,0.67715245,FAVOR,1,0.68436664,0.0060423524,0.006082119,0,0.67715245,0.68436664,2,0.31680515,0.30955124,1,2,2/3 Majority
463,"""तीन डिग्री के वैश्विक तापमान वृद्धि से हमारे ग्रह में भारी परिवर्तन आएगा, जिससे समुद्र के स्तर में वृद्धि, चरम मौसम की घटनाएँ और व्यापक पारिस्थितिकी तंत्र में व्यवधान पैदा होगा। यह उत्सर्जन को कम करने और भावी पीढ़ियों के लिए टिकाऊ जीवन को प्राथमिकता देने के लिए सामूहिक कार्रवाई की तत्काल आवश्यकता का एक ज्वलंत स्मरण है।",FAVOR,1,0.99980944,FAVOR,1,0.98578703,FAVOR,1,0.9988072,FAVOR,1,0.9948012,FAVOR,1,0.9947436,0.0029610032,0.0030011998,0,0.9948012,0.9947436,3,0.002237762,0.0022551324,0,3,3/3 Unanimous
464,यदि हम अमीर व्यक्तियों को जलवायु परिवर्तन के लिए भुगतान करने के लिए मजबूर कर सकें तो सभी समस्याओं का सुंदरता से समाधान हो जाएगा!,FAVOR,1,0.96232235,NONE,2,0.5001275,FAVOR,1,0.39475903,FAVOR,1,0.5118751,FAVOR,1,0.5128764,0.1868667,0.18674044,0,0.5118751,0.5128764,2,0.3012583,0.30038315,1,2,2/3 Majority
465,"विकसित देशों के लोग केवल अपने बुलबुले के भीतर क्या होता है, इस बारे में चिंतित हैं। जब यह उस बुलबुले से टकराएगा, तब तक बहुत देर हो चुकी होगी।",NONE,2,0.7093728,NONE,2,0.95899177,NONE,2,0.70652103,NONE,2,0.79162854,NONE,2,0.792824,0.18483162,0.18339261,0,0.023539856,0.023783408,0,0.79162854,0.792824,3,3,3/3 Unanimous
466,केवल ३ डिग्री? यह वहीं नहीं रुक जाएगा।,AGAINST,0,0.6015711,NONE,2,0.55401707,FAVOR,1,0.9598961,FAVOR,1,0.38367066,FAVOR,1,0.37661755,0.29801884,0.30142108,1,0.38367066,0.37661755,1,0.31831053,0.3219613,1,1,1/3 Weak/Plurality
467,"""सदी के अंत तक""। आप सच में ऐसा कह रहे हैं? २०४० या उससे पहले तक हम ३सी पर होंगे। उठो!",FAVOR,1,0.99537295,AGAINST,0,0.64744645,AGAINST,0,0.6671549,AGAINST,0,0.43857846,AGAINST,0,0.43611968,0.43857846,0.43611968,2,0.41053858,0.41458726,1,0.15088296,0.14929308,0,2,2/3 Majority
468,"यह वीडियो तीन साल पहले बनाया गया था - तीन साल बाद स्थिति और भी खराब हो गई है। कोई भी इसे संभालने की कोशिश करने की कोशिश नहीं करता है क्योंकि यह एक बहुत बड़ा मुद्दा है - आखिरकार, यह शायद ही किसी को वोट दिलाने वाला है जो सभी को अपनी जीवन शैली में भारी बदलाव करने के लिए कहता है। इसे नजरअंदाज कर दिया जाता है - जब तक कि इसे नजरअंदाज करना बहुत बड़ा नहीं हो जाता। प्रकृति माँ अपना मत व्यक्त कर रही है - उसने हल्के-फुल्के उपदेश देना शुरू किया लेकिन इससे कुछ खास नहीं हुआ, इसलिए उसने अब बड़े हथियारों का इस्तेमाल किया है।",FAVOR,1,0.99822277,FAVOR,1,0.84844124,FAVOR,1,0.90356296,FAVOR,1,0.9167423,FAVOR,1,0.9168198,0.0040829103,0.004083246,0,0.9167423,0.9168198,3,0.07917476,0.0790969,0,3,3/3 Unanimous
469,"आपका अनुमानित समुद्र तल वृद्धि बहुत कम है और वर्तमान मॉडलों में यह न्यूनतम है। वर्तमान समुद्र के स्तर में वृद्धि और गर्म समुद्री जल के कारण आर्कटिक और अंटार्कटिक हिमनद जमीन से ऊपर उठ रहे हैं, और एक बार बाधाओं से मुक्त होने के बाद हिमनद बहुत तेजी से महासागरों में प्रवाहित होंगे, एक से अधिक, कई मीटर समुद्र के स्तर में वृद्धि को ध्यान में रखा जाना चाहिए। इसके अलावा, कई प्रतिक्रिया तंत्र जो तापमान वृद्धि को बढ़ाएंगे, वे निश्चित रूप से ३ डिग्री पर प्रेरित होंगे, ताकि तापमान वृद्धि को अब शुद्ध शून्य उत्सर्जन से रोका नहीं जा सके और बहुत आगे बढ़ जाएँ।",FAVOR,1,0.94857657,FAVOR,1,0.72720945,FAVOR,1,0.9746643,FAVOR,1,0.8834834,FAVOR,1,0.882229,0.03598461,0.036472414,0,0.8834834,0.882229,3,0.08053195,0.081298575,0,3,3/3 Unanimous
470,"क्योंकि जलवायु परिवर्तन एक दूर का भविष्य नहीं है, यह यहाँ है, हमारे जीवन, हमारे स्वास्थ्य और हमारे ग्रह को प्रभावित कर रहा है। हमें इसे रोकना ही होगा। अभी!",FAVOR,1,0.9985207,FAVOR,1,0.98397183,FAVOR,1,0.99582493,FAVOR,1,0.9927724,FAVOR,1,0.9927264,0.0050315964,0.0050699566,0,0.9927724,0.9927264,3,0.002195928,0.0022036384,0,3,3/3 Unanimous
471,"इसका केवल ग्रह स्वयं संक्रमण से उबर रहा है, जैसे कि अगर हम आंत में जीवाणु की तरह मनुष्यों को इसी तरह से देखें। जब तक राशि रखी जाती है तब तक हम ठीक हैं और हमारा शरीर समस्या को ठीक करने और ""फ्लश"" करने की आवश्यकता महसूस नहीं करता है। जब तक हम ग्रह पर संतुलन बनाए रखेंगे तब तक ग्रह को हमें बाहर निकालने की आवश्यकता नहीं होगी... मैंने कार्यक्रम के लिए पॉपकॉर्न तैयार कर लिया था, बीस वर्ष पूर्व, जब कोई भी इसे सुनने के लिए तैयार नहीं था, चाहे हम उत्तर में चिल्लाते रहे हों, लेकिन विचित्र बात यह है कि उत्तर में शायद ही किसी के पास इस स्थिति से बचने का अवसर है, इसलिए शायद आपको बीस वर्ष पूर्व सुन लेना चाहिए था, न कि कुछ धन कमाने के लिए हमारे समाज को और अधिक खराब करके उसे और अधिक खराब करने के लिए। अपने लालच और अन्य जरूरतों को पूरा करने के लिए ""४० वर्षों में ४ अरब से ८ अरब"" की तरह प्रजनन करते हुए अधिक धन और कुछ और धन कमाते हैं। धरती माता क्षति की भरपाई करेगी, आशा है कि वह हमें केवल एक ""गुट जीवाणु"" के रूप में देखेंगी जो नियंत्रण से बाहर हो गया था और न कि अपने तंत्र के दुश्मन के रूप में।",NONE,2,0.97088057,NONE,2,0.99353176,NONE,2,0.97884744,NONE,2,0.98108655,NONE,2,0.98112726,0.009280184,0.0091545405,0,0.009633269,0.009718277,0,0.98108655,0.98112726,3,3,3/3 Unanimous
472,"हम सभी इसके लिए उत्तरदायी हैं। टिप्पणियाँ आदि बनाने के लिए हम जिस तकनीक का उपयोग कर रहे हैं, उसके परिणामस्वरूप प्रदूषण और अपव्यय होता है। बेहतर होगा कि आप इसे बंद कर दें।",NONE,2,0.9039552,NONE,2,0.98107404,FAVOR,1,0.9701873,NONE,2,0.6332488,NONE,2,0.640945,0.013255325,0.013225939,0,0.35349587,0.34582904,1,0.6332488,0.640945,2,2,2/3 Majority
473,"नमस्ते, मैं जलवायु शोधकर्ता और वैज्ञानिक हूँ। मैं कहना चाहती हूँ कि ३ डिग्री तापमान वृद्धि से हम बच नहीं पाएँगे। लोग मक्खियों की तरह गिर जाएंगे। यह इतना खतरनाक है। भले ही आप सचमुच फ्रीजर में खुद को फेंक दें, लेकिन इसकी कोई संभावना नहीं है।",FAVOR,1,0.9968778,AGAINST,0,0.69472706,FAVOR,1,0.99398863,FAVOR,1,0.7428942,FAVOR,1,0.7393543,0.2320801,0.23534034,1,0.7428942,0.7393543,2,0.02502572,0.025305303,0,2,2/3 Majority
474,ट्रंप को जलवायु परिवर्तन और छठी महान विलुप्ति के बारे में अपने इनकार को जारी रखने न दें !!!,FAVOR,1,0.99796605,FAVOR,1,0.9792181,FAVOR,1,0.96548045,FAVOR,1,0.9808882,FAVOR,1,0.98106813,0.009012836,0.008928315,0,0.9808882,0.98106813,3,0.010098946,0.010003556,0,3,3/3 Unanimous
475,"ट्रंप की जीत से पहले, हम इस साल १.५ डिग्री सेल्सियस तक पहुँच कर पहले से ही आधे रास्ते पर थे। हम २०५० तक इस दुनिया को देख लेंगे!",FAVOR,1,0.9964689,FAVOR,1,0.96053714,FAVOR,1,0.9957147,FAVOR,1,0.98424023,FAVOR,1,0.98407775,0.0039943988,0.0040391986,0,0.98424023,0.98407775,3,0.011765331,0.011883003,0,3,3/3 Unanimous
476,हम मनुष्य इस दुनिया को इतना गंदा छोड़ गए हैं कि कौन सहमत होगा?,FAVOR,1,0.71527886,FAVOR,1,0.7139886,FAVOR,1,0.9314793,FAVOR,1,0.78691554,FAVOR,1,0.7851263,0.037494052,0.037591845,0,0.78691554,0.7851263,3,0.17559035,0.17728177,0,3,3/3 Unanimous
477,"""विश्व नेता"" आप गंभीर हैं? अमेरिकियों ने एक ऐसे मज़ाकिया व्यक्ति को वोट दिया है जो मानता है कि जलवायु परिवर्तन एक धोखा है। मानवता नष्ट हो गई है।",FAVOR,1,0.9888182,FAVOR,1,0.97458345,FAVOR,1,0.99834836,FAVOR,1,0.98725003,FAVOR,1,0.98710454,0.0063316077,0.006412035,0,0.98725003,0.98710454,3,0.0064183963,0.0064834,0,3,3/3 Unanimous
478,"अपने-आप का ख्याल रखिए, इस दुनिया में इतनी बुरी चीज़ों को बदलने के लिए आप एक महान प्रकाश को खो चुके हैं, एक ऐसे व्यक्ति को खो दिया है जो दूसरों का सम्मान नहीं करता है या जलवायु या पर्यावरण की परवाह नहीं करता है, एक ऐसे व्यक्ति ने अध्यक्षता संभाली है जो स्पेनिश (अब के लिए) में स्पेन में जल्द ही आने वाली एक किताब में एक सच्चाई के बारे में बात कर रहा है जिसे कई लोगों को जानना चाहिए।",NONE,2,0.5662441,FAVOR,1,0.5911885,FAVOR,1,0.9949173,FAVOR,1,0.67313766,FAVOR,1,0.6692469,0.0021014393,0.0021279403,0,0.67313766,0.6692469,2,0.32476088,0.3286251,1,2,2/3 Majority
479,हमें सभी को वैश्विक तापमान वृद्धि के बारे में चिंतित होने की आवश्यकता है। यह निश्चित रूप से घातक है।,FAVOR,1,0.99773777,FAVOR,1,0.9762033,FAVOR,1,0.98224306,FAVOR,1,0.9853947,FAVOR,1,0.98542136,0.010554613,0.010543931,0,0.9853947,0.98542136,3,0.0040506897,0.0040346766,0,3,3/3 Unanimous
480,"९० और २००० के दशक की शुरुआत में, हमारे पास कभी भी वातानुकूलन नहीं था और हम दोपहर में बरामदे में सो सकते थे। अब, हम सुबह ९ बजे तक बरामदे में शायद ही कभी विश्राम कर पाते हैं।",NONE,2,0.9973085,NONE,2,0.9879864,NONE,2,0.57047635,NONE,2,0.8519237,NONE,2,0.8554003,0.004179371,0.0041270396,0,0.1438969,0.14047262,0,0.8519237,0.8554003,3,3,3/3 Unanimous
481,यह हमारे समय का कारण है। जलवायु से अधिक महत्वपूर्ण कुछ नहीं है,FAVOR,1,0.88592184,FAVOR,1,0.9650226,AGAINST,0,0.62563425,FAVOR,1,0.63928634,FAVOR,1,0.64641255,0.24189265,0.23710635,1,0.63928634,0.64641255,2,0.11882105,0.116481066,0,2,2/3 Majority
482,१००० ईसा पूर्व में विश्व की जनसंख्या केवल ५ करोड़ थी और आज यह ७.९५१ अरब है। आज उन सभी अतिरिक्त ऑक्सीजन सांस लेने वालों को CO२ को बाहर निकालना। आशा करती हूँ कि आप समझ जाएँगे कि मैं इस विषय में कहाँ जा रही हूँ। केवल गाड़ियों और हीटिंग प्लांट के बिना इसका मतलब है कि हम एक बहुत ही अंधकारमय भविष्य का सामना करेंगे। केवल एक विशाल क्षुद्रग्रह ग्रह से टकराकर ही पृथ्वी को शुक्र की तरह बनने से बचा सकता है अगली हिम युग के होने से पहले।,AGAINST,0,0.41216823,NONE,2,0.6820239,FAVOR,1,0.9605988,FAVOR,1,0.5200915,FAVOR,1,0.5146521,0.141165,0.1426532,1,0.5200915,0.5146521,1,0.33874348,0.34269467,1,1,1/3 Weak/Plurality
483,आप उसे डराते हैं कि २०२४ में पानी नीचे आ जाएगा।,NONE,2,0.78083885,AGAINST,0,0.79104185,AGAINST,0,0.5031651,NONE,2,0.4877907,NONE,2,0.48750654,0.48404947,0.4841745,2,0.028159836,0.02831899,0,0.4877907,0.48750654,1,2,2/3 Majority
484,मैं मरने से पहले इसे देख लूँगा। मैं २००० में पैदा हुआ था। अच्छा। कैलिफोर्निया में पली-बढ़ी अपनी सारी प्राकृतिक सुंदरता खोना शर्म की बात होगी। मेरे पोते-पोतियों को इसके बारे में बताना मुझे दुख देगा।,FAVOR,1,0.9746149,FAVOR,1,0.97901523,NONE,2,0.5943814,FAVOR,1,0.7537715,FAVOR,1,0.75929266,0.03653991,0.03578144,0,0.7537715,0.75929266,2,0.20968866,0.20492584,1,2,2/3 Majority
485,"अगर इंसानों ने एक बात साबित कर दी है। . .ऐसा इसलिए है क्योंकि हम एक समाज के रूप में किसी भी प्रमुख मुद्दे को तब तक हल करने का प्रयास नहीं करते जब तक कि यह हमें व्यक्तिगत रूप से प्रभावित नहीं करता। . .जलवायु परिवर्तन के साथ समस्या यह है कि अगर यह अंततः पश्चिम में उस बिंदु तक पहुँच जाता है। . . बहुत देर हो चुकी है। मैं पश्चिम में हूँ, अपने एयर कंडीशन वाले घर में, स्वच्छ बोतलबंद पानी पीते हुए और आरामदायक महसूस कर रहा हूँ, भले ही बाहर ९५ डिग्री फ़ारेनहाइट हो। जब तक मुझे अत्यधिक असुविधा महसूस होगी, तब तक यह खाद्य की कमी और विद्युत ग्रिड की विफलता के कारण होगा। समस्या यह है कि मैं अपने विशेषाधिकार के बारे में जानती हूँ, ऐसी बहुत कम लोगों में से एक हूँ जो इसे समझती हैं।",FAVOR,1,0.9937151,FAVOR,1,0.8031576,FAVOR,1,0.64387995,FAVOR,1,0.81358427,FAVOR,1,0.8155749,0.0077967024,0.0077251233,0,0.81358427,0.8155749,3,0.17861907,0.17669995,0,3,3/3 Unanimous
486,मुझे लगता है कि हम ३ डिग्री की ओर बढ़ रहे हैं।,NONE,2,0.7335198,FAVOR,1,0.9165198,NONE,2,0.71865207,NONE,2,0.5071767,NONE,2,0.50418115,0.019620951,0.019792477,0,0.47320238,0.47602633,1,0.5071767,0.50418115,2,2,2/3 Majority
487,"२०२३ के गर्मियों में हमने १.५ डिग्री से अधिक तापमान देखा, इसलिए १.५ डिग्री से अधिक तापमान होना ही वास्तव में ऐसा दिखता है।",FAVOR,1,0.93066835,NONE,2,0.9578472,FAVOR,1,0.5710425,FAVOR,1,0.5131513,FAVOR,1,0.5119252,0.013097282,0.012861377,0,0.5131513,0.5119252,2,0.47375143,0.47521338,1,2,2/3 Majority
488,"हम पहले से ही जलवायु परिवर्तन का गंभीर परिणाम भुगत रहे हैं, यहाँ और अब। मुझे ज्ञात नहीं है कि यह किसी के लिए भी इतना स्पष्ट क्यों है। जलवायु परिवर्तन से पीड़ित होने के लिए मुझे अतिरिक्त १.५ डिग्री तापमान वृद्धि की आवश्यकता नहीं है। परिवर्तन कल आरंभ हुआ।",FAVOR,1,0.999741,FAVOR,1,0.986227,FAVOR,1,0.9974408,FAVOR,1,0.99446964,FAVOR,1,0.99442506,0.0026332233,0.0026633597,0,0.99446964,0.99442506,3,0.0028971408,0.0029114787,0,3,3/3 Unanimous
489,"इस वीडियो को देखने से पहले, मुझे नहीं लगता था कि यह समस्या इतनी बड़ी है। मुझे ज्ञात था कि यह अस्तित्व में है। लेकिन अब मुझे समझ आ रहा है कि यह हमारे वास्तविकता में कितना भयानक है। कई लोगों ने पहले ही अपना घर खो दिया है और उन्हें एक नया घर ढूँढ़ना होगा। मैं यह कल्पना नहीं करना चाहता कि तीन डिग्री ग्लोबल वार्मिंग के भयानक परिणाम क्या होंगे। यह आवश्यक है कि सभी को इसके बारे में यथाशीघ्र सूचित किया जाए। जितना अधिक लोग इस समस्या के बारे में जानेंगे, उतनी ही जल्दी वे हमारे ग्रह और हमारे जीवन को बचाने के लिए उचित तरीके से कार्य करेंगे। मैं विश्वास करना चाहता हूँ कि वे ऐसा करेंगे.... विश्व के नेता इस प्रश्न पर गहराई से चर्चा क्यों नहीं करते? हमें उत्सर्जन कम करना होगा और भविष्य के बारे में सोचना होगा। इस तरह की गंभीर समस्याओं को कवर करने के लिए धन्यवाद। महत्वपूर्ण",FAVOR,1,0.9997812,FAVOR,1,0.9856391,FAVOR,1,0.9979837,FAVOR,1,0.994468,FAVOR,1,0.9944164,0.0022894796,0.0023178055,0,0.994468,0.9944164,3,0.0032425516,0.0032657953,0,3,3/3 Unanimous
490,"जल युद्ध सूखा, अकाल, युद्ध और फिर मृत्यु। हम प्लेग हैं। हम ही समस्या हैं, हम स्वयं को इस स्थिति में ला रहे हैं।",FAVOR,1,0.99908507,FAVOR,1,0.98318577,FAVOR,1,0.99437356,FAVOR,1,0.99221486,FAVOR,1,0.992179,0.0029043807,0.0029424364,0,0.99221486,0.992179,3,0.0048808306,0.00487856,0,3,3/3 Unanimous
491,"मुझे यह ७० के दशक में आने वाला लगा। सभी प्रदूषण, जलवायु परिवर्तन, प्रजाति विलुप्तता, बीमारी, पीड़ा का वास्तविक मूल। लोगों तक पहुँचता है। लोग अधिक से अधिक बच्चे पैदा कर रहे हैं, जो अधिक खपत के बराबर है। हम यह अपने लिए कर रहे हैं और अगर लोग इसे लोगों के अलावा कुछ और समझते हैं। आपकी समस्या का एकमात्र हिस्सा है, हम सभी समस्या का हिस्सा हैं।",FAVOR,1,0.99945,FAVOR,1,0.9847857,FAVOR,1,0.9981799,FAVOR,1,0.99413854,FAVOR,1,0.9940801,0.0023356206,0.0023636743,0,0.99413854,0.9940801,3,0.00352587,0.003556187,0,3,3/3 Unanimous
492,जीवाश्म आधिपत्य अभी भी अधिक टिकाऊ भविष्य की दिशा में प्रगति को रोक रहा है।‌_x०००D_ ‌_x०००D_ हम इन सत्ता संरचनाओं को हमारे ग्रह पर कब तक हावी होने देंगे? ðŸŒ,FAVOR,1,0.99825007,FAVOR,1,0.9812149,NONE,2,0.71978575,FAVOR,1,0.7498273,FAVOR,1,0.7557536,0.006286895,0.0062430874,0,0.7498273,0.7557536,2,0.2438858,0.23800333,1,2,2/3 Majority
493,अगर और गर्मी होगी तो हम पका दिए जाएँगे,NONE,2,0.9978405,NONE,2,0.91435516,NONE,2,0.9579071,NONE,2,0.956701,NONE,2,0.95663834,0.013790835,0.013966495,0,0.029508175,0.029395103,0,0.956701,0.95663834,3,3,3/3 Unanimous
494,"मानवता के विकल्प समाप्त हो रहे हैं---और हमें ""ब्रेक लगाने"" में चीन की बहादुर पहल का अनुसरण करना चाहिए और निश्चित रूप से उस घोटाले कलाकार की ""बुद्धिमान"" का अनुसरण नहीं करना चाहिए जिसने जलवायु परिवर्तन को एक ""धोखा"" कहा था?. वह जो धमकी देता है वह वास्तविक है, और एक छल नहीं है, क्योंकि स्वतंत्रता और लोकतांत्रिक अधिकारों पर उनके अपने प्रजनन स्वास्थ्य और ""परिवार नियोजन"" पर प्रतिबंध लगा दिया गया था क्योंकि वह अपने स्वयं के चरमपंथी वफादारों से भरे सर्वोच्च न्यायालय द्वारा रोई बनाम, वेड को समाप्त करने के बारे में घमंड करता था। कृपया याद रखें कि जब आप वोट देते हैं, तो अब महिलाओं को गर्भपात को अपराध बनाकर डोनाल्ड ने जो कुछ भी छीन लिया था, उसे बहाल करने का मौका मिलता है! (वह असली आरोपी और न्यायाधीश है पशु {भजन ४९}-- ६ जनवरी, २०२१ को हमने देखे गए जानवरों का नेता है) आमीन। (पढ़ें लेख ऑल-अमेरिकन विगिलांत्स, एडम होचशिल्ड (न्यूयॉर्क रिव्यू ऑफ बुक्स, २२ जुलाई, २०२१ द्वारा) द्वारा।",NONE,2,0.8561001,NONE,2,0.56193143,AGAINST,0,0.74557596,NONE,2,0.54332674,NONE,2,0.54725844,0.38197413,0.37769502,1,0.074699104,0.07504655,0,0.54332674,0.54725844,2,2,2/3 Majority
495,"यूनाइटेड किंगडम में २०२४ में हमें इसका अनुभव होगा। हमारे पास रिकॉर्ड पर सबसे गर्म और सर्वाधिक आर्द्र सर्दी रही है, सरकार की जीवाश्म ईंधन के प्रति लत इसे और बदतर बना देगी।",FAVOR,1,0.99913424,FAVOR,1,0.98531115,FAVOR,1,0.99813384,FAVOR,1,0.9941931,FAVOR,1,0.9941364,0.0028164424,0.0028529682,0,0.9941931,0.9941364,3,0.0029905196,0.0030106395,0,3,3/3 Unanimous
496,भारत में साल दर साल गर्मी बढ़ती जा रही है। यह भारत के लिए चिंताजनक होगा। इससे कृषि और खाद्य उत्पादन पर भी प्रभाव पड़ सकता है। गर्मी से जल संसाधन भी समाप्त हो सकते हैं। और अमीर लोग पंखे और वातानुकूलन की ओर मुड़ सकते हैं जो अधिक बिजली की खपत करता है। तो यह एक बड़ी समस्या है,FAVOR,1,0.99891067,FAVOR,1,0.9840509,FAVOR,1,0.9982791,FAVOR,1,0.99374694,FAVOR,1,0.99368227,0.0022938922,0.0023234582,0,0.99374694,0.99368227,3,0.0039592064,0.0039941953,0,3,3/3 Unanimous
497,आपको एक नया वीडियो बनाना चाहिए क्योंकि २०३० से पहले एक बहुत ही कम समय में एक नए डूम्सडे ग्लेशियर के कारण समुद्र का स्तर १० फुट बढ़ जाएगा। इसके अलावा आप यह भी नहीं सोच रहे हैं कि जंगल की आग और युद्ध कितनी तेजी से स्थायी हिमपात को गर्म कर सकते हैं। यही अभी हो रहा है। ग्लोबल वार्मिंग तेज़ी पकड़ रही है। यह निरंतर दर से नहीं बढ़ रहा है।,FAVOR,1,0.9911549,FAVOR,1,0.9839436,FAVOR,1,0.99723476,FAVOR,1,0.99077773,FAVOR,1,0.9906937,0.0047987825,0.004842413,0,0.99077773,0.9906937,3,0.0044234153,0.0044637844,0,3,3/3 Unanimous
498,"पृथ्वी वही करेगी जो मनुष्य करने से इनकार करते हैं। आखिरकार पृथ्वी पर एक संतुलन होना चाहिए, इसलिए मनुष्य पीड़ित होंगे और जीवित नहीं रहेंगे, और पृथ्वी संतुलन में आएगी और आराम करेगी क्योंकि वह मानव जाति के कहर से उबर रही है। ऐसा होने की आवश्यकता नहीं थी, लेकिन मनुष्य अपनी सबसे खराब प्रवृत्तियों को नियंत्रित नहीं कर सकते हैं।",AGAINST,0,0.6210421,FAVOR,1,0.95131475,FAVOR,1,0.6338086,FAVOR,1,0.59856707,FAVOR,1,0.598554,0.23804677,0.2398733,1,0.59856707,0.598554,2,0.16338615,0.1615726,0,2,2/3 Majority
499,"अद्यतनः c३s ने ""रिकॉर्ड पर सबसे गर्म मई जलवायु कार्रवाई के लिए आह्वान को बढ़ावा देता है"" प्रकाशित किया है, जिसमें यह डेटा शामिल हैः पिछले ३.५ वर्षों में दुनिया भर में ०.२१४ डिग्री सेल्सियस वार्षिक तापमान वृद्धि।१९९१-२०२० के आधार रेखा की तुलना में। तो, यदि यह उसी दर पर जारी रहता है, तो हम २ डिग्री सेल्सियस २०२७ तक और ३ डिग्री सेल्सियस २०३२ तक देख सकते हैं। यदि आप भयभीत नहीं हैं, तो आप कोमा में हैं और आपको जलने के बारे में चिंता करने की आवश्यकता है।",FAVOR,1,0.9896382,FAVOR,1,0.8469533,FAVOR,1,0.8179676,FAVOR,1,0.88485307,FAVOR,1,0.885599,0.0021226897,0.0021442021,0,0.88485307,0.885599,3,0.11302427,0.11225675,0,3,3/3 Unanimous
500,"गर्मी तो पहले से ही बहुत अधिक है, बहुत देर हो चुकी है।",FAVOR,1,0.83822143,FAVOR,1,0.81547564,AGAINST,0,0.9404441,FAVOR,1,0.55483943,FAVOR,1,0.56155676,0.3793117,0.37245095,1,0.55483943,0.56155676,2,0.06584889,0.0659923,0,2,2/3 Majority
